, ,2030,2030,2030,2030,2030,2030
,Total          System Cost,Generation Investment Cost,Network    Investment Cost,Generation  Operation Cost,Consumption Operation Cost,Emission              Cost,Reliability           Cost
LoadLevel,,,,,,,
01-01 00:00:00+01:00,0.044199895004619835,0.0,0.0,0.03318579999999999,0.0,0.011014095004619846,0.0
01-01 01:00:00+01:00,0.04134233166842626,0.0,0.0,0.031014726044650012,0.0,0.010327605623776251,0.0
01-01 02:00:00+01:00,0.03665120918929342,0.0,0.0,0.027606416599515002,0.0,0.009044792589778416,0.0
01-01 03:00:00+01:00,0.0323729530503338,0.0,0.0,0.024509487808420008,0.0,0.007863465241913798,0.0
01-01 04:00:00+01:00,0.029095303772487088,0.0,0.0,0.022135454290585006,0.0,0.006959849481902081,0.0
01-01 05:00:00+01:00,0.02756565869150184,0.0,0.0,0.021042033457130013,0.0,0.006523625234371828,0.0
01-01 06:00:00+01:00,0.02758838247752163,0.0,0.0,0.021079117294880004,0.0,0.006509265182641628,0.0
01-01 07:00:00+01:00,0.028774114343134538,0.0,0.0,0.02195254042678501,0.0,0.0068215739163495276,0.0
01-01 08:00:00+01:00,0.012424424945447201,0.0,0.0,0.010053924426765008,0.0,0.002370500518682194,0.0
01-01 09:00:00+01:00,0.0022357376255750004,0.0,0.0,0.0022357376255750004,0.0,0.0,0.0
01-01 10:00:00+01:00,0.001413083797655,0.0,0.0,0.001413083797655,0.0,0.0,0.0
01-01 11:00:00+01:00,0.0009451569397745,0.0,0.0,0.0009451569397745,0.0,0.0,0.0
01-01 12:00:00+01:00,0.0009493144623334998,0.0,0.0,0.0009493144623334998,0.0,0.0,0.0
01-01 13:00:00+01:00,0.001725326955655001,0.0,0.0,0.001725326955655001,0.0,0.0,0.0
01-01 14:00:00+01:00,0.003235870874425,0.0,0.0,0.003235870874425,0.0,0.0,0.0
01-01 15:00:00+01:00,0.0057374172331902075,0.0,0.0,0.0055065304568050035,0.0,0.0002308867763852036,0.0
01-01 16:00:00+01:00,0.023949033281682686,0.0,0.0,0.018654041674165,0.0,0.005294991607517685,0.0
01-01 17:00:00+01:00,0.03815030264051378,0.0,0.0,0.028833153725740013,0.0,0.009317148914773766,0.0
01-01 18:00:00+01:00,0.048513519338499234,0.0,0.0,0.036351326255694996,0.0,0.012162193082804237,0.0
01-01 19:00:00+01:00,0.05547190918396006,0.0,0.0,0.04148151227381916,0.0,0.013990396910140904,0.0
01-01 20:00:00+01:00,0.05901058088475654,0.0,0.0,0.044058557615918204,0.0,0.014952023268838337,0.0
01-01 21:00:00+01:00,0.061512697942536505,0.0,0.0,0.04589099255893079,0.0,0.015621705383605716,0.0
01-01 22:00:00+01:00,0.06078653809771915,0.0,0.0,0.04538000680277439,0.0,0.01540653129494476,0.0
01-01 23:00:00+01:00,0.05416473428007021,0.0,0.0,0.0405018636984636,0.0,0.013662870581606614,0.0
01-02 00:00:00+01:00,0.046498668902076316,0.0,0.0,0.03488753602921,0.0,0.011611132872866319,0.0
01-02 01:00:00+01:00,0.038844989473327436,0.0,0.0,0.029273640985885016,0.0,0.009571348487442418,0.0
01-02 02:00:00+01:00,0.03391917749110461,0.0,0.0,0.025652343829199998,0.0,0.008266833661904614,0.0
01-02 03:00:00+01:00,0.030347657208064257,0.0,0.0,0.022994108599025013,0.0,0.007353548609039243,0.0
01-02 04:00:00+01:00,0.027654771284257973,0.0,0.0,0.02099722392528001,0.0,0.006657547358977961,0.0
01-02 05:00:00+01:00,0.02743288197527212,0.0,0.0,0.020789876445480006,0.0,0.0066430055297921125,0.0
01-02 06:00:00+01:00,0.03132777832540556,0.0,0.0,0.023605562391929995,0.0,0.0077222159334755635,0.0
01-02 07:00:00+01:00,0.037092908058804004,0.0,0.0,0.02778258623334502,0.0,0.009310321825458984,0.0
01-02 08:00:00+01:00,0.02330446532450042,0.0,0.0,0.017627273060575006,0.0,0.005677192263925413,0.0
01-02 09:00:00+01:00,0.00938541246357927,0.0,0.0,0.006333029237364992,0.0,0.0013692892262141703,0.0016830940000001071
01-02 10:00:00+01:00,0.1778895822697454,0.0,0.0,0.001528126269745,0.0,0.0,0.17636145600000042
01-02 11:00:00+01:00,0.13598482144953464,0.0,0.0,0.0014642794495339996,0.0,0.0,0.13452054200000063
01-02 12:00:00+01:00,0.037532695075824005,0.0,0.0,0.0014086170758235,0.0,0.0,0.036124078000000504
01-02 13:00:00+01:00,0.04029251971212721,0.0,0.0,0.001432275712127,0.0,0.0,0.03886024400000021
01-02 14:00:00+01:00,0.001453565853287,0.0,0.0,0.001453565853287,0.0,0.0,0.0
01-02 15:00:00+01:00,0.0020176031999500008,0.0,0.0,0.0020176031999500008,0.0,0.0,0.0
01-02 16:00:00+01:00,0.016516891195026872,0.0,0.0,0.012636532943930006,0.0,0.003880358251096867,0.0
01-02 17:00:00+01:00,0.032396102951213535,0.0,0.0,0.024126850882029118,0.0,0.008269252069184413,0.0
01-02 18:00:00+01:00,0.2305211155908026,0.0,0.0,0.029566040570363716,0.0,0.010174176020438502,0.1907808990000004
01-02 19:00:00+01:00,0.35123853488277545,0.0,0.0,0.031800678190275815,0.0,0.010944645692499717,0.30849321099999993
01-02 20:00:00+01:00,0.3803260785134604,0.0,0.0,0.03269694662164565,0.0,0.011188689891814747,0.336440442
01-02 21:00:00+01:00,0.38199709261325826,0.0,0.0,0.03253866223953138,0.0,0.011021794373726714,0.3384366360000002
01-02 22:00:00+01:00,0.23762074181549417,0.0,0.0,0.030062209030414976,0.0,0.010035523785078987,0.1975230090000002
01-02 23:00:00+01:00,0.03445744510070247,0.0,0.0,0.025932910579572754,0.0,0.008524534521129716,0.0
01-03 00:00:00+01:00,0.027650342750312508,0.0,0.0,0.02091774893105172,0.0,0.006732593819260786,0.0
01-03 01:00:00+01:00,0.02085012252243138,0.0,0.0,0.015918100057075005,0.0,0.004932022465356378,0.0
01-03 02:00:00+01:00,0.01643979135008268,0.0,0.0,0.012664560344570008,0.0,0.0037752310055126723,0.0
01-03 03:00:00+01:00,0.015642007105103713,0.0,0.0,0.012088533623555001,0.0,0.003553473481548713,0.0
01-03 04:00:00+01:00,0.01603398411428605,0.0,0.0,0.012434994007190003,0.0,0.003598990107096047,0.0
01-03 05:00:00+01:00,0.016332392089336685,0.0,0.0,0.012684428942275006,0.0,0.003647963147061681,0.0
01-03 06:00:00+01:00,0.01827803770185367,0.0,0.0,0.014132993275065009,0.0,0.004145044426788661,0.0
01-03 07:00:00+01:00,0.0222551973563734,0.0,0.0,0.017083915664230006,0.0,0.0051712816921433945,0.0
01-03 08:00:00+01:00,0.003952690301056926,0.0,0.0,0.003877491039055007,0.0,7.519926200191895e-05,0.0
01-03 09:00:00+01:00,0.0020764661684950013,0.0,0.0,0.0020764661684950013,0.0,0.0,0.0
01-03 10:00:00+01:00,0.0020216919175450004,0.0,0.0,0.0020216919175450004,0.0,0.0,0.0
01-03 11:00:00+01:00,0.0013592811214340004,0.0,0.0,0.0013592811214340004,0.0,0.0,0.0
01-03 12:00:00+01:00,0.0012927754736150002,0.0,0.0,0.0012927754736150002,0.0,0.0,0.0
01-03 13:00:00+01:00,0.0013037317794475005,0.0,0.0,0.0013037317794475005,0.0,0.0,0.0
01-03 14:00:00+01:00,0.0022690501457400024,0.0,0.0,0.0022690501457400024,0.0,0.0,0.0
01-03 15:00:00+01:00,0.004604888128835001,0.0,0.0,0.004604888128835001,0.0,0.0,0.0
01-03 16:00:00+01:00,0.023345753161820398,0.0,0.0,0.01821993348937001,0.0,0.005125819672450387,0.0
01-03 17:00:00+01:00,0.03695173602606834,0.0,0.0,0.02806596035594226,0.0,0.008885775670126078,0.0
01-03 18:00:00+01:00,0.04662302418569583,0.0,0.0,0.035213235665998224,0.0,0.011409788519697608,0.0
01-03 19:00:00+01:00,0.20209698751688437,0.0,0.0,0.03742054060961596,0.0,0.012262155907268025,0.15241429100000037
01-03 20:00:00+01:00,0.2692178222327039,0.0,0.0,0.03896007207610432,0.0,0.01288965815659978,0.21736809199999985
01-03 21:00:00+01:00,0.2917535544566727,0.0,0.0,0.03922275605833253,0.0,0.013075510398340139,0.23945528800000004
01-03 22:00:00+01:00,0.16386339125593066,0.0,0.0,0.037002162786171,0.0,0.012370700469759422,0.11449052800000026
01-03 23:00:00+01:00,0.04455832151514432,0.0,0.0,0.03344966371476299,0.0,0.011108657800381332,0.0
01-04 00:00:00+01:00,0.037354168241591545,0.0,0.0,0.028170607938098006,0.0,0.009183560303493541,0.0
01-04 01:00:00+01:00,0.029333542901604073,0.0,0.0,0.022304519377565012,0.0,0.007029023524039063,0.0
01-04 02:00:00+01:00,0.023374318121007986,0.0,0.0,0.017966899376605013,0.0,0.005407418744402975,0.0
01-04 03:00:00+01:00,0.021505820555057235,0.0,0.0,0.01663989410677001,0.0,0.0048659264482872255,0.0
01-04 04:00:00+01:00,0.02213488687809994,0.0,0.0,0.017101545135245005,0.0,0.005033341742854933,0.0
01-04 05:00:00+01:00,0.024625580449127285,0.0,0.0,0.01887624660852999,0.0,0.0057493338405972955,0.0
01-04 06:00:00+01:00,0.027339569389536453,0.0,0.0,0.020827578446124997,0.0,0.006511990943411455,0.0
01-04 07:00:00+01:00,0.029374707089466257,0.0,0.0,0.02231009627711001,0.0,0.007064610812356247,0.0
01-04 08:00:00+01:00,0.01322377256501315,0.0,0.0,0.01059419349424,0.0,0.0026295790707731516,0.0
01-04 09:00:00+01:00,0.0028529494048450013,0.0,0.0,0.0028529494048450013,0.0,0.0,0.0
01-04 10:00:00+01:00,0.0019506551228999998,0.0,0.0,0.0019506551228999998,0.0,0.0,0.0
01-04 11:00:00+01:00,0.001208034853605001,0.0,0.0,0.001208034853605001,0.0,0.0,0.0
01-04 12:00:00+01:00,0.001150561325284,0.0,0.0,0.001150561325284,0.0,0.0,0.0
01-04 13:00:00+01:00,0.0013713710011100011,0.0,0.0,0.0013713710011100011,0.0,0.0,0.0
01-04 14:00:00+01:00,0.0027254911368050022,0.0,0.0,0.0027254911368050022,0.0,0.0,0.0
01-04 15:00:00+01:00,0.004573920917615002,0.0,0.0,0.004573920917615002,0.0,0.0,0.0
01-04 16:00:00+01:00,0.020637999021816043,0.0,0.0,0.016334501350835008,0.0,0.0043034976709810345,0.0
01-04 17:00:00+01:00,0.036040972896437484,0.0,0.0,0.027531170950625,0.0,0.008509801945812483,0.0
01-04 18:00:00+01:00,0.04789131386945426,0.0,0.0,0.03621200251476747,0.0,0.011679311354686788,0.0
01-04 19:00:00+01:00,0.05649190591871283,0.0,0.0,0.04250734629140494,0.0,0.013984559627307888,0.0
01-04 20:00:00+01:00,0.1588043795990935,0.0,0.0,0.0461109294856386,0.0,0.015331262113454591,0.0973621880000003
01-04 21:00:00+01:00,0.21109261179215327,0.0,0.0,0.047726085790941286,0.0,0.015886023001212182,0.14748050299999982
01-04 22:00:00+01:00,0.12746511638945335,0.0,0.0,0.046526148378906576,0.0,0.015483388010546138,0.06545558000000062
01-04 23:00:00+01:00,0.05675377746169221,0.0,0.0,0.04256710189586333,0.0,0.014186675565828881,0.0
01-05 00:00:00+01:00,0.0481042321653448,0.0,0.0,0.03611902231288867,0.0,0.011985209852456128,0.0
01-05 01:00:00+01:00,0.04107956142006696,0.0,0.0,0.030942666988240004,0.0,0.010136894431826958,0.0
01-05 02:00:00+01:00,0.03654488712122821,0.0,0.0,0.027616550871075007,0.0,0.008928336250153206,0.0
01-05 03:00:00+01:00,0.03480187896817652,0.0,0.0,0.02635630982882,0.0,0.008445569139356521,0.0
01-05 04:00:00+01:00,0.03481803292839041,0.0,0.0,0.026384979452050015,0.0,0.008433053476340397,0.0
01-05 05:00:00+01:00,0.03686146128108299,0.0,0.0,0.027895876212360005,0.0,0.00896558506872298,0.0
01-05 06:00:00+01:00,0.04213685523374738,0.0,0.0,0.03179022153391001,0.0,0.010346633699837375,0.0
01-05 07:00:00+01:00,0.050350121590004265,0.0,0.0,0.03786596127690001,0.0,0.012484160313104255,0.0
01-05 08:00:00+01:00,0.03510609517195182,0.0,0.0,0.02679282820729501,0.0,0.008313266964656809,0.0
01-05 09:00:00+01:00,0.0910190776125511,0.0,0.0,0.017988463701700007,0.0,0.004943549910850772,0.06808706400000031
01-05 10:00:00+01:00,0.24560982676209994,0.0,0.0,0.012409968480505016,0.0,0.0026921762815947667,0.23050768200000016
01-05 11:00:00+01:00,0.19079460955364247,0.0,0.0,0.007559757908874986,0.0,0.0007894066447673453,0.18244544500000015
01-05 12:00:00+01:00,0.07378549133801508,0.0,0.0,0.005220200338015003,0.0,0.0,0.06856529100000008
01-05 13:00:00+01:00,0.04304854006052236,0.0,0.0,0.005817162032800004,0.0,0.0001652020277221852,0.03706617600000017
01-05 14:00:00+01:00,0.010246016082384438,0.0,0.0,0.008893835708105011,0.0,0.0013521803742794264,0.0
01-05 15:00:00+01:00,0.0180596039537071,0.0,0.0,0.014537229494219994,0.0,0.0035223744594871046,0.0
01-05 16:00:00+01:00,0.035908899986587584,0.0,0.0,0.027465938113399996,0.0,0.008442961873187584,0.0
01-05 17:00:00+01:00,0.05146712054251886,0.0,0.0,0.03878335162125061,0.0,0.012683768921268254,0.0
01-05 18:00:00+01:00,0.0597668159850015,0.0,0.0,0.04351076984648052,0.0,0.014482585138520666,0.0017734610000003093
01-05 19:00:00+01:00,0.11794199412611163,0.0,0.0,0.045166855899051235,0.0,0.015172379227060401,0.057602759
01-05 20:00:00+01:00,0.12465366915626325,0.0,0.0,0.04640769406657445,0.0,0.015691535089688256,0.06255444000000054
01-05 21:00:00+01:00,0.1644312075178918,0.0,0.0,0.048477653620903095,0.0,0.016463213896988495,0.09949034000000023
01-05 22:00:00+01:00,0.06402891446286435,0.0,0.0,0.04778706424364108,0.0,0.01624185021922327,0.0
01-05 23:00:00+01:00,0.05974683742586016,0.0,0.0,0.044598834821413476,0.0,0.015148002604446683,0.0
01-06 00:00:00+01:00,0.0532933561893707,0.0,0.0,0.03984222080914731,0.0,0.013451135380223389,0.0
01-06 01:00:00+01:00,0.044563370883832915,0.0,0.0,0.03334108889301999,0.0,0.011222281990812929,0.0
01-06 02:00:00+01:00,0.03707953523990943,0.0,0.0,0.027744760700530002,0.0,0.009334774539379429,0.0
01-06 03:00:00+01:00,0.03183411864560659,0.0,0.0,0.023870636944395014,0.0,0.007963481701211578,0.0
01-06 04:00:00+01:00,0.029731008547471648,0.0,0.0,0.022371903857415013,0.0,0.007359104690056635,0.0
01-06 05:00:00+01:00,0.029708143300791464,0.0,0.0,0.02236047745553001,0.0,0.007347665845261455,0.0
01-06 06:00:00+01:00,0.031426640858667955,0.0,0.0,0.02362008877319001,0.0,0.007806552085477948,0.0
01-06 07:00:00+01:00,0.03375050061106561,0.0,0.0,0.02530561396784001,0.0,0.008444886643225602,0.0
01-06 08:00:00+01:00,0.011163935128977912,0.0,0.0,0.008858172223545001,0.0,0.0023057629054329108,0.0
01-06 09:00:00+01:00,0.002005467000305002,0.0,0.0,0.002005467000305002,0.0,0.0,0.0
01-06 10:00:00+01:00,0.0018090726776449993,0.0,0.0,0.0018090726776449993,0.0,0.0,0.0
01-06 11:00:00+01:00,0.0013871957824449991,0.0,0.0,0.0013871957824449991,0.0,0.0,0.0
01-06 12:00:00+01:00,0.0011279324070915,0.0,0.0,0.0011279324070915,0.0,0.0,0.0
01-06 13:00:00+01:00,0.0011494359317110003,0.0,0.0,0.0011494359317110003,0.0,0.0,0.0
01-06 14:00:00+01:00,0.002302413226744998,0.0,0.0,0.002302413226744998,0.0,0.0,0.0
01-06 15:00:00+01:00,0.004383318189008703,0.0,0.0,0.004178922088755007,0.0,0.000204396100253697,0.0
01-06 16:00:00+01:00,0.02125043725230178,0.0,0.0,0.016275611950655005,0.0,0.004974825301646777,0.0
01-06 17:00:00+01:00,0.0368396792456469,0.0,0.0,0.027473661439980004,0.0,0.009366017805666897,0.0
01-06 18:00:00+01:00,0.044919766106024044,0.0,0.0,0.033364710382473156,0.0,0.01155505572355089,0.0
01-06 19:00:00+01:00,0.05035398324817497,0.0,0.0,0.03747327574523814,0.0,0.012880707502936826,0.0
01-06 20:00:00+01:00,0.053756542339339734,0.0,0.0,0.04002294896147607,0.0,0.013733593377863665,0.0
01-06 21:00:00+01:00,0.11033647253832735,0.0,0.0,0.04318264734857416,0.0,0.014799143189752817,0.052354682000000374
01-06 22:00:00+01:00,0.05966309711399055,0.0,0.0,0.04361027530553771,0.0,0.01492953980845273,0.0011232820000001142
01-06 23:00:00+01:00,0.05271589949602862,0.0,0.0,0.03933927497452248,0.0,0.013376624521506137,0.0
01-07 00:00:00+01:00,0.043725028956107304,0.0,0.0,0.032659136211805016,0.0,0.011065892744302284,0.0
01-07 01:00:00+01:00,0.035618240039356264,0.0,0.0,0.026698889918240005,0.0,0.008919350121116255,0.0
01-07 02:00:00+01:00,0.02992270479664232,0.0,0.0,0.02258727941845001,0.0,0.00733542537819231,0.0
01-07 03:00:00+01:00,0.027486899968993443,0.0,0.0,0.020791009259925004,0.0,0.006695890709068438,0.0
01-07 04:00:00+01:00,0.027012396842818167,0.0,0.0,0.020429959898549996,0.0,0.00658243694426817,0.0
01-07 05:00:00+01:00,0.027826117219824347,0.0,0.0,0.02100439067645001,0.0,0.006821726543374338,0.0
01-07 06:00:00+01:00,0.034593470728918316,0.0,0.0,0.025958580515730002,0.0,0.008634890213188315,0.0
01-07 07:00:00+01:00,0.04565591282374182,0.0,0.0,0.03414409389221315,0.0,0.011511818931528665,0.0
01-07 08:00:00+01:00,0.2763457472666132,0.0,0.0,0.021570209335774995,0.0,0.006922768930838391,0.24785276899999986
01-07 09:00:00+01:00,0.49265948001644316,0.0,0.0,0.012437135617460007,0.0,0.003434931398982656,0.4767874130000005
01-07 10:00:00+01:00,0.6311609250765665,0.0,0.0,0.005643900014654996,0.0,0.000987386061911629,0.6245296389999999
01-07 11:00:00+01:00,0.64325547274827,0.0,0.0,0.002556614748269999,0.0,0.0,0.640698858
01-07 12:00:00+01:00,0.5773415173981198,0.0,0.0,0.0020644743981200002,0.0,0.0,0.5752770429999998
01-07 13:00:00+01:00,0.5467936830923898,0.0,0.0,0.002766923092389998,0.0,0.0,0.5440267599999998
01-07 14:00:00+01:00,0.4060845767860568,0.0,0.0,0.006274647538439983,0.0,0.001143414247616653,0.39866651500000017
01-07 15:00:00+01:00,0.301622810515563,0.0,0.0,0.015072827186090001,0.0,0.004491342329473219,0.2820586409999998
01-07 16:00:00+01:00,0.2785417004439975,0.0,0.0,0.02929933781928734,0.0,0.009988499624709964,0.23925386300000018
01-07 17:00:00+01:00,0.3549660430901128,0.0,0.0,0.040879421698569056,0.0,0.014274165391543352,0.2998124560000004
01-07 18:00:00+01:00,0.6465129050030687,0.0,0.0,0.04565224880948461,0.0,0.015947501193583766,0.5849131550000003
01-07 19:00:00+01:00,0.812394533807427,0.0,0.0,0.048684283081644214,0.0,0.017088614725782877,0.746621636
01-07 20:00:00+01:00,0.8390649645418331,0.0,0.0,0.049733724689027134,0.0,0.01749517085280617,0.7718360689999998
01-07 21:00:00+01:00,0.7574162390712992,0.0,0.0,0.04956519367874478,0.0,0.017391760392554214,0.6904592850000002
01-07 22:00:00+01:00,0.4744514963081534,0.0,0.0,0.046044325054819896,0.0,0.016086316253333365,0.41232085500000015
01-07 23:00:00+01:00,0.17127714345600173,0.0,0.0,0.04205814769836652,0.0,0.014602252757634642,0.11461674300000058
01-08 00:00:00+01:00,0.0490053296886951,0.0,0.0,0.03644662084839663,0.0,0.01255870884029847,0.0
01-08 01:00:00+01:00,0.042725847203898895,0.0,0.0,0.03181657485403002,0.0,0.010909272349868873,0.0
01-08 02:00:00+01:00,0.040410459734878466,0.0,0.0,0.03010954352830002,0.0,0.010300916206578447,0.0
01-08 03:00:00+01:00,0.039691198143564546,0.0,0.0,0.029578769663170024,0.0,0.01011242848039452,0.0
01-08 04:00:00+01:00,0.03961610762316352,0.0,0.0,0.02949208557539501,0.0,0.010124022047768506,0.0
01-08 05:00:00+01:00,0.041803113110527104,0.0,0.0,0.03107106798916002,0.0,0.010732045121367086,0.0
01-08 06:00:00+01:00,0.049513474925688576,0.0,0.0,0.036708926014954735,0.0,0.012804548910733843,0.0
01-08 07:00:00+01:00,0.17485892438242293,0.0,0.0,0.047220791191264086,0.0,0.01658642619115883,0.111051707
01-08 08:00:00+01:00,0.5612447710651561,0.0,0.0,0.03777375734306013,0.0,0.013063445722095755,0.5104075680000003
01-08 09:00:00+01:00,0.6507238982969473,0.0,0.0,0.026311325967050003,0.0,0.008823598329897585,0.6155889739999998
01-08 10:00:00+01:00,0.7226760892801113,0.0,0.0,0.019019162791824997,0.0,0.006070303488285691,0.6975866230000005
01-08 11:00:00+01:00,0.6613607785584998,0.0,0.0,0.013620758240504993,0.0,0.004078235317994993,0.6436617849999998
01-08 12:00:00+01:00,0.5540792798641702,0.0,0.0,0.010949078230935008,0.0,0.003073035633234767,0.5400571660000003
01-08 13:00:00+01:00,0.5145575255015316,0.0,0.0,0.012330642330185005,0.0,0.0036191951713464682,0.4986076880000001
01-08 14:00:00+01:00,0.36527114890447293,0.0,0.0,0.01563940675231,0.0,0.004879979152162686,0.3447517630000002
01-08 15:00:00+01:00,0.3118580792052596,0.0,0.0,0.025045602708050004,0.0,0.008425858497209034,0.27838661800000053
01-08 16:00:00+01:00,0.28486343560485844,0.0,0.0,0.03967612240036816,0.0,0.013827932204490532,0.23135938099999975
01-08 17:00:00+01:00,0.37693262727383514,0.0,0.0,0.050749403487091976,0.0,0.01782280678674277,0.3083604170000004
01-08 18:00:00+01:00,0.6906892483722473,0.0,0.0,0.05575330064939776,0.0,0.019517989722849387,0.6154179580000002
01-08 19:00:00+01:00,0.8630711191866266,0.0,0.0,0.05845017799956612,0.0,0.020421374187060325,0.7841995670000002
01-08 20:00:00+01:00,0.8854307085954595,0.0,0.0,0.058089507697482695,0.0,0.020223529897976787,0.807117671
01-08 21:00:00+01:00,0.8041497599965031,0.0,0.0,0.05514793529730522,0.0,0.019072395699197605,0.7299294290000002
01-08 22:00:00+01:00,0.5106386780204568,0.0,0.0,0.048146806211337934,0.0,0.01648112780911833,0.4460107440000005
01-08 23:00:00+01:00,0.17437290939919337,0.0,0.0,0.04119337824576562,0.0,0.013914813153427694,0.11926471800000005
01-09 00:00:00+01:00,0.045475544632740436,0.0,0.0,0.034106658210348265,0.0,0.011368886422392168,0.0
01-09 01:00:00+01:00,0.036292621000110416,0.0,0.0,0.027350776047157854,0.0,0.008941844952952563,0.0
01-09 02:00:00+01:00,0.03227211061609249,0.0,0.0,0.024438829770090004,0.0,0.007833280846002485,0.0
01-09 03:00:00+01:00,0.02990277164689567,0.0,0.0,0.022710012196905008,0.0,0.007192759449990663,0.0
01-09 04:00:00+01:00,0.02948354737945586,0.0,0.0,0.022378773203490007,0.0,0.007104774175965853,0.0
01-09 05:00:00+01:00,0.03164300303309417,0.0,0.0,0.023891691904235006,0.0,0.007751311128859161,0.0
01-09 06:00:00+01:00,0.040442586500767916,0.0,0.0,0.030295967035206005,0.0,0.010146619465561914,0.0
01-09 07:00:00+01:00,0.1600036185831913,0.0,0.0,0.039439033758035896,0.0,0.013446115825154956,0.10711846900000044
01-09 08:00:00+01:00,0.5497507592134825,0.0,0.0,0.0288772632138894,0.0,0.009601906999592893,0.5112715890000002
01-09 09:00:00+01:00,0.6469420701771504,0.0,0.0,0.019478223451589997,0.0,0.006005897725560438,0.621457949
01-09 10:00:00+01:00,0.6919306471519892,0.0,0.0,0.011577198229849974,0.0,0.0032357749221390694,0.6771176740000001
01-09 11:00:00+01:00,0.5765918293301445,0.0,0.0,0.004169432701710002,0.0,0.000565109628433985,0.5718572870000005
01-09 12:00:00+01:00,0.47272586986319015,0.0,0.0,0.002169160863190001,0.0,0.0,0.47055670900000013
01-09 13:00:00+01:00,0.42505209827747487,0.0,0.0,0.0023896472774750017,0.0,0.0,0.4226624509999999
01-09 14:00:00+01:00,0.26018973779956495,0.0,0.0,0.005510151568370002,0.0,0.0012506982311948044,0.2534288880000002
01-09 15:00:00+01:00,0.15785291104020008,0.0,0.0,0.014042575131255008,0.0,0.004535500908945017,0.13927483500000004
01-09 16:00:00+01:00,0.13762036646532813,0.0,0.0,0.02854806040574157,0.0,0.009924230059586366,0.0991480760000002
01-09 17:00:00+01:00,0.2051550923441013,0.0,0.0,0.039445359537443325,0.0,0.01389090580665759,0.15181882700000038
01-09 18:00:00+01:00,0.5232063008874048,0.0,0.0,0.04323971145833659,0.0,0.015224581429067853,0.4647420080000003
01-09 19:00:00+01:00,0.6889379101914707,0.0,0.0,0.044392578005907936,0.0,0.015595513185562425,0.6289498190000004
01-09 20:00:00+01:00,0.6949629210969994,0.0,0.0,0.0442255299055009,0.0,0.015601237191498576,0.635136154
01-09 21:00:00+01:00,0.6336774345725291,0.0,0.0,0.043816019258316095,0.0,0.015480635314212354,0.5743807800000006
01-09 22:00:00+01:00,0.435187477088176,0.0,0.0,0.04088094282932713,0.0,0.014416481258848965,0.3798900529999999
01-09 23:00:00+01:00,0.17348953876072642,0.0,0.0,0.03640901342331989,0.0,0.012732503337406704,0.12434802199999984
01-10 00:00:00+01:00,0.04222060752847108,0.0,0.0,0.031371322517220517,0.0,0.010849285011250563,0.0
01-10 01:00:00+01:00,0.03268952989344689,0.0,0.0,0.024376730750726515,0.0,0.008312799142720371,0.0
01-10 02:00:00+01:00,0.026445718935308598,0.0,0.0,0.019733861812670006,0.0,0.006711857122638591,0.0
01-10 03:00:00+01:00,0.023013235719171868,0.0,0.0,0.01718360752440001,0.0,0.005829628194771859,0.0
01-10 04:00:00+01:00,0.01911102258022162,0.0,0.0,0.014306124966330009,0.0,0.00480489761389161,0.0
01-10 05:00:00+01:00,0.0180539964484258,0.0,0.0,0.013486590323946007,0.0,0.004567406124479791,0.0
01-10 06:00:00+01:00,0.019697545144097543,0.0,0.0,0.014689217337519008,0.0,0.0050083278065785365,0.0
01-10 07:00:00+01:00,0.021386877590676708,0.0,0.0,0.015939258450393002,0.0,0.005447619140283704,0.0
01-10 08:00:00+01:00,0.0014229490911195,0.0,0.0,0.0014229490911195,0.0,0.0,0.0
01-10 09:00:00+01:00,0.001440317884994,0.0,0.0,0.001440317884994,0.0,0.0,0.0
01-10 10:00:00+01:00,0.08466978213087369,0.0,0.0,0.0014716711308735,0.0,0.0,0.08319811100000019
01-10 11:00:00+01:00,0.04639976215474656,0.0,0.0,0.0014102951547465001,0.0,0.0,0.04498946700000006
01-10 12:00:00+01:00,0.0013449048973394999,0.0,0.0,0.0013449048973394999,0.0,0.0,0.0
01-10 13:00:00+01:00,0.0013535968581540002,0.0,0.0,0.0013535968581540002,0.0,0.0,0.0
01-10 14:00:00+01:00,0.0013753384003579998,0.0,0.0,0.0013753384003579998,0.0,0.0,0.0
01-10 15:00:00+01:00,0.0013819709161575003,0.0,0.0,0.0013819709161575003,0.0,0.0,0.0
01-10 16:00:00+01:00,0.01503530041770698,0.0,0.0,0.011326208243351503,0.0,0.003709092174355477,0.0
01-10 17:00:00+01:00,0.032177310015169054,0.0,0.0,0.023840798979422272,0.0,0.00833651103574678,0.0
01-10 18:00:00+01:00,0.06588724048228105,0.0,0.0,0.03126374169848059,0.0,0.010975081783800364,0.023648417000000088
01-10 19:00:00+01:00,0.2551269248868922,0.0,0.0,0.0350822200140891,0.0,0.012350174872803172,0.20769452999999993
01-10 20:00:00+01:00,0.31948298768161565,0.0,0.0,0.03681498503199111,0.0,0.012975631649624678,0.2696923709999999
01-10 21:00:00+01:00,0.32349600883665747,0.0,0.0,0.03704984403189067,0.0,0.013044343804766816,0.273401821
01-10 22:00:00+01:00,0.1890507356487274,0.0,0.0,0.03457996525933903,0.0,0.012109058389387988,0.14236171200000036
01-10 23:00:00+01:00,0.040857803632882606,0.0,0.0,0.030313350893793924,0.0,0.010544452739088678,0.0
01-11 00:00:00+01:00,0.03319348616056725,0.0,0.0,0.024669420009358227,0.0,0.00852406615120902,0.0
01-11 01:00:00+01:00,0.02691433336480019,0.0,0.0,0.02006677716394001,0.0,0.00684755620086018,0.0
01-11 02:00:00+01:00,0.023803803775375228,0.0,0.0,0.017815392059689995,0.0,0.005988411715685231,0.0
01-11 03:00:00+01:00,0.023111613503451787,0.0,0.0,0.017311773914019994,0.0,0.0057998395894317935,0.0
01-11 04:00:00+01:00,0.02304475550124049,0.0,0.0,0.017285313459990008,0.0,0.005759442041250482,0.0
01-11 05:00:00+01:00,0.02392534067923272,0.0,0.0,0.017964289768730008,0.0,0.0059610509105027095,0.0
01-11 06:00:00+01:00,0.025006242140752588,0.0,0.0,0.0187866458239,0.0,0.006219596316852588,0.0
01-11 07:00:00+01:00,0.026914679948338457,0.0,0.0,0.02021064228342,0.0,0.006704037664918456,0.0
01-11 08:00:00+01:00,0.005563446031759112,0.0,0.0,0.004719812387415002,0.0,0.0008436336443441103,0.0
01-11 09:00:00+01:00,0.0011741450535360002,0.0,0.0,0.0011741450535360002,0.0,0.0,0.0
01-11 10:00:00+01:00,0.0012184002247195003,0.0,0.0,0.0012184002247195003,0.0,0.0,0.0
01-11 11:00:00+01:00,0.0012179538308090005,0.0,0.0,0.0012179538308090005,0.0,0.0,0.0
01-11 12:00:00+01:00,0.001183150017981,0.0,0.0,0.001183150017981,0.0,0.0,0.0
01-11 13:00:00+01:00,0.001206842394965,0.0,0.0,0.001206842394965,0.0,0.0,0.0
01-11 14:00:00+01:00,0.001559411536615001,0.0,0.0,0.001559411536615001,0.0,0.0,0.0
01-11 15:00:00+01:00,0.010438286429721777,0.0,0.0,0.008268269758305,0.0,0.002170016671416776,0.0
01-11 16:00:00+01:00,0.030123466543582274,0.0,0.0,0.022585643815770003,0.0,0.007537822727812271,0.0
01-11 17:00:00+01:00,0.046493749578092367,0.0,0.0,0.034503626291995,0.0,0.011990123286097363,0.0
01-11 18:00:00+01:00,0.05726785157958876,0.0,0.0,0.04249281212444916,0.0,0.014775039455139603,0.0
01-11 19:00:00+01:00,0.1552449628237716,0.0,0.0,0.04854141425194748,0.0,0.01687982957182406,0.08982371900000008
01-11 20:00:00+01:00,0.26619265810435916,0.0,0.0,0.051092466126913434,0.0,0.017691079977445276,0.19740911200000044
01-11 21:00:00+01:00,0.2952360451803864,0.0,0.0,0.05192605860269882,0.0,0.01794296057768742,0.22536702600000014
01-11 22:00:00+01:00,0.17549705025950701,0.0,0.0,0.05013648277593448,0.0,0.017260641483572706,0.10809992599999985
01-11 23:00:00+01:00,0.06162721483574914,0.0,0.0,0.04591196387956562,0.0,0.01571525095618352,0.0
01-12 00:00:00+01:00,0.053192542791481986,0.0,0.0,0.03971406604416601,0.0,0.01347847674731598,0.0
01-12 01:00:00+01:00,0.046643745947214994,0.0,0.0,0.03492018583116999,0.0,0.011723560116045003,0.0
01-12 02:00:00+01:00,0.0425992600400463,0.0,0.0,0.032041810819645,0.0,0.010557449220401298,0.0
01-12 03:00:00+01:00,0.0406584320004376,0.0,0.0,0.03065957530296999,0.0,0.009998856697467608,0.0
01-12 04:00:00+01:00,0.039938226208222835,0.0,0.0,0.030145980648309985,0.0,0.009792245559912854,0.0
01-12 05:00:00+01:00,0.04129711795736933,0.0,0.0,0.03111219788429498,0.0,0.01018492007307435,0.0
01-12 06:00:00+01:00,0.049338051647102046,0.0,0.0,0.03697705354221236,0.0,0.012360998104889689,0.0
01-12 07:00:00+01:00,0.0838614759312677,0.0,0.0,0.046703323661094774,0.0,0.015834807270172373,0.02132334500000055
01-12 08:00:00+01:00,0.47105357566935996,0.0,0.0,0.03530003738544501,0.0,0.011594119283914612,0.4241594190000003
01-12 09:00:00+01:00,0.5771947126430884,0.0,0.0,0.023536588647465016,0.0,0.007300085995622954,0.5463580380000005
01-12 10:00:00+01:00,0.6377574000504133,0.0,0.0,0.014324940794344978,0.0,0.004073518256068243,0.619358941
01-12 11:00:00+01:00,0.5701981366675228,0.0,0.0,0.00644736830957,0.0,0.0012092253579524905,0.5625415430000003
01-12 12:00:00+01:00,0.47186450103576044,0.0,0.0,0.0023716670357600018,0.0,0.0,0.4694928340000004
01-12 13:00:00+01:00,0.4145026057676703,0.0,0.0,0.002048090767670001,0.0,0.0,0.4124545150000003
01-12 14:00:00+01:00,0.28772100158100394,0.0,0.0,0.005119173514885006,0.0,0.0011377160661189272,0.281464112
01-12 15:00:00+01:00,0.2220781349445856,0.0,0.0,0.01663139852236501,0.0,0.005348290422220109,0.20009844600000048
01-12 16:00:00+01:00,0.2591782548621495,0.0,0.0,0.035081680945384094,0.0,0.012041890916765136,0.2120546830000003
01-12 17:00:00+01:00,0.3380949521744086,0.0,0.0,0.048018739311173585,0.0,0.016658800863235124,0.2734174119999999
01-12 18:00:00+01:00,0.5963131477095343,0.0,0.0,0.05397796734821471,0.0,0.018761551361319215,0.5235736290000004
01-12 19:00:00+01:00,0.7532665811970384,0.0,0.0,0.057733297762590605,0.0,0.0200696464344477,0.675463637
01-12 20:00:00+01:00,0.7636158493984153,0.0,0.0,0.05756375858465753,0.0,0.01990779581375697,0.6861442950000007
01-12 21:00:00+01:00,0.7090549026441495,0.0,0.0,0.056317738105743816,0.0,0.019414674538405632,0.6333224900000001
01-12 22:00:00+01:00,0.4483880012789762,0.0,0.0,0.05307113840850563,0.0,0.018239518870470303,0.37707734400000026
01-12 23:00:00+01:00,0.11956850506263908,0.0,0.0,0.04832501743498276,0.0,0.01652324262765625,0.054720245000000056
01-13 00:00:00+01:00,0.05598356330284952,0.0,0.0,0.04184357786386735,0.0,0.014139985438982173,0.0
01-13 01:00:00+01:00,0.046758497277460814,0.0,0.0,0.03510432446114966,0.0,0.011654172816311151,0.0
01-13 02:00:00+01:00,0.04123291473026343,0.0,0.0,0.031090669593369997,0.0,0.010142245136893435,0.0
01-13 03:00:00+01:00,0.03839585272242506,0.0,0.0,0.029039963525550005,0.0,0.00935588919687505,0.0
01-13 04:00:00+01:00,0.03754465174632493,0.0,0.0,0.02846379280562,0.0,0.009080858940704931,0.0
01-13 05:00:00+01:00,0.038763620970460475,0.0,0.0,0.029408776868569998,0.0,0.009354844101890475,0.0
01-13 06:00:00+01:00,0.04487692193302542,0.0,0.0,0.03395889679223051,0.0,0.010918025140794907,0.0
01-13 07:00:00+01:00,0.14822727621393553,0.0,0.0,0.04209672515809214,0.0,0.013754795055842891,0.09237575600000048
01-13 08:00:00+01:00,0.5110537174769563,0.0,0.0,0.028633134741504904,0.0,0.008833545735451332,0.47358703700000004
01-13 09:00:00+01:00,0.5867386329608822,0.0,0.0,0.017410939980714996,0.0,0.004533852980167014,0.5647938400000002
01-13 10:00:00+01:00,0.6155245945011424,0.0,0.0,0.009780411275025002,0.0,0.0017280922261176193,0.6040160909999998
01-13 11:00:00+01:00,0.5756297740910501,0.0,0.0,0.004564102091049999,0.0,0.0,0.5710656720000001
01-13 12:00:00+01:00,0.4853286907543105,0.0,0.0,0.003556352754310001,0.0,0.0,0.4817723380000005
01-13 13:00:00+01:00,0.4181216066341302,0.0,0.0,0.003617120634129999,0.0,0.0,0.4145044860000002
01-13 14:00:00+01:00,0.27689332064116984,0.0,0.0,0.004309485641169999,0.0,0.0,0.27258383499999983
01-13 15:00:00+01:00,0.1950593401103057,0.0,0.0,0.013272900592665011,0.0,0.003322969517640852,0.17846346999999985
01-13 16:00:00+01:00,0.1830147626073454,0.0,0.0,0.02902861552505002,0.0,0.009162264082294999,0.14482388300000038
01-13 17:00:00+01:00,0.27053882579221405,0.0,0.0,0.042596162209960334,0.0,0.014150891582253303,0.21379177200000044
01-13 18:00:00+01:00,0.553932397265554,0.0,0.0,0.04689374164163027,0.0,0.01565517562392374,0.49138348
01-13 19:00:00+01:00,0.7631834454232034,0.0,0.0,0.050180424645735903,0.0,0.016780910777467628,0.6962221099999999
01-13 20:00:00+01:00,0.7745063271226414,0.0,0.0,0.05043944293199275,0.0,0.016792275190648832,0.7072746089999998
01-13 21:00:00+01:00,0.7096519624235651,0.0,0.0,0.049204383543956356,0.0,0.016323189879608953,0.6441243889999998
01-13 22:00:00+01:00,0.4269756130371738,0.0,0.0,0.04411689928953281,0.0,0.014534201747640918,0.36832451200000005
01-13 23:00:00+01:00,0.09582674277451686,0.0,0.0,0.03875373844730484,0.0,0.012622351327211508,0.044450653000000506
01-14 00:00:00+01:00,0.044024030232769254,0.0,0.0,0.03330931741091489,0.0,0.010714712821854365,0.0
01-14 01:00:00+01:00,0.03773134359515047,0.0,0.0,0.028644275479178995,0.0,0.009087068115971472,0.0
01-14 02:00:00+01:00,0.03457199131836874,0.0,0.0,0.02628954832615001,0.0,0.00828244299221873,0.0
01-14 03:00:00+01:00,0.03338783947673028,0.0,0.0,0.02542088468489001,0.0,0.007966954791840269,0.0
01-14 04:00:00+01:00,0.032904012918841694,0.0,0.0,0.025068619921915003,0.0,0.007835392996926692,0.0
01-14 05:00:00+01:00,0.03470006229004966,0.0,0.0,0.02637196110191001,0.0,0.008328101188139649,0.0
01-14 06:00:00+01:00,0.04262622143797953,0.0,0.0,0.032201154094451186,0.0,0.010425067343528351,0.0
01-14 07:00:00+01:00,0.1405720852007638,0.0,0.0,0.04217804144055714,0.0,0.013964012760206526,0.08443003100000013
01-14 08:00:00+01:00,0.4906543175220846,0.0,0.0,0.02982098453156098,0.0,0.009470795990523499,0.4513625370000002
01-14 09:00:00+01:00,0.5544828586675546,0.0,0.0,0.019275741410539993,0.0,0.005467846257014213,0.5297392710000004
01-14 10:00:00+01:00,0.6063018007198139,0.0,0.0,0.011199532469785015,0.0,0.002545996250028902,0.5925562719999999
01-14 11:00:00+01:00,0.5597803208230319,0.0,0.0,0.006747281716679992,0.0,0.0009294691063519255,0.5521035699999999
01-14 12:00:00+01:00,0.49320435659733824,0.0,0.0,0.005272833260315007,0.0,0.00039752733702298445,0.48753399600000025
01-14 13:00:00+01:00,0.4645920968195969,0.0,0.0,0.007718937733570012,0.0,0.0013573630860262702,0.4555157960000006
01-14 14:00:00+01:00,0.33530134182484495,0.0,0.0,0.012444683907240016,0.0,0.0032148469176044698,0.31964181100000044
01-14 15:00:00+01:00,0.27096699068653984,0.0,0.0,0.02288849455928001,0.0,0.007130409127259583,0.24094808700000026
01-14 16:00:00+01:00,0.2702397439699959,0.0,0.0,0.03882769288145962,0.0,0.013081931088535887,0.2183301200000004
01-14 17:00:00+01:00,0.33980920846536594,0.0,0.0,0.0514979943636354,0.0,0.01784602010173029,0.27046519400000024
01-14 18:00:00+01:00,0.5947009388929153,0.0,0.0,0.05612209353035343,0.0,0.01948110636256177,0.5190977390000001
01-14 19:00:00+01:00,0.773823842973363,0.0,0.0,0.059415302532034725,0.0,0.020598559441327963,0.6938099810000004
01-14 20:00:00+01:00,0.7832844666620161,0.0,0.0,0.059557038849081576,0.0,0.020599600812934375,0.7031278270000002
01-14 21:00:00+01:00,0.729579089612888,0.0,0.0,0.05816835022872444,0.0,0.020042843384163275,0.6513678960000002
01-14 22:00:00+01:00,0.4374850727234788,0.0,0.0,0.052572411193200615,0.0,0.01805433953027828,0.3668583219999999
01-14 23:00:00+01:00,0.09963930377217103,0.0,0.0,0.04633526056418982,0.0,0.01582987520798107,0.03747416800000014
01-15 00:00:00+01:00,0.053250554218944805,0.0,0.0,0.039737911127681345,0.0,0.01351264309126346,0.0
01-15 01:00:00+01:00,0.04616168360922564,0.0,0.0,0.03452505728354052,0.0,0.011636626325685113,0.0
01-15 02:00:00+01:00,0.040828031322416906,0.0,0.0,0.030624409055635016,0.0,0.010203622266781892,0.0
01-15 03:00:00+01:00,0.03938519384328329,0.0,0.0,0.029586207436285008,0.0,0.00979898640699828,0.0
01-15 04:00:00+01:00,0.038078083004071124,0.0,0.0,0.028631312588505,0.0,0.009446770415566125,0.0
01-15 05:00:00+01:00,0.03961394976071742,0.0,0.0,0.029797360286050005,0.0,0.009816589474667419,0.0
01-15 06:00:00+01:00,0.046175428542474126,0.0,0.0,0.03464146084671562,0.0,0.011533967695758502,0.0
01-15 07:00:00+01:00,0.13280676429777208,0.0,0.0,0.04522869477934029,0.0,0.015252224518432072,0.07232584499999972
01-15 08:00:00+01:00,0.4823962076269809,0.0,0.0,0.04665103752531838,0.0,0.015673843101662414,0.42007132700000005
01-15 09:00:00+01:00,0.5826170634162691,0.0,0.0,0.04248529499489488,0.0,0.014004234421374353,0.5261275339999999
01-15 10:00:00+01:00,0.6281031161388412,0.0,0.0,0.037320912630265025,0.0,0.011985822508575956,0.5787963810000002
01-15 11:00:00+01:00,0.5860978252180926,0.0,0.0,0.03369317383556002,0.0,0.010561125382532205,0.5418435260000004
01-15 12:00:00+01:00,0.5325010221592593,0.0,0.0,0.034128104590304985,0.0,0.010705091568954245,0.487667826
01-15 13:00:00+01:00,0.5008449694848117,0.0,0.0,0.03707529261453999,0.0,0.011813946870271243,0.45195573000000044
01-15 14:00:00+01:00,0.39193109387315184,0.0,0.0,0.0398412450240536,0.0,0.01284544284909773,0.3392444060000005
01-15 15:00:00+01:00,0.3397187148604879,0.0,0.0,0.044554621880405064,0.0,0.014571744980082305,0.28059234800000055
01-15 16:00:00+01:00,0.36110751022045784,0.0,0.0,0.049902346649628976,0.0,0.016551991570828747,0.2946531720000001
01-15 17:00:00+01:00,0.41785115311790233,0.0,0.0,0.05318349679030327,0.0,0.01781094332759853,0.34685671300000054
01-15 18:00:00+01:00,0.6232360919734071,0.0,0.0,0.05622717082870533,0.0,0.01899251314470187,0.548016408
01-15 19:00:00+01:00,0.7719816888918078,0.0,0.0,0.0582972440699464,0.0,0.019852498821861082,0.6938319460000003
01-15 20:00:00+01:00,0.7618959019163853,0.0,0.0,0.05749201219027286,0.0,0.01972805472611266,0.6846758349999998
01-15 21:00:00+01:00,0.673893312163957,0.0,0.0,0.055076594603723265,0.0,0.018928112560233565,0.5998886050000002
01-15 22:00:00+01:00,0.4253089184751648,0.0,0.0,0.04964353350120757,0.0,0.01691014897395706,0.35875523600000014
01-15 23:00:00+01:00,0.1086869082271557,0.0,0.0,0.042225660075382185,0.0,0.014145991151773346,0.05231525700000017
01-16 00:00:00+01:00,0.04514697975251064,0.0,0.0,0.03400331348656752,0.0,0.011143666265943115,0.0
01-16 01:00:00+01:00,0.03456148410690418,0.0,0.0,0.026228697132942333,0.0,0.008332786973961854,0.0
01-16 02:00:00+01:00,0.027401092265135454,0.0,0.0,0.021024005119715,0.0,0.006377087145420453,0.0
01-16 03:00:00+01:00,0.023989173278830177,0.0,0.0,0.018572866100685,0.0,0.00541630717814518,0.0
01-16 04:00:00+01:00,0.02345521577921776,0.0,0.0,0.018167171300465,0.0,0.00528804447875276,0.0
01-16 05:00:00+01:00,0.02474689573658145,0.0,0.0,0.019065068676574995,0.0,0.005681827060006454,0.0
01-16 06:00:00+01:00,0.031012010109868392,0.0,0.0,0.02370340598261649,0.0,0.007308604127251903,0.0
01-16 07:00:00+01:00,0.09627930542553413,0.0,0.0,0.03152557472197794,0.0,0.010040662703555987,0.0547130680000002
01-16 08:00:00+01:00,0.43883246290160655,0.0,0.0,0.028944567810506583,0.0,0.009099868091099703,0.40078802700000027
01-16 09:00:00+01:00,0.531242712917256,0.0,0.0,0.022238140137210004,0.0,0.006634125780045875,0.5023704470000001
01-16 10:00:00+01:00,0.5980749105578953,0.0,0.0,0.014857166416660015,0.0,0.0038510671412352987,0.579366677
01-16 11:00:00+01:00,0.57493695797745,0.0,0.0,0.0040887019774499996,0.0,0.0,0.570848256
01-16 12:00:00+01:00,0.5115049354487099,0.0,0.0,0.0032585334487099994,0.0,0.0,0.5082464019999999
01-16 13:00:00+01:00,0.4709529277847404,0.0,0.0,0.0038847137847400014,0.0,0.0,0.4670682140000004
01-16 14:00:00+01:00,0.3586182166902536,0.0,0.0,0.008642474435809996,0.0,0.0017217352544435466,0.3482540070000001
01-16 15:00:00+01:00,0.3067739063201468,0.0,0.0,0.022111132942055016,0.0,0.006674601378091857,0.2779881719999999
01-16 16:00:00+01:00,0.2964349469042598,0.0,0.0,0.039064400586918215,0.0,0.013073234317341295,0.24429731200000027
01-16 17:00:00+01:00,0.3369448420238188,0.0,0.0,0.04661209204940629,0.0,0.01599580997441241,0.2743369400000001
01-16 18:00:00+01:00,0.5433760212761557,0.0,0.0,0.04767597815998275,0.0,0.016368509116173144,0.47933153399999984
01-16 19:00:00+01:00,0.6881271002367021,0.0,0.0,0.047576944854513366,0.0,0.01630592838218893,0.6242442269999998
01-16 20:00:00+01:00,0.6809491579937935,0.0,0.0,0.04620469618823215,0.0,0.015722976805561034,0.6190214850000003
01-16 21:00:00+01:00,0.6243283976052421,0.0,0.0,0.044280808692461794,0.0,0.014935786912780242,0.5651118020000001
01-16 22:00:00+01:00,0.4101915875672756,0.0,0.0,0.040010420705996474,0.0,0.013385171861279169,0.3567959949999999
01-16 23:00:00+01:00,0.13550319837471403,0.0,0.0,0.03380262092547607,0.0,0.01118645644923806,0.09051412099999989
01-17 00:00:00+01:00,0.03644540518455386,0.0,0.0,0.027539330959010094,0.0,0.008906074225543764,0.0
01-17 01:00:00+01:00,0.02689713521729336,0.0,0.0,0.020563742689588178,0.0,0.006333392527705182,0.0
01-17 02:00:00+01:00,0.021146501344294907,0.0,0.0,0.016401268391210005,0.0,0.0047452329530849,0.0
01-17 03:00:00+01:00,0.020129470720222857,0.0,0.0,0.015729330022445014,0.0,0.0044001406977778445,0.0
01-17 04:00:00+01:00,0.02295100564797435,0.0,0.0,0.01777789451484501,0.0,0.005173111133129343,0.0
01-17 05:00:00+01:00,0.023525290391388884,0.0,0.0,0.01808733963687,0.0,0.005437950754518884,0.0
01-17 06:00:00+01:00,0.02438200022633087,0.0,0.0,0.018728759159770004,0.0,0.0056532410665608695,0.0
01-17 07:00:00+01:00,0.029139238764881798,0.0,0.0,0.02230182200483001,0.0,0.006837416760051788,0.0
01-17 08:00:00+01:00,0.022281640952825282,0.0,0.0,0.01740111688181001,0.0,0.004880524071015271,0.0
01-17 09:00:00+01:00,0.01179683566192072,0.0,0.0,0.00987347553980501,0.0,0.0019233601221157104,0.0
01-17 10:00:00+01:00,0.168477877207585,0.0,0.0,0.004557832207584999,0.0,0.0,0.16392004500000001
01-17 11:00:00+01:00,0.1760988501220451,0.0,0.0,0.0028668671220450003,0.0,0.0,0.1732319830000001
01-17 12:00:00+01:00,0.0792485359226255,0.0,0.0,0.0017502919226250013,0.0,0.0,0.0774982440000005
01-17 13:00:00+01:00,0.045657685283215094,0.0,0.0,0.0024256672832150003,0.0,0.0,0.043232018000000094
01-17 14:00:00+01:00,0.0039521258061100024,0.0,0.0,0.0039521258061100024,0.0,0.0,0.0
01-17 15:00:00+01:00,0.014840991701324448,0.0,0.0,0.012114506400889995,0.0,0.002726485300434453,0.0
01-17 16:00:00+01:00,0.034709256952583034,0.0,0.0,0.026598364933540015,0.0,0.008110892019043017,0.0
01-17 17:00:00+01:00,0.046924877031709486,0.0,0.0,0.035574684676534844,0.0,0.011350192355174642,0.0
01-17 18:00:00+01:00,0.11624537805414102,0.0,0.0,0.041682987331192425,0.0,0.0135371347229484,0.061025256000000194
01-17 19:00:00+01:00,0.32313059361871505,0.0,0.0,0.04528083943973377,0.0,0.014840204178981142,0.26300955000000015
01-17 20:00:00+01:00,0.3949518239729487,0.0,0.0,0.047368194391043325,0.0,0.015438184581905403,0.332145445
01-17 21:00:00+01:00,0.3909017216807788,0.0,0.0,0.04897638686186697,0.0,0.015999677818911637,0.3259256570000002
01-17 22:00:00+01:00,0.25545089497010576,0.0,0.0,0.048996520380669886,0.0,0.016055929589435775,0.19039844500000014
01-17 23:00:00+01:00,0.05991238536969218,0.0,0.0,0.04518452455790303,0.0,0.014727860811789145,0.0
01-18 00:00:00+01:00,0.051363122790135864,0.0,0.0,0.03880297270964636,0.0,0.012560150080489501,0.0
01-18 01:00:00+01:00,0.04375478422448317,0.0,0.0,0.033080263261419995,0.0,0.010674520963063181,0.0
01-18 02:00:00+01:00,0.03682422702380174,0.0,0.0,0.027885243175570004,0.0,0.008938983848231736,0.0
01-18 03:00:00+01:00,0.032628964349742724,0.0,0.0,0.024742707858675005,0.0,0.007886256491067719,0.0
01-18 04:00:00+01:00,0.029851908279769163,0.0,0.0,0.022699171479579998,0.0,0.007152736800189164,0.0
01-18 05:00:00+01:00,0.02862020457193857,0.0,0.0,0.02176217600593,0.0,0.006858028566008568,0.0
01-18 06:00:00+01:00,0.029117111337593357,0.0,0.0,0.02207930434542,0.0,0.007037806992173356,0.0
01-18 07:00:00+01:00,0.02993020119012755,0.0,0.0,0.02259211394477,0.0,0.007338087245357551,0.0
01-18 08:00:00+01:00,0.010817831939938958,0.0,0.0,0.008604273784620003,0.0,0.0022135581553189543,0.0
01-18 09:00:00+01:00,0.0028996595264613382,0.0,0.0,0.0028078040358650077,0.0,9.185549059633066e-05,0.0
01-18 10:00:00+01:00,0.0029242809255060264,0.0,0.0,0.0028201045497900073,0.0,0.00010417637571601905,0.0
01-18 11:00:00+01:00,0.00179673794425,0.0,0.0,0.00179673794425,0.0,0.0,0.0
01-18 12:00:00+01:00,0.0019128235596700014,0.0,0.0,0.0019128235596700014,0.0,0.0,0.0
01-18 13:00:00+01:00,0.02737545592351509,0.0,0.0,0.0021311239235150005,0.0,0.0,0.02524433200000009
01-18 14:00:00+01:00,0.05437968325153166,0.0,0.0,0.01029730762594,0.0,0.0025237846255917414,0.04155859099999992
01-18 15:00:00+01:00,0.03074389575608945,0.0,0.0,0.023476794542304998,0.0,0.007267101213784453,0.0
01-18 16:00:00+01:00,0.04668680760339205,0.0,0.0,0.0351788443528609,0.0,0.011507963250531147,0.0
01-18 17:00:00+01:00,0.050529103224058944,0.0,0.0,0.03810440029263394,0.0,0.012424702931424999,0.0
01-18 18:00:00+01:00,0.10254875159626937,0.0,0.0,0.041068502168565856,0.0,0.013367020427703259,0.04811322900000026
01-18 19:00:00+01:00,0.2810414007388605,0.0,0.0,0.042975611891108545,0.0,0.014002153847751705,0.22406363500000026
01-18 20:00:00+01:00,0.3711334543322009,0.0,0.0,0.0441351274477808,0.0,0.014420090884419985,0.3125782360000001
01-18 21:00:00+01:00,0.39635339218699744,0.0,0.0,0.04273858497352281,0.0,0.013943949213474464,0.3396708580000002
01-18 22:00:00+01:00,0.27464082826129754,0.0,0.0,0.03875381362171978,0.0,0.012552071639578001,0.22333494299999979
01-18 23:00:00+01:00,0.04330327092147108,0.0,0.0,0.03284272432064186,0.0,0.010460546600829219,0.0
01-19 00:00:00+01:00,0.03311418817998774,0.0,0.0,0.0252937478580056,0.0,0.007820440321982144,0.0
01-19 01:00:00+01:00,0.02524319641812875,0.0,0.0,0.019462080894555,0.0,0.0057811155235737485,0.0
01-19 02:00:00+01:00,0.020386503549359863,0.0,0.0,0.015838230626475013,0.0,0.004548272922884851,0.0
01-19 03:00:00+01:00,0.020459652145868725,0.0,0.0,0.01583067442082501,0.0,0.004628977725043716,0.0
01-19 04:00:00+01:00,0.02317623333476649,0.0,0.0,0.01776659581375,0.0,0.005409637521016488,0.0
01-19 05:00:00+01:00,0.02559140937889157,0.0,0.0,0.01947790689881002,0.0,0.00611350248008155,0.0
01-19 06:00:00+01:00,0.032763300301797346,0.0,0.0,0.02464169534007885,0.0,0.008121604961718496,0.0
01-19 07:00:00+01:00,0.09400290427007182,0.0,0.0,0.032960974197174114,0.0,0.011208638072897174,0.04983329200000053
01-19 08:00:00+01:00,0.5212846335833731,0.0,0.0,0.03618070334114233,0.0,0.012442402242230585,0.47266152800000016
01-19 09:00:00+01:00,0.6736197531552574,0.0,0.0,0.03562046826097832,0.0,0.012288332894278706,0.6257109520000004
01-19 10:00:00+01:00,0.8040475828599735,0.0,0.0,0.03393359324675309,0.0,0.011686800613219863,0.7584271890000005
01-19 11:00:00+01:00,0.7991964379298598,0.0,0.0,0.028908821924731046,0.0,0.009702029005128706,0.760585587
01-19 12:00:00+01:00,0.751710392768579,0.0,0.0,0.027081887478196467,0.0,0.008968305290382396,0.7156602000000001
01-19 13:00:00+01:00,0.7263544555933613,0.0,0.0,0.029727028630252766,0.0,0.010023495963108003,0.6866039310000005
01-19 14:00:00+01:00,0.5956843163992847,0.0,0.0,0.031173415873341083,0.0,0.010671378525943253,0.5538395220000003
01-19 15:00:00+01:00,0.5389904178725468,0.0,0.0,0.03541808689827879,0.0,0.012049413974267875,0.49152291700000017
01-19 16:00:00+01:00,0.5079562810337477,0.0,0.0,0.0401757117935977,0.0,0.013738478240149631,0.45404209100000037
01-19 17:00:00+01:00,0.5415031001384947,0.0,0.0,0.0425447708830035,0.0,0.015027860255491129,0.48393046900000014
01-19 18:00:00+01:00,0.756527048808954,0.0,0.0,0.047223487436295064,0.0,0.016704937372659233,0.6925986239999998
01-19 19:00:00+01:00,0.946477005086637,0.0,0.0,0.051560085635094066,0.0,0.01826661145154248,0.8766503080000004
01-19 20:00:00+01:00,0.9473875333262555,0.0,0.0,0.050242117370629745,0.0,0.017785276955625692,0.879360139
01-19 21:00:00+01:00,0.8485206945206014,0.0,0.0,0.05105969988271864,0.0,0.01812277863788265,0.7793382160000001
01-19 22:00:00+01:00,0.5480895039442061,0.0,0.0,0.04828990337380215,0.0,0.01718089957040348,0.4826187010000005
01-19 23:00:00+01:00,0.19204836096817446,0.0,0.0,0.04190737113069753,0.0,0.014903741837476656,0.13523724800000025
01-20 00:00:00+01:00,0.046016395575986885,0.0,0.0,0.034086165357920396,0.0,0.011930230218066488,0.0
