Period,Scenario,LoadLevel,Node,GWh
2030,sc01,03-10 00:00:00+01:00,N_120,0.0
2030,sc01,03-10 00:00:00+01:00,N_112,0.0
2030,sc01,03-10 00:00:00+01:00,N_101,0.0
2030,sc01,03-10 00:00:00+01:00,N_110,0.0
2030,sc01,03-10 00:00:00+01:00,N_113,0.0
2030,sc01,03-10 00:00:00+01:00,N_115,0.0
2030,sc01,03-10 00:00:00+01:00,N_119,0.0
2030,sc01,03-10 00:00:00+01:00,N_109,0.0
2030,sc01,03-10 00:00:00+01:00,N_102,0.0
2030,sc01,03-10 00:00:00+01:00,N_121,0.0
2030,sc01,03-10 00:00:00+01:00,N_123,0.0
2030,sc01,03-10 00:00:00+01:00,N_117,0.0
2030,sc01,03-10 00:00:00+01:00,N_124,0.0
2030,sc01,03-10 00:00:00+01:00,N_103,0.0
2030,sc01,03-10 00:00:00+01:00,N_114,0.0
2030,sc01,03-10 00:00:00+01:00,N_107,0.0
2030,sc01,03-10 00:00:00+01:00,N_104,0.0
2030,sc01,03-10 00:00:00+01:00,N_116,0.0
2030,sc01,03-10 00:00:00+01:00,N_106,0.0
2030,sc01,03-10 00:00:00+01:00,N_118,0.0
2030,sc01,03-10 00:00:00+01:00,N_122,0.0
2030,sc01,03-10 00:00:00+01:00,N_108,0.0
2030,sc01,03-10 00:00:00+01:00,N_111,0.0
2030,sc01,03-10 00:00:00+01:00,N_105,0.0
2030,sc01,03-10 01:00:00+01:00,N_120,0.0
2030,sc01,03-10 01:00:00+01:00,N_112,0.0
2030,sc01,03-10 01:00:00+01:00,N_101,0.0
2030,sc01,03-10 01:00:00+01:00,N_110,0.0
2030,sc01,03-10 01:00:00+01:00,N_113,0.0
2030,sc01,03-10 01:00:00+01:00,N_115,0.0
2030,sc01,03-10 01:00:00+01:00,N_119,0.0
2030,sc01,03-10 01:00:00+01:00,N_109,0.0
2030,sc01,03-10 01:00:00+01:00,N_102,0.0
2030,sc01,03-10 01:00:00+01:00,N_121,0.0
2030,sc01,03-10 01:00:00+01:00,N_123,0.0
2030,sc01,03-10 01:00:00+01:00,N_117,0.0
2030,sc01,03-10 01:00:00+01:00,N_124,0.0
2030,sc01,03-10 01:00:00+01:00,N_103,0.0
2030,sc01,03-10 01:00:00+01:00,N_114,0.0
2030,sc01,03-10 01:00:00+01:00,N_107,0.0
2030,sc01,03-10 01:00:00+01:00,N_104,0.0
2030,sc01,03-10 01:00:00+01:00,N_116,0.0
2030,sc01,03-10 01:00:00+01:00,N_106,0.0
2030,sc01,03-10 01:00:00+01:00,N_118,0.0
2030,sc01,03-10 01:00:00+01:00,N_122,0.0
2030,sc01,03-10 01:00:00+01:00,N_108,0.0
2030,sc01,03-10 01:00:00+01:00,N_111,0.0
2030,sc01,03-10 01:00:00+01:00,N_105,0.0
2030,sc01,03-10 02:00:00+01:00,N_120,0.0
2030,sc01,03-10 02:00:00+01:00,N_112,0.0
2030,sc01,03-10 02:00:00+01:00,N_101,0.0
2030,sc01,03-10 02:00:00+01:00,N_110,0.0
2030,sc01,03-10 02:00:00+01:00,N_113,0.0
2030,sc01,03-10 02:00:00+01:00,N_115,0.0
2030,sc01,03-10 02:00:00+01:00,N_119,0.0
2030,sc01,03-10 02:00:00+01:00,N_109,0.0
2030,sc01,03-10 02:00:00+01:00,N_102,0.0
2030,sc01,03-10 02:00:00+01:00,N_121,0.0
2030,sc01,03-10 02:00:00+01:00,N_123,0.0
2030,sc01,03-10 02:00:00+01:00,N_117,0.0
2030,sc01,03-10 02:00:00+01:00,N_124,0.0
2030,sc01,03-10 02:00:00+01:00,N_103,0.0
2030,sc01,03-10 02:00:00+01:00,N_114,0.0
2030,sc01,03-10 02:00:00+01:00,N_107,0.0
2030,sc01,03-10 02:00:00+01:00,N_104,0.0
2030,sc01,03-10 02:00:00+01:00,N_116,0.0
2030,sc01,03-10 02:00:00+01:00,N_106,0.0
2030,sc01,03-10 02:00:00+01:00,N_118,0.0
2030,sc01,03-10 02:00:00+01:00,N_122,0.0
2030,sc01,03-10 02:00:00+01:00,N_108,0.0
2030,sc01,03-10 02:00:00+01:00,N_111,0.0
2030,sc01,03-10 02:00:00+01:00,N_105,0.0
2030,sc01,03-10 03:00:00+01:00,N_120,0.0
2030,sc01,03-10 03:00:00+01:00,N_112,0.0
2030,sc01,03-10 03:00:00+01:00,N_101,0.0
2030,sc01,03-10 03:00:00+01:00,N_110,0.0
2030,sc01,03-10 03:00:00+01:00,N_113,0.0
2030,sc01,03-10 03:00:00+01:00,N_115,0.0
2030,sc01,03-10 03:00:00+01:00,N_119,0.0
2030,sc01,03-10 03:00:00+01:00,N_109,0.0
2030,sc01,03-10 03:00:00+01:00,N_102,0.0
2030,sc01,03-10 03:00:00+01:00,N_121,0.0
2030,sc01,03-10 03:00:00+01:00,N_123,0.0
2030,sc01,03-10 03:00:00+01:00,N_117,0.0
2030,sc01,03-10 03:00:00+01:00,N_124,0.0
2030,sc01,03-10 03:00:00+01:00,N_103,0.0
2030,sc01,03-10 03:00:00+01:00,N_114,0.0
2030,sc01,03-10 03:00:00+01:00,N_107,0.0
2030,sc01,03-10 03:00:00+01:00,N_104,0.0
2030,sc01,03-10 03:00:00+01:00,N_116,0.0
2030,sc01,03-10 03:00:00+01:00,N_106,0.0
2030,sc01,03-10 03:00:00+01:00,N_118,0.0
2030,sc01,03-10 03:00:00+01:00,N_122,0.0
2030,sc01,03-10 03:00:00+01:00,N_108,0.0
2030,sc01,03-10 03:00:00+01:00,N_111,0.0
2030,sc01,03-10 03:00:00+01:00,N_105,0.0
2030,sc01,03-24 20:00:00+01:00,N_120,0.0
2030,sc01,03-24 20:00:00+01:00,N_112,0.0
2030,sc01,03-24 20:00:00+01:00,N_101,0.0
2030,sc01,03-24 20:00:00+01:00,N_110,0.0
2030,sc01,03-24 20:00:00+01:00,N_113,0.0
2030,sc01,03-24 20:00:00+01:00,N_115,0.0
2030,sc01,03-24 20:00:00+01:00,N_119,0.0
2030,sc01,03-24 20:00:00+01:00,N_109,0.0
2030,sc01,03-24 20:00:00+01:00,N_102,0.0
2030,sc01,03-24 20:00:00+01:00,N_121,0.0
2030,sc01,03-24 20:00:00+01:00,N_123,0.0
2030,sc01,03-24 20:00:00+01:00,N_117,0.0
2030,sc01,03-24 20:00:00+01:00,N_124,0.0
2030,sc01,03-24 20:00:00+01:00,N_103,0.0
2030,sc01,03-24 20:00:00+01:00,N_114,0.0
2030,sc01,03-24 20:00:00+01:00,N_107,0.0
2030,sc01,03-24 20:00:00+01:00,N_104,0.0
2030,sc01,03-24 20:00:00+01:00,N_116,0.0
2030,sc01,03-24 20:00:00+01:00,N_106,0.0
2030,sc01,03-24 20:00:00+01:00,N_118,0.0
2030,sc01,03-24 20:00:00+01:00,N_122,0.0
2030,sc01,03-24 20:00:00+01:00,N_108,0.0
2030,sc01,03-24 20:00:00+01:00,N_111,0.0
2030,sc01,03-24 20:00:00+01:00,N_105,0.0
2030,sc01,03-24 21:00:00+01:00,N_120,0.0
2030,sc01,03-24 21:00:00+01:00,N_112,0.0
2030,sc01,03-24 21:00:00+01:00,N_101,0.0
2030,sc01,03-24 21:00:00+01:00,N_110,0.0
2030,sc01,03-24 21:00:00+01:00,N_113,0.0
2030,sc01,03-24 21:00:00+01:00,N_115,0.0
2030,sc01,03-24 21:00:00+01:00,N_119,0.0
2030,sc01,03-24 21:00:00+01:00,N_109,0.0
2030,sc01,03-24 21:00:00+01:00,N_102,0.0
2030,sc01,03-24 21:00:00+01:00,N_121,0.0
2030,sc01,03-24 21:00:00+01:00,N_123,0.0
2030,sc01,03-24 21:00:00+01:00,N_117,0.0
2030,sc01,03-24 21:00:00+01:00,N_124,0.0
2030,sc01,03-24 21:00:00+01:00,N_103,0.0
2030,sc01,03-24 21:00:00+01:00,N_114,0.0
2030,sc01,03-24 21:00:00+01:00,N_107,0.0
2030,sc01,03-24 21:00:00+01:00,N_104,0.0
2030,sc01,03-24 21:00:00+01:00,N_116,0.0
2030,sc01,03-24 21:00:00+01:00,N_106,0.0
2030,sc01,03-24 21:00:00+01:00,N_118,0.0
2030,sc01,03-24 21:00:00+01:00,N_122,0.0
2030,sc01,03-24 21:00:00+01:00,N_108,0.0
2030,sc01,03-24 21:00:00+01:00,N_111,0.0
2030,sc01,03-24 21:00:00+01:00,N_105,0.0
2030,sc01,03-24 22:00:00+01:00,N_120,0.0
2030,sc01,03-24 22:00:00+01:00,N_112,0.0
2030,sc01,03-24 22:00:00+01:00,N_101,0.0
2030,sc01,03-24 22:00:00+01:00,N_110,0.0
2030,sc01,03-24 22:00:00+01:00,N_113,0.0
2030,sc01,03-24 22:00:00+01:00,N_115,0.0
2030,sc01,03-24 22:00:00+01:00,N_119,0.0
2030,sc01,03-24 22:00:00+01:00,N_109,0.0
2030,sc01,03-24 22:00:00+01:00,N_102,0.0
2030,sc01,03-24 22:00:00+01:00,N_121,0.0
2030,sc01,03-24 22:00:00+01:00,N_123,0.0
2030,sc01,03-24 22:00:00+01:00,N_117,0.0
2030,sc01,03-24 22:00:00+01:00,N_124,0.0
2030,sc01,03-24 22:00:00+01:00,N_103,0.0
2030,sc01,03-24 22:00:00+01:00,N_114,0.0
2030,sc01,03-24 22:00:00+01:00,N_107,0.0
2030,sc01,03-24 22:00:00+01:00,N_104,0.0
2030,sc01,03-24 22:00:00+01:00,N_116,0.0
2030,sc01,03-24 22:00:00+01:00,N_106,0.0
2030,sc01,03-24 22:00:00+01:00,N_118,0.0
2030,sc01,03-24 22:00:00+01:00,N_122,0.0
2030,sc01,03-24 22:00:00+01:00,N_108,0.0
2030,sc01,03-24 22:00:00+01:00,N_111,0.0
2030,sc01,03-24 22:00:00+01:00,N_105,0.0
2030,sc01,03-24 23:00:00+01:00,N_120,0.0
2030,sc01,03-24 23:00:00+01:00,N_112,0.0
2030,sc01,03-24 23:00:00+01:00,N_101,0.0
2030,sc01,03-24 23:00:00+01:00,N_110,0.0
2030,sc01,03-24 23:00:00+01:00,N_113,0.0
2030,sc01,03-24 23:00:00+01:00,N_115,0.0
2030,sc01,03-24 23:00:00+01:00,N_119,0.0
2030,sc01,03-24 23:00:00+01:00,N_109,0.0
2030,sc01,03-24 23:00:00+01:00,N_102,0.0
2030,sc01,03-24 23:00:00+01:00,N_121,0.0
2030,sc01,03-24 23:00:00+01:00,N_123,0.0
2030,sc01,03-24 23:00:00+01:00,N_117,0.0
2030,sc01,03-24 23:00:00+01:00,N_124,0.0
2030,sc01,03-24 23:00:00+01:00,N_103,0.0
2030,sc01,03-24 23:00:00+01:00,N_114,0.0
2030,sc01,03-24 23:00:00+01:00,N_107,0.0
2030,sc01,03-24 23:00:00+01:00,N_104,0.0
2030,sc01,03-24 23:00:00+01:00,N_116,0.0
2030,sc01,03-24 23:00:00+01:00,N_106,0.0
2030,sc01,03-24 23:00:00+01:00,N_118,0.0
2030,sc01,03-24 23:00:00+01:00,N_122,0.0
2030,sc01,03-24 23:00:00+01:00,N_108,0.0
2030,sc01,03-24 23:00:00+01:00,N_111,0.0
2030,sc01,03-24 23:00:00+01:00,N_105,0.0
2030,sc01,04-09 00:00:00+02:00,N_120,0.0
2030,sc01,04-09 00:00:00+02:00,N_112,0.0
2030,sc01,04-09 00:00:00+02:00,N_101,0.0
2030,sc01,04-09 00:00:00+02:00,N_110,0.0
2030,sc01,04-09 00:00:00+02:00,N_113,0.0
2030,sc01,04-09 00:00:00+02:00,N_115,0.0
2030,sc01,04-09 00:00:00+02:00,N_119,0.0
2030,sc01,04-09 00:00:00+02:00,N_109,0.0
2030,sc01,04-09 00:00:00+02:00,N_102,0.0
2030,sc01,04-09 00:00:00+02:00,N_121,0.0
2030,sc01,04-09 00:00:00+02:00,N_123,0.0
2030,sc01,04-09 00:00:00+02:00,N_117,0.0
2030,sc01,04-09 00:00:00+02:00,N_124,0.0
2030,sc01,04-09 00:00:00+02:00,N_103,0.0
2030,sc01,04-09 00:00:00+02:00,N_114,0.0
2030,sc01,04-09 00:00:00+02:00,N_107,0.0
2030,sc01,04-09 00:00:00+02:00,N_104,0.0
2030,sc01,04-09 00:00:00+02:00,N_116,0.0
2030,sc01,04-09 00:00:00+02:00,N_106,0.0
2030,sc01,04-09 00:00:00+02:00,N_118,0.0
2030,sc01,04-09 00:00:00+02:00,N_122,0.0
2030,sc01,04-09 00:00:00+02:00,N_108,0.0
2030,sc01,04-09 00:00:00+02:00,N_111,0.0
2030,sc01,04-09 00:00:00+02:00,N_105,0.0
2030,sc01,04-09 01:00:00+02:00,N_120,0.0
2030,sc01,04-09 01:00:00+02:00,N_112,0.0
2030,sc01,04-09 01:00:00+02:00,N_101,0.0
2030,sc01,04-09 01:00:00+02:00,N_110,0.0
2030,sc01,04-09 01:00:00+02:00,N_113,0.0
2030,sc01,04-09 01:00:00+02:00,N_115,0.0
2030,sc01,04-09 01:00:00+02:00,N_119,0.0
2030,sc01,04-09 01:00:00+02:00,N_109,0.0
2030,sc01,04-09 01:00:00+02:00,N_102,0.0
2030,sc01,04-09 01:00:00+02:00,N_121,0.0
2030,sc01,04-09 01:00:00+02:00,N_123,0.0
2030,sc01,04-09 01:00:00+02:00,N_117,0.0
2030,sc01,04-09 01:00:00+02:00,N_124,0.0
2030,sc01,04-09 01:00:00+02:00,N_103,0.0
2030,sc01,04-09 01:00:00+02:00,N_114,0.0
2030,sc01,04-09 01:00:00+02:00,N_107,0.0
2030,sc01,04-09 01:00:00+02:00,N_104,0.0
2030,sc01,04-09 01:00:00+02:00,N_116,0.0
2030,sc01,04-09 01:00:00+02:00,N_106,0.0
2030,sc01,04-09 01:00:00+02:00,N_118,0.0
2030,sc01,04-09 01:00:00+02:00,N_122,0.0
2030,sc01,04-09 01:00:00+02:00,N_108,0.0
2030,sc01,04-09 01:00:00+02:00,N_111,0.0
2030,sc01,04-09 01:00:00+02:00,N_105,0.0
2030,sc01,04-09 02:00:00+02:00,N_120,0.0
2030,sc01,04-09 02:00:00+02:00,N_112,0.0
2030,sc01,04-09 02:00:00+02:00,N_101,0.0
2030,sc01,04-09 02:00:00+02:00,N_110,0.0
2030,sc01,04-09 02:00:00+02:00,N_113,0.0
2030,sc01,04-09 02:00:00+02:00,N_115,0.0
2030,sc01,04-09 02:00:00+02:00,N_119,0.0
2030,sc01,04-09 02:00:00+02:00,N_109,0.0
2030,sc01,04-09 02:00:00+02:00,N_102,0.0
2030,sc01,04-09 02:00:00+02:00,N_121,0.0
2030,sc01,04-09 02:00:00+02:00,N_123,0.0
2030,sc01,04-09 02:00:00+02:00,N_117,0.0
2030,sc01,04-09 02:00:00+02:00,N_124,0.0
2030,sc01,04-09 02:00:00+02:00,N_103,0.0
2030,sc01,04-09 02:00:00+02:00,N_114,0.0
2030,sc01,04-09 02:00:00+02:00,N_107,0.0
2030,sc01,04-09 02:00:00+02:00,N_104,0.0
2030,sc01,04-09 02:00:00+02:00,N_116,0.0
2030,sc01,04-09 02:00:00+02:00,N_106,0.0
2030,sc01,04-09 02:00:00+02:00,N_118,0.0
2030,sc01,04-09 02:00:00+02:00,N_122,0.0
2030,sc01,04-09 02:00:00+02:00,N_108,0.0
2030,sc01,04-09 02:00:00+02:00,N_111,0.0
2030,sc01,04-09 02:00:00+02:00,N_105,0.0
2030,sc01,04-09 03:00:00+02:00,N_120,0.0
2030,sc01,04-09 03:00:00+02:00,N_112,0.0
2030,sc01,04-09 03:00:00+02:00,N_101,0.0
2030,sc01,04-09 03:00:00+02:00,N_110,0.0
2030,sc01,04-09 03:00:00+02:00,N_113,0.0
2030,sc01,04-09 03:00:00+02:00,N_115,0.0
2030,sc01,04-09 03:00:00+02:00,N_119,0.0
2030,sc01,04-09 03:00:00+02:00,N_109,0.0
2030,sc01,04-09 03:00:00+02:00,N_102,0.0
2030,sc01,04-09 03:00:00+02:00,N_121,0.0
2030,sc01,04-09 03:00:00+02:00,N_123,0.0
2030,sc01,04-09 03:00:00+02:00,N_117,0.0
2030,sc01,04-09 03:00:00+02:00,N_124,0.0
2030,sc01,04-09 03:00:00+02:00,N_103,0.0
2030,sc01,04-09 03:00:00+02:00,N_114,0.0
2030,sc01,04-09 03:00:00+02:00,N_107,0.0
2030,sc01,04-09 03:00:00+02:00,N_104,0.0
2030,sc01,04-09 03:00:00+02:00,N_116,0.0
2030,sc01,04-09 03:00:00+02:00,N_106,0.0
2030,sc01,04-09 03:00:00+02:00,N_118,0.0
2030,sc01,04-09 03:00:00+02:00,N_122,0.0
2030,sc01,04-09 03:00:00+02:00,N_108,0.0
2030,sc01,04-09 03:00:00+02:00,N_111,0.0
2030,sc01,04-09 03:00:00+02:00,N_105,0.0
2030,sc01,04-21 04:00:00+02:00,N_120,0.0
2030,sc01,04-21 04:00:00+02:00,N_112,0.0
2030,sc01,04-21 04:00:00+02:00,N_101,0.0
2030,sc01,04-21 04:00:00+02:00,N_110,0.0
2030,sc01,04-21 04:00:00+02:00,N_113,0.0
2030,sc01,04-21 04:00:00+02:00,N_115,0.0
2030,sc01,04-21 04:00:00+02:00,N_119,0.0
2030,sc01,04-21 04:00:00+02:00,N_109,0.0
2030,sc01,04-21 04:00:00+02:00,N_102,0.0
2030,sc01,04-21 04:00:00+02:00,N_121,0.0
2030,sc01,04-21 04:00:00+02:00,N_123,0.0
2030,sc01,04-21 04:00:00+02:00,N_117,0.0
2030,sc01,04-21 04:00:00+02:00,N_124,0.0
2030,sc01,04-21 04:00:00+02:00,N_103,0.0
2030,sc01,04-21 04:00:00+02:00,N_114,0.0
2030,sc01,04-21 04:00:00+02:00,N_107,0.0
2030,sc01,04-21 04:00:00+02:00,N_104,0.0
2030,sc01,04-21 04:00:00+02:00,N_116,0.0
2030,sc01,04-21 04:00:00+02:00,N_106,0.0
2030,sc01,04-21 04:00:00+02:00,N_118,0.0
2030,sc01,04-21 04:00:00+02:00,N_122,0.0
2030,sc01,04-21 04:00:00+02:00,N_108,0.0
2030,sc01,04-21 04:00:00+02:00,N_111,0.0
2030,sc01,04-21 04:00:00+02:00,N_105,0.0
2030,sc01,04-21 05:00:00+02:00,N_120,0.0
2030,sc01,04-21 05:00:00+02:00,N_112,0.0
2030,sc01,04-21 05:00:00+02:00,N_101,0.0
2030,sc01,04-21 05:00:00+02:00,N_110,0.0
2030,sc01,04-21 05:00:00+02:00,N_113,0.0
2030,sc01,04-21 05:00:00+02:00,N_115,0.0
2030,sc01,04-21 05:00:00+02:00,N_119,0.0
2030,sc01,04-21 05:00:00+02:00,N_109,0.0
2030,sc01,04-21 05:00:00+02:00,N_102,0.0
2030,sc01,04-21 05:00:00+02:00,N_121,0.0
2030,sc01,04-21 05:00:00+02:00,N_123,0.0
2030,sc01,04-21 05:00:00+02:00,N_117,0.0
2030,sc01,04-21 05:00:00+02:00,N_124,0.0
2030,sc01,04-21 05:00:00+02:00,N_103,0.0
2030,sc01,04-21 05:00:00+02:00,N_114,0.0
2030,sc01,04-21 05:00:00+02:00,N_107,0.0
2030,sc01,04-21 05:00:00+02:00,N_104,0.0
2030,sc01,04-21 05:00:00+02:00,N_116,0.0
2030,sc01,04-21 05:00:00+02:00,N_106,0.0
2030,sc01,04-21 05:00:00+02:00,N_118,0.0
2030,sc01,04-21 05:00:00+02:00,N_122,0.0
2030,sc01,04-21 05:00:00+02:00,N_108,0.0
2030,sc01,04-21 05:00:00+02:00,N_111,0.0
2030,sc01,04-21 05:00:00+02:00,N_105,0.0
2030,sc01,04-21 06:00:00+02:00,N_120,0.0
2030,sc01,04-21 06:00:00+02:00,N_112,0.0
2030,sc01,04-21 06:00:00+02:00,N_101,0.0
2030,sc01,04-21 06:00:00+02:00,N_110,0.0
2030,sc01,04-21 06:00:00+02:00,N_113,0.0
2030,sc01,04-21 06:00:00+02:00,N_115,0.0
2030,sc01,04-21 06:00:00+02:00,N_119,0.0
2030,sc01,04-21 06:00:00+02:00,N_109,0.0
2030,sc01,04-21 06:00:00+02:00,N_102,0.0
2030,sc01,04-21 06:00:00+02:00,N_121,0.0
2030,sc01,04-21 06:00:00+02:00,N_123,0.0
2030,sc01,04-21 06:00:00+02:00,N_117,0.0
2030,sc01,04-21 06:00:00+02:00,N_124,0.0
2030,sc01,04-21 06:00:00+02:00,N_103,0.0
2030,sc01,04-21 06:00:00+02:00,N_114,0.0
2030,sc01,04-21 06:00:00+02:00,N_107,0.0
2030,sc01,04-21 06:00:00+02:00,N_104,0.0
2030,sc01,04-21 06:00:00+02:00,N_116,0.0
2030,sc01,04-21 06:00:00+02:00,N_106,0.0
2030,sc01,04-21 06:00:00+02:00,N_118,0.0
2030,sc01,04-21 06:00:00+02:00,N_122,0.0
2030,sc01,04-21 06:00:00+02:00,N_108,0.0
2030,sc01,04-21 06:00:00+02:00,N_111,0.0
2030,sc01,04-21 06:00:00+02:00,N_105,0.0
2030,sc01,04-21 07:00:00+02:00,N_120,0.0
2030,sc01,04-21 07:00:00+02:00,N_112,0.0
2030,sc01,04-21 07:00:00+02:00,N_101,0.0
2030,sc01,04-21 07:00:00+02:00,N_110,0.0
2030,sc01,04-21 07:00:00+02:00,N_113,0.0
2030,sc01,04-21 07:00:00+02:00,N_115,0.0
2030,sc01,04-21 07:00:00+02:00,N_119,0.0
2030,sc01,04-21 07:00:00+02:00,N_109,0.0
2030,sc01,04-21 07:00:00+02:00,N_102,0.0
2030,sc01,04-21 07:00:00+02:00,N_121,0.0
2030,sc01,04-21 07:00:00+02:00,N_123,0.0
2030,sc01,04-21 07:00:00+02:00,N_117,0.0
2030,sc01,04-21 07:00:00+02:00,N_124,0.0
2030,sc01,04-21 07:00:00+02:00,N_103,0.0
2030,sc01,04-21 07:00:00+02:00,N_114,0.0
2030,sc01,04-21 07:00:00+02:00,N_107,0.0
2030,sc01,04-21 07:00:00+02:00,N_104,0.0
2030,sc01,04-21 07:00:00+02:00,N_116,0.0
2030,sc01,04-21 07:00:00+02:00,N_106,0.0
2030,sc01,04-21 07:00:00+02:00,N_118,0.0
2030,sc01,04-21 07:00:00+02:00,N_122,0.0
2030,sc01,04-21 07:00:00+02:00,N_108,0.0
2030,sc01,04-21 07:00:00+02:00,N_111,0.0
2030,sc01,04-21 07:00:00+02:00,N_105,0.0
2030,sc01,05-31 00:00:00+02:00,N_120,0.0
2030,sc01,05-31 00:00:00+02:00,N_112,0.0
2030,sc01,05-31 00:00:00+02:00,N_101,0.0
2030,sc01,05-31 00:00:00+02:00,N_110,0.0
2030,sc01,05-31 00:00:00+02:00,N_113,0.0
2030,sc01,05-31 00:00:00+02:00,N_115,0.0
2030,sc01,05-31 00:00:00+02:00,N_119,0.0
2030,sc01,05-31 00:00:00+02:00,N_109,0.0
2030,sc01,05-31 00:00:00+02:00,N_102,0.0
2030,sc01,05-31 00:00:00+02:00,N_121,0.0
2030,sc01,05-31 00:00:00+02:00,N_123,0.0
2030,sc01,05-31 00:00:00+02:00,N_117,0.0
2030,sc01,05-31 00:00:00+02:00,N_124,0.0
2030,sc01,05-31 00:00:00+02:00,N_103,0.0
2030,sc01,05-31 00:00:00+02:00,N_114,0.0
2030,sc01,05-31 00:00:00+02:00,N_107,0.0
2030,sc01,05-31 00:00:00+02:00,N_104,0.0
2030,sc01,05-31 00:00:00+02:00,N_116,0.0
2030,sc01,05-31 00:00:00+02:00,N_106,0.0
2030,sc01,05-31 00:00:00+02:00,N_118,0.0
2030,sc01,05-31 00:00:00+02:00,N_122,0.0
2030,sc01,05-31 00:00:00+02:00,N_108,0.0
2030,sc01,05-31 00:00:00+02:00,N_111,0.0
2030,sc01,05-31 00:00:00+02:00,N_105,0.0
2030,sc01,05-31 01:00:00+02:00,N_120,0.0
2030,sc01,05-31 01:00:00+02:00,N_112,0.0
2030,sc01,05-31 01:00:00+02:00,N_101,0.0
2030,sc01,05-31 01:00:00+02:00,N_110,0.0
2030,sc01,05-31 01:00:00+02:00,N_113,0.0
2030,sc01,05-31 01:00:00+02:00,N_115,0.0
2030,sc01,05-31 01:00:00+02:00,N_119,0.0
2030,sc01,05-31 01:00:00+02:00,N_109,0.0
2030,sc01,05-31 01:00:00+02:00,N_102,0.0
2030,sc01,05-31 01:00:00+02:00,N_121,0.0
2030,sc01,05-31 01:00:00+02:00,N_123,0.0
2030,sc01,05-31 01:00:00+02:00,N_117,0.0
2030,sc01,05-31 01:00:00+02:00,N_124,0.0
2030,sc01,05-31 01:00:00+02:00,N_103,0.0
2030,sc01,05-31 01:00:00+02:00,N_114,0.0
2030,sc01,05-31 01:00:00+02:00,N_107,0.0
2030,sc01,05-31 01:00:00+02:00,N_104,0.0
2030,sc01,05-31 01:00:00+02:00,N_116,0.0
2030,sc01,05-31 01:00:00+02:00,N_106,0.0
2030,sc01,05-31 01:00:00+02:00,N_118,0.0
2030,sc01,05-31 01:00:00+02:00,N_122,0.0
2030,sc01,05-31 01:00:00+02:00,N_108,0.0
2030,sc01,05-31 01:00:00+02:00,N_111,0.0
2030,sc01,05-31 01:00:00+02:00,N_105,0.0
2030,sc01,05-31 02:00:00+02:00,N_120,0.0
2030,sc01,05-31 02:00:00+02:00,N_112,0.0
2030,sc01,05-31 02:00:00+02:00,N_101,0.0
2030,sc01,05-31 02:00:00+02:00,N_110,0.0
2030,sc01,05-31 02:00:00+02:00,N_113,0.0
2030,sc01,05-31 02:00:00+02:00,N_115,0.0
2030,sc01,05-31 02:00:00+02:00,N_119,0.0
2030,sc01,05-31 02:00:00+02:00,N_109,0.0
2030,sc01,05-31 02:00:00+02:00,N_102,0.0
2030,sc01,05-31 02:00:00+02:00,N_121,0.0
2030,sc01,05-31 02:00:00+02:00,N_123,0.0
2030,sc01,05-31 02:00:00+02:00,N_117,0.0
2030,sc01,05-31 02:00:00+02:00,N_124,0.0
2030,sc01,05-31 02:00:00+02:00,N_103,0.0
2030,sc01,05-31 02:00:00+02:00,N_114,0.0
2030,sc01,05-31 02:00:00+02:00,N_107,0.0
2030,sc01,05-31 02:00:00+02:00,N_104,0.0
2030,sc01,05-31 02:00:00+02:00,N_116,0.0
2030,sc01,05-31 02:00:00+02:00,N_106,0.0
2030,sc01,05-31 02:00:00+02:00,N_118,0.0
2030,sc01,05-31 02:00:00+02:00,N_122,0.0
2030,sc01,05-31 02:00:00+02:00,N_108,0.0
2030,sc01,05-31 02:00:00+02:00,N_111,0.0
2030,sc01,05-31 02:00:00+02:00,N_105,0.0
2030,sc01,05-31 03:00:00+02:00,N_120,0.0
2030,sc01,05-31 03:00:00+02:00,N_112,0.0
2030,sc01,05-31 03:00:00+02:00,N_101,0.0
2030,sc01,05-31 03:00:00+02:00,N_110,0.0
2030,sc01,05-31 03:00:00+02:00,N_113,0.0
2030,sc01,05-31 03:00:00+02:00,N_115,0.0
2030,sc01,05-31 03:00:00+02:00,N_119,0.0
2030,sc01,05-31 03:00:00+02:00,N_109,0.0
2030,sc01,05-31 03:00:00+02:00,N_102,0.0
2030,sc01,05-31 03:00:00+02:00,N_121,0.0
2030,sc01,05-31 03:00:00+02:00,N_123,0.0
2030,sc01,05-31 03:00:00+02:00,N_117,0.0
2030,sc01,05-31 03:00:00+02:00,N_124,0.0
2030,sc01,05-31 03:00:00+02:00,N_103,0.0
2030,sc01,05-31 03:00:00+02:00,N_114,0.0
2030,sc01,05-31 03:00:00+02:00,N_107,0.0
2030,sc01,05-31 03:00:00+02:00,N_104,0.0
2030,sc01,05-31 03:00:00+02:00,N_116,0.0
2030,sc01,05-31 03:00:00+02:00,N_106,0.0
2030,sc01,05-31 03:00:00+02:00,N_118,0.0
2030,sc01,05-31 03:00:00+02:00,N_122,0.0
2030,sc01,05-31 03:00:00+02:00,N_108,0.0
2030,sc01,05-31 03:00:00+02:00,N_111,0.0
2030,sc01,05-31 03:00:00+02:00,N_105,0.0
2030,sc01,06-16 08:00:00+02:00,N_120,0.0
2030,sc01,06-16 08:00:00+02:00,N_112,0.0
2030,sc01,06-16 08:00:00+02:00,N_101,0.0
2030,sc01,06-16 08:00:00+02:00,N_110,0.0
2030,sc01,06-16 08:00:00+02:00,N_113,0.0
2030,sc01,06-16 08:00:00+02:00,N_115,0.0
2030,sc01,06-16 08:00:00+02:00,N_119,0.0
2030,sc01,06-16 08:00:00+02:00,N_109,0.0
2030,sc01,06-16 08:00:00+02:00,N_102,0.0
2030,sc01,06-16 08:00:00+02:00,N_121,0.0
2030,sc01,06-16 08:00:00+02:00,N_123,0.0
2030,sc01,06-16 08:00:00+02:00,N_117,0.0
2030,sc01,06-16 08:00:00+02:00,N_124,0.0
2030,sc01,06-16 08:00:00+02:00,N_103,0.0
2030,sc01,06-16 08:00:00+02:00,N_114,0.0
2030,sc01,06-16 08:00:00+02:00,N_107,0.0
2030,sc01,06-16 08:00:00+02:00,N_104,0.0
2030,sc01,06-16 08:00:00+02:00,N_116,0.0
2030,sc01,06-16 08:00:00+02:00,N_106,0.0
2030,sc01,06-16 08:00:00+02:00,N_118,0.0
2030,sc01,06-16 08:00:00+02:00,N_122,0.0
2030,sc01,06-16 08:00:00+02:00,N_108,0.0
2030,sc01,06-16 08:00:00+02:00,N_111,0.0
2030,sc01,06-16 08:00:00+02:00,N_105,0.0
2030,sc01,06-16 09:00:00+02:00,N_120,0.0
2030,sc01,06-16 09:00:00+02:00,N_112,0.0
2030,sc01,06-16 09:00:00+02:00,N_101,0.0
2030,sc01,06-16 09:00:00+02:00,N_110,0.0
2030,sc01,06-16 09:00:00+02:00,N_113,0.0
2030,sc01,06-16 09:00:00+02:00,N_115,0.0
2030,sc01,06-16 09:00:00+02:00,N_119,0.0
2030,sc01,06-16 09:00:00+02:00,N_109,0.0
2030,sc01,06-16 09:00:00+02:00,N_102,0.0
2030,sc01,06-16 09:00:00+02:00,N_121,0.0
2030,sc01,06-16 09:00:00+02:00,N_123,0.0
2030,sc01,06-16 09:00:00+02:00,N_117,0.0
2030,sc01,06-16 09:00:00+02:00,N_124,0.0
2030,sc01,06-16 09:00:00+02:00,N_103,0.0
2030,sc01,06-16 09:00:00+02:00,N_114,0.0
2030,sc01,06-16 09:00:00+02:00,N_107,0.0
2030,sc01,06-16 09:00:00+02:00,N_104,0.0
2030,sc01,06-16 09:00:00+02:00,N_116,0.0
2030,sc01,06-16 09:00:00+02:00,N_106,0.0
2030,sc01,06-16 09:00:00+02:00,N_118,0.0
2030,sc01,06-16 09:00:00+02:00,N_122,0.0
2030,sc01,06-16 09:00:00+02:00,N_108,0.0
2030,sc01,06-16 09:00:00+02:00,N_111,0.0
2030,sc01,06-16 09:00:00+02:00,N_105,0.0
2030,sc01,06-16 10:00:00+02:00,N_120,0.0
2030,sc01,06-16 10:00:00+02:00,N_112,0.0
2030,sc01,06-16 10:00:00+02:00,N_101,0.0
2030,sc01,06-16 10:00:00+02:00,N_110,0.0
2030,sc01,06-16 10:00:00+02:00,N_113,0.0
2030,sc01,06-16 10:00:00+02:00,N_115,0.0
2030,sc01,06-16 10:00:00+02:00,N_119,0.0
2030,sc01,06-16 10:00:00+02:00,N_109,0.0
2030,sc01,06-16 10:00:00+02:00,N_102,0.0
2030,sc01,06-16 10:00:00+02:00,N_121,0.0
2030,sc01,06-16 10:00:00+02:00,N_123,0.0
2030,sc01,06-16 10:00:00+02:00,N_117,0.0
2030,sc01,06-16 10:00:00+02:00,N_124,0.0
2030,sc01,06-16 10:00:00+02:00,N_103,0.0
2030,sc01,06-16 10:00:00+02:00,N_114,0.0
2030,sc01,06-16 10:00:00+02:00,N_107,0.0
2030,sc01,06-16 10:00:00+02:00,N_104,0.0
2030,sc01,06-16 10:00:00+02:00,N_116,0.0
2030,sc01,06-16 10:00:00+02:00,N_106,0.0
2030,sc01,06-16 10:00:00+02:00,N_118,0.0
2030,sc01,06-16 10:00:00+02:00,N_122,0.0
2030,sc01,06-16 10:00:00+02:00,N_108,0.0
2030,sc01,06-16 10:00:00+02:00,N_111,0.0
2030,sc01,06-16 10:00:00+02:00,N_105,0.0
2030,sc01,06-16 11:00:00+02:00,N_120,0.0
2030,sc01,06-16 11:00:00+02:00,N_112,0.0
2030,sc01,06-16 11:00:00+02:00,N_101,0.0
2030,sc01,06-16 11:00:00+02:00,N_110,0.0
2030,sc01,06-16 11:00:00+02:00,N_113,0.0
2030,sc01,06-16 11:00:00+02:00,N_115,0.0
2030,sc01,06-16 11:00:00+02:00,N_119,0.0
2030,sc01,06-16 11:00:00+02:00,N_109,0.0
2030,sc01,06-16 11:00:00+02:00,N_102,0.0
2030,sc01,06-16 11:00:00+02:00,N_121,0.0
2030,sc01,06-16 11:00:00+02:00,N_123,0.0
2030,sc01,06-16 11:00:00+02:00,N_117,0.0
2030,sc01,06-16 11:00:00+02:00,N_124,0.0
2030,sc01,06-16 11:00:00+02:00,N_103,0.0
2030,sc01,06-16 11:00:00+02:00,N_114,0.0
2030,sc01,06-16 11:00:00+02:00,N_107,0.0
2030,sc01,06-16 11:00:00+02:00,N_104,0.0
2030,sc01,06-16 11:00:00+02:00,N_116,0.0
2030,sc01,06-16 11:00:00+02:00,N_106,0.0
2030,sc01,06-16 11:00:00+02:00,N_118,0.0
2030,sc01,06-16 11:00:00+02:00,N_122,0.0
2030,sc01,06-16 11:00:00+02:00,N_108,0.0
2030,sc01,06-16 11:00:00+02:00,N_111,0.0
2030,sc01,06-16 11:00:00+02:00,N_105,0.0
2030,sc01,07-14 00:00:00+02:00,N_120,0.0
2030,sc01,07-14 00:00:00+02:00,N_112,0.0
2030,sc01,07-14 00:00:00+02:00,N_101,0.0
2030,sc01,07-14 00:00:00+02:00,N_110,0.0
2030,sc01,07-14 00:00:00+02:00,N_113,0.0
2030,sc01,07-14 00:00:00+02:00,N_115,0.0
2030,sc01,07-14 00:00:00+02:00,N_119,0.0
2030,sc01,07-14 00:00:00+02:00,N_109,0.0
2030,sc01,07-14 00:00:00+02:00,N_102,0.0
2030,sc01,07-14 00:00:00+02:00,N_121,0.0
2030,sc01,07-14 00:00:00+02:00,N_123,0.0
2030,sc01,07-14 00:00:00+02:00,N_117,0.0
2030,sc01,07-14 00:00:00+02:00,N_124,0.0
2030,sc01,07-14 00:00:00+02:00,N_103,0.0
2030,sc01,07-14 00:00:00+02:00,N_114,0.0
2030,sc01,07-14 00:00:00+02:00,N_107,0.0
2030,sc01,07-14 00:00:00+02:00,N_104,0.0
2030,sc01,07-14 00:00:00+02:00,N_116,0.0
2030,sc01,07-14 00:00:00+02:00,N_106,0.0
2030,sc01,07-14 00:00:00+02:00,N_118,0.0
2030,sc01,07-14 00:00:00+02:00,N_122,0.0
2030,sc01,07-14 00:00:00+02:00,N_108,0.0
2030,sc01,07-14 00:00:00+02:00,N_111,0.0
2030,sc01,07-14 00:00:00+02:00,N_105,0.0
2030,sc01,07-14 01:00:00+02:00,N_120,0.0
2030,sc01,07-14 01:00:00+02:00,N_112,0.0
2030,sc01,07-14 01:00:00+02:00,N_101,0.0
2030,sc01,07-14 01:00:00+02:00,N_110,0.0
2030,sc01,07-14 01:00:00+02:00,N_113,0.0
2030,sc01,07-14 01:00:00+02:00,N_115,0.0
2030,sc01,07-14 01:00:00+02:00,N_119,0.0
2030,sc01,07-14 01:00:00+02:00,N_109,0.0
2030,sc01,07-14 01:00:00+02:00,N_102,0.0
2030,sc01,07-14 01:00:00+02:00,N_121,0.0
2030,sc01,07-14 01:00:00+02:00,N_123,0.0
2030,sc01,07-14 01:00:00+02:00,N_117,0.0
2030,sc01,07-14 01:00:00+02:00,N_124,0.0
2030,sc01,07-14 01:00:00+02:00,N_103,0.0
2030,sc01,07-14 01:00:00+02:00,N_114,0.0
2030,sc01,07-14 01:00:00+02:00,N_107,0.0
2030,sc01,07-14 01:00:00+02:00,N_104,0.0
2030,sc01,07-14 01:00:00+02:00,N_116,0.0
2030,sc01,07-14 01:00:00+02:00,N_106,0.0
2030,sc01,07-14 01:00:00+02:00,N_118,0.0
2030,sc01,07-14 01:00:00+02:00,N_122,0.0
2030,sc01,07-14 01:00:00+02:00,N_108,0.0
2030,sc01,07-14 01:00:00+02:00,N_111,0.0
2030,sc01,07-14 01:00:00+02:00,N_105,0.0
2030,sc01,07-14 02:00:00+02:00,N_120,0.0
2030,sc01,07-14 02:00:00+02:00,N_112,0.0
2030,sc01,07-14 02:00:00+02:00,N_101,0.0
2030,sc01,07-14 02:00:00+02:00,N_110,0.0
2030,sc01,07-14 02:00:00+02:00,N_113,0.0
2030,sc01,07-14 02:00:00+02:00,N_115,0.0
2030,sc01,07-14 02:00:00+02:00,N_119,0.0
2030,sc01,07-14 02:00:00+02:00,N_109,0.0
2030,sc01,07-14 02:00:00+02:00,N_102,0.0
2030,sc01,07-14 02:00:00+02:00,N_121,0.0
2030,sc01,07-14 02:00:00+02:00,N_123,0.0
2030,sc01,07-14 02:00:00+02:00,N_117,0.0
2030,sc01,07-14 02:00:00+02:00,N_124,0.0
2030,sc01,07-14 02:00:00+02:00,N_103,0.0
2030,sc01,07-14 02:00:00+02:00,N_114,0.0
2030,sc01,07-14 02:00:00+02:00,N_107,0.0
2030,sc01,07-14 02:00:00+02:00,N_104,0.0
2030,sc01,07-14 02:00:00+02:00,N_116,0.0
2030,sc01,07-14 02:00:00+02:00,N_106,0.0
2030,sc01,07-14 02:00:00+02:00,N_118,0.0
2030,sc01,07-14 02:00:00+02:00,N_122,0.0
2030,sc01,07-14 02:00:00+02:00,N_108,0.0
2030,sc01,07-14 02:00:00+02:00,N_111,0.0
2030,sc01,07-14 02:00:00+02:00,N_105,0.0
2030,sc01,07-14 03:00:00+02:00,N_120,0.0
2030,sc01,07-14 03:00:00+02:00,N_112,0.0
2030,sc01,07-14 03:00:00+02:00,N_101,0.0
2030,sc01,07-14 03:00:00+02:00,N_110,0.0
2030,sc01,07-14 03:00:00+02:00,N_113,0.0
2030,sc01,07-14 03:00:00+02:00,N_115,0.0
2030,sc01,07-14 03:00:00+02:00,N_119,0.0
2030,sc01,07-14 03:00:00+02:00,N_109,0.0
2030,sc01,07-14 03:00:00+02:00,N_102,0.0
2030,sc01,07-14 03:00:00+02:00,N_121,0.0
2030,sc01,07-14 03:00:00+02:00,N_123,0.0
2030,sc01,07-14 03:00:00+02:00,N_117,0.0
2030,sc01,07-14 03:00:00+02:00,N_124,0.0
2030,sc01,07-14 03:00:00+02:00,N_103,0.0
2030,sc01,07-14 03:00:00+02:00,N_114,0.0
2030,sc01,07-14 03:00:00+02:00,N_107,0.0
2030,sc01,07-14 03:00:00+02:00,N_104,0.0
2030,sc01,07-14 03:00:00+02:00,N_116,0.0
2030,sc01,07-14 03:00:00+02:00,N_106,0.0
2030,sc01,07-14 03:00:00+02:00,N_118,0.0
2030,sc01,07-14 03:00:00+02:00,N_122,0.0
2030,sc01,07-14 03:00:00+02:00,N_108,0.0
2030,sc01,07-14 03:00:00+02:00,N_111,0.0
2030,sc01,07-14 03:00:00+02:00,N_105,0.0
2030,sc01,08-16 16:00:00+02:00,N_120,0.0
2030,sc01,08-16 16:00:00+02:00,N_112,0.0
2030,sc01,08-16 16:00:00+02:00,N_101,0.0
2030,sc01,08-16 16:00:00+02:00,N_110,0.0
2030,sc01,08-16 16:00:00+02:00,N_113,0.0
2030,sc01,08-16 16:00:00+02:00,N_115,0.0
2030,sc01,08-16 16:00:00+02:00,N_119,0.0
2030,sc01,08-16 16:00:00+02:00,N_109,0.0
2030,sc01,08-16 16:00:00+02:00,N_102,0.0
2030,sc01,08-16 16:00:00+02:00,N_121,0.0
2030,sc01,08-16 16:00:00+02:00,N_123,0.0
2030,sc01,08-16 16:00:00+02:00,N_117,0.0
2030,sc01,08-16 16:00:00+02:00,N_124,0.0
2030,sc01,08-16 16:00:00+02:00,N_103,0.0
2030,sc01,08-16 16:00:00+02:00,N_114,0.0
2030,sc01,08-16 16:00:00+02:00,N_107,0.0
2030,sc01,08-16 16:00:00+02:00,N_104,0.0
2030,sc01,08-16 16:00:00+02:00,N_116,0.0
2030,sc01,08-16 16:00:00+02:00,N_106,0.0
2030,sc01,08-16 16:00:00+02:00,N_118,0.0
2030,sc01,08-16 16:00:00+02:00,N_122,0.0
2030,sc01,08-16 16:00:00+02:00,N_108,0.0
2030,sc01,08-16 16:00:00+02:00,N_111,0.0
2030,sc01,08-16 16:00:00+02:00,N_105,0.0
2030,sc01,08-16 17:00:00+02:00,N_120,0.0
2030,sc01,08-16 17:00:00+02:00,N_112,0.0
2030,sc01,08-16 17:00:00+02:00,N_101,0.0
2030,sc01,08-16 17:00:00+02:00,N_110,0.0
2030,sc01,08-16 17:00:00+02:00,N_113,0.0
2030,sc01,08-16 17:00:00+02:00,N_115,0.0
2030,sc01,08-16 17:00:00+02:00,N_119,0.0
2030,sc01,08-16 17:00:00+02:00,N_109,0.0
2030,sc01,08-16 17:00:00+02:00,N_102,0.0
2030,sc01,08-16 17:00:00+02:00,N_121,0.0
2030,sc01,08-16 17:00:00+02:00,N_123,0.0
2030,sc01,08-16 17:00:00+02:00,N_117,0.0
2030,sc01,08-16 17:00:00+02:00,N_124,0.0
2030,sc01,08-16 17:00:00+02:00,N_103,0.0
2030,sc01,08-16 17:00:00+02:00,N_114,0.0
2030,sc01,08-16 17:00:00+02:00,N_107,0.0
2030,sc01,08-16 17:00:00+02:00,N_104,0.0
2030,sc01,08-16 17:00:00+02:00,N_116,0.0
2030,sc01,08-16 17:00:00+02:00,N_106,0.0
2030,sc01,08-16 17:00:00+02:00,N_118,0.0
2030,sc01,08-16 17:00:00+02:00,N_122,0.0
2030,sc01,08-16 17:00:00+02:00,N_108,0.0
2030,sc01,08-16 17:00:00+02:00,N_111,0.0
2030,sc01,08-16 17:00:00+02:00,N_105,0.0
2030,sc01,08-16 18:00:00+02:00,N_120,0.0
2030,sc01,08-16 18:00:00+02:00,N_112,0.0
2030,sc01,08-16 18:00:00+02:00,N_101,0.0
2030,sc01,08-16 18:00:00+02:00,N_110,0.0
2030,sc01,08-16 18:00:00+02:00,N_113,0.0
2030,sc01,08-16 18:00:00+02:00,N_115,0.0
2030,sc01,08-16 18:00:00+02:00,N_119,0.0
2030,sc01,08-16 18:00:00+02:00,N_109,0.0
2030,sc01,08-16 18:00:00+02:00,N_102,0.0
2030,sc01,08-16 18:00:00+02:00,N_121,0.0
2030,sc01,08-16 18:00:00+02:00,N_123,0.0
2030,sc01,08-16 18:00:00+02:00,N_117,0.0
2030,sc01,08-16 18:00:00+02:00,N_124,0.0
2030,sc01,08-16 18:00:00+02:00,N_103,0.0
2030,sc01,08-16 18:00:00+02:00,N_114,0.0
2030,sc01,08-16 18:00:00+02:00,N_107,0.0
2030,sc01,08-16 18:00:00+02:00,N_104,0.0
2030,sc01,08-16 18:00:00+02:00,N_116,0.0
2030,sc01,08-16 18:00:00+02:00,N_106,0.0
2030,sc01,08-16 18:00:00+02:00,N_118,0.0
2030,sc01,08-16 18:00:00+02:00,N_122,0.0
2030,sc01,08-16 18:00:00+02:00,N_108,0.0
2030,sc01,08-16 18:00:00+02:00,N_111,0.0
2030,sc01,08-16 18:00:00+02:00,N_105,0.0
2030,sc01,08-16 19:00:00+02:00,N_120,0.0
2030,sc01,08-16 19:00:00+02:00,N_112,0.0
2030,sc01,08-16 19:00:00+02:00,N_101,0.0
2030,sc01,08-16 19:00:00+02:00,N_110,0.0
2030,sc01,08-16 19:00:00+02:00,N_113,0.0
2030,sc01,08-16 19:00:00+02:00,N_115,0.0
2030,sc01,08-16 19:00:00+02:00,N_119,0.0
2030,sc01,08-16 19:00:00+02:00,N_109,0.0
2030,sc01,08-16 19:00:00+02:00,N_102,0.0
2030,sc01,08-16 19:00:00+02:00,N_121,0.0
2030,sc01,08-16 19:00:00+02:00,N_123,0.0
2030,sc01,08-16 19:00:00+02:00,N_117,0.0
2030,sc01,08-16 19:00:00+02:00,N_124,0.0
2030,sc01,08-16 19:00:00+02:00,N_103,0.0
2030,sc01,08-16 19:00:00+02:00,N_114,0.0
2030,sc01,08-16 19:00:00+02:00,N_107,0.0
2030,sc01,08-16 19:00:00+02:00,N_104,0.0
2030,sc01,08-16 19:00:00+02:00,N_116,0.0
2030,sc01,08-16 19:00:00+02:00,N_106,0.0
2030,sc01,08-16 19:00:00+02:00,N_118,0.0
2030,sc01,08-16 19:00:00+02:00,N_122,0.0
2030,sc01,08-16 19:00:00+02:00,N_108,0.0
2030,sc01,08-16 19:00:00+02:00,N_111,0.0
2030,sc01,08-16 19:00:00+02:00,N_105,0.0
2030,sc01,12-08 04:00:00+01:00,N_120,0.0
2030,sc01,12-08 04:00:00+01:00,N_112,0.0
2030,sc01,12-08 04:00:00+01:00,N_101,0.0
2030,sc01,12-08 04:00:00+01:00,N_110,0.0
2030,sc01,12-08 04:00:00+01:00,N_113,0.0
2030,sc01,12-08 04:00:00+01:00,N_115,0.0
2030,sc01,12-08 04:00:00+01:00,N_119,0.0
2030,sc01,12-08 04:00:00+01:00,N_109,0.0
2030,sc01,12-08 04:00:00+01:00,N_102,0.0
2030,sc01,12-08 04:00:00+01:00,N_121,0.0
2030,sc01,12-08 04:00:00+01:00,N_123,0.0
2030,sc01,12-08 04:00:00+01:00,N_117,0.0
2030,sc01,12-08 04:00:00+01:00,N_124,0.0
2030,sc01,12-08 04:00:00+01:00,N_103,0.0
2030,sc01,12-08 04:00:00+01:00,N_114,0.0
2030,sc01,12-08 04:00:00+01:00,N_107,0.0
2030,sc01,12-08 04:00:00+01:00,N_104,0.0
2030,sc01,12-08 04:00:00+01:00,N_116,0.0
2030,sc01,12-08 04:00:00+01:00,N_106,0.0
2030,sc01,12-08 04:00:00+01:00,N_118,0.0
2030,sc01,12-08 04:00:00+01:00,N_122,0.0
2030,sc01,12-08 04:00:00+01:00,N_108,0.0
2030,sc01,12-08 04:00:00+01:00,N_111,0.0
2030,sc01,12-08 04:00:00+01:00,N_105,0.0
2030,sc01,12-08 05:00:00+01:00,N_120,0.0
2030,sc01,12-08 05:00:00+01:00,N_112,0.0
2030,sc01,12-08 05:00:00+01:00,N_101,0.0
2030,sc01,12-08 05:00:00+01:00,N_110,0.0
2030,sc01,12-08 05:00:00+01:00,N_113,0.0
2030,sc01,12-08 05:00:00+01:00,N_115,0.0
2030,sc01,12-08 05:00:00+01:00,N_119,0.0
2030,sc01,12-08 05:00:00+01:00,N_109,0.0
2030,sc01,12-08 05:00:00+01:00,N_102,0.0
2030,sc01,12-08 05:00:00+01:00,N_121,0.0
2030,sc01,12-08 05:00:00+01:00,N_123,0.0
2030,sc01,12-08 05:00:00+01:00,N_117,0.0
2030,sc01,12-08 05:00:00+01:00,N_124,0.0
2030,sc01,12-08 05:00:00+01:00,N_103,0.0
2030,sc01,12-08 05:00:00+01:00,N_114,0.0
2030,sc01,12-08 05:00:00+01:00,N_107,0.0
2030,sc01,12-08 05:00:00+01:00,N_104,0.0
2030,sc01,12-08 05:00:00+01:00,N_116,0.0
2030,sc01,12-08 05:00:00+01:00,N_106,0.0
2030,sc01,12-08 05:00:00+01:00,N_118,0.0
2030,sc01,12-08 05:00:00+01:00,N_122,0.0
2030,sc01,12-08 05:00:00+01:00,N_108,0.0
2030,sc01,12-08 05:00:00+01:00,N_111,0.0
2030,sc01,12-08 05:00:00+01:00,N_105,0.0
2030,sc01,12-08 06:00:00+01:00,N_120,0.0
2030,sc01,12-08 06:00:00+01:00,N_112,0.0
2030,sc01,12-08 06:00:00+01:00,N_101,0.0
2030,sc01,12-08 06:00:00+01:00,N_110,0.0
2030,sc01,12-08 06:00:00+01:00,N_113,0.0
2030,sc01,12-08 06:00:00+01:00,N_115,0.0
2030,sc01,12-08 06:00:00+01:00,N_119,0.0
2030,sc01,12-08 06:00:00+01:00,N_109,0.0
2030,sc01,12-08 06:00:00+01:00,N_102,0.0
2030,sc01,12-08 06:00:00+01:00,N_121,0.0
2030,sc01,12-08 06:00:00+01:00,N_123,0.0
2030,sc01,12-08 06:00:00+01:00,N_117,0.0
2030,sc01,12-08 06:00:00+01:00,N_124,0.0
2030,sc01,12-08 06:00:00+01:00,N_103,0.0
2030,sc01,12-08 06:00:00+01:00,N_114,0.0
2030,sc01,12-08 06:00:00+01:00,N_107,0.0
2030,sc01,12-08 06:00:00+01:00,N_104,0.0
2030,sc01,12-08 06:00:00+01:00,N_116,0.0
2030,sc01,12-08 06:00:00+01:00,N_106,0.0
2030,sc01,12-08 06:00:00+01:00,N_118,0.0
2030,sc01,12-08 06:00:00+01:00,N_122,0.0
2030,sc01,12-08 06:00:00+01:00,N_108,0.0
2030,sc01,12-08 06:00:00+01:00,N_111,0.0
2030,sc01,12-08 06:00:00+01:00,N_105,0.0
2030,sc01,12-08 07:00:00+01:00,N_120,0.0
2030,sc01,12-08 07:00:00+01:00,N_112,0.0
2030,sc01,12-08 07:00:00+01:00,N_101,0.0
2030,sc01,12-08 07:00:00+01:00,N_110,0.0
2030,sc01,12-08 07:00:00+01:00,N_113,0.0
2030,sc01,12-08 07:00:00+01:00,N_115,0.0
2030,sc01,12-08 07:00:00+01:00,N_119,0.0
2030,sc01,12-08 07:00:00+01:00,N_109,0.0
2030,sc01,12-08 07:00:00+01:00,N_102,0.0
2030,sc01,12-08 07:00:00+01:00,N_121,0.0
2030,sc01,12-08 07:00:00+01:00,N_123,0.0
2030,sc01,12-08 07:00:00+01:00,N_117,0.0
2030,sc01,12-08 07:00:00+01:00,N_124,0.0
2030,sc01,12-08 07:00:00+01:00,N_103,0.0
2030,sc01,12-08 07:00:00+01:00,N_114,0.0
2030,sc01,12-08 07:00:00+01:00,N_107,0.0
2030,sc01,12-08 07:00:00+01:00,N_104,0.0
2030,sc01,12-08 07:00:00+01:00,N_116,0.0
2030,sc01,12-08 07:00:00+01:00,N_106,0.0
2030,sc01,12-08 07:00:00+01:00,N_118,0.0
2030,sc01,12-08 07:00:00+01:00,N_122,0.0
2030,sc01,12-08 07:00:00+01:00,N_108,0.0
2030,sc01,12-08 07:00:00+01:00,N_111,0.0
2030,sc01,12-08 07:00:00+01:00,N_105,0.0
