Period,Scenario,LoadLevel,Node,SRMC
2030,sc01,01-02 00:00:00+01:00,Node_2,99.91
2030,sc01,01-02 00:00:00+01:00,Node_1,143.0575710948146
2030,sc01,01-02 00:00:00+01:00,Node_3,143.06176905105403
2030,sc01,01-02 01:00:00+01:00,Node_2,99.91
2030,sc01,01-02 01:00:00+01:00,Node_1,143.05757109481456
2030,sc01,01-02 01:00:00+01:00,Node_3,143.061769051054
2030,sc01,01-02 02:00:00+01:00,Node_2,99.91
2030,sc01,01-02 02:00:00+01:00,Node_1,143.05757109481456
2030,sc01,01-02 02:00:00+01:00,Node_3,143.061769051054
2030,sc01,01-02 03:00:00+01:00,Node_2,99.91
2030,sc01,01-02 03:00:00+01:00,Node_1,143.05757109481456
2030,sc01,01-02 03:00:00+01:00,Node_3,143.061769051054
2030,sc01,01-02 04:00:00+01:00,Node_2,99.91
2030,sc01,01-02 04:00:00+01:00,Node_1,143.05757109481456
2030,sc01,01-02 04:00:00+01:00,Node_3,143.061769051054
2030,sc01,01-02 05:00:00+01:00,Node_2,99.91
2030,sc01,01-02 05:00:00+01:00,Node_1,143.05757109481456
2030,sc01,01-02 05:00:00+01:00,Node_3,143.061769051054
2030,sc01,01-02 06:00:00+01:00,Node_2,99.91
2030,sc01,01-02 06:00:00+01:00,Node_1,143.05757109481456
2030,sc01,01-02 06:00:00+01:00,Node_3,143.061769051054
2030,sc01,01-02 07:00:00+01:00,Node_2,99.91
2030,sc01,01-02 07:00:00+01:00,Node_1,143.05757109481456
2030,sc01,01-02 07:00:00+01:00,Node_3,143.061769051054
2030,sc01,01-02 08:00:00+01:00,Node_2,99.91
2030,sc01,01-02 08:00:00+01:00,Node_1,143.05757109481456
2030,sc01,01-02 08:00:00+01:00,Node_3,143.061769051054
2030,sc01,01-02 09:00:00+01:00,Node_2,99.91
2030,sc01,01-02 09:00:00+01:00,Node_1,143.05757109481456
2030,sc01,01-02 09:00:00+01:00,Node_3,143.061769051054
2030,sc01,01-02 10:00:00+01:00,Node_2,99.91
2030,sc01,01-02 10:00:00+01:00,Node_1,143.05757109481456
2030,sc01,01-02 10:00:00+01:00,Node_3,143.061769051054
2030,sc01,01-02 11:00:00+01:00,Node_2,99.91
2030,sc01,01-02 11:00:00+01:00,Node_1,99.91844368507259
2030,sc01,01-02 11:00:00+01:00,Node_3,99.92137574417923
2030,sc01,01-02 12:00:00+01:00,Node_2,99.91
2030,sc01,01-02 12:00:00+01:00,Node_1,99.9184436850726
2030,sc01,01-02 12:00:00+01:00,Node_3,99.92137574417923
2030,sc01,01-02 13:00:00+01:00,Node_2,99.91
2030,sc01,01-02 13:00:00+01:00,Node_1,99.91844368507259
2030,sc01,01-02 13:00:00+01:00,Node_3,99.92137574417923
2030,sc01,01-02 14:00:00+01:00,Node_2,99.91
2030,sc01,01-02 14:00:00+01:00,Node_1,99.91844368507259
2030,sc01,01-02 14:00:00+01:00,Node_3,99.92137574417923
2030,sc01,01-02 15:00:00+01:00,Node_2,99.91
2030,sc01,01-02 15:00:00+01:00,Node_1,143.05757109481456
2030,sc01,01-02 15:00:00+01:00,Node_3,143.061769051054
2030,sc01,01-02 16:00:00+01:00,Node_2,99.91
2030,sc01,01-02 16:00:00+01:00,Node_1,143.05757109481456
2030,sc01,01-02 16:00:00+01:00,Node_3,143.061769051054
2030,sc01,01-02 17:00:00+01:00,Node_2,99.91
2030,sc01,01-02 17:00:00+01:00,Node_1,143.05757109481456
2030,sc01,01-02 17:00:00+01:00,Node_3,143.061769051054
2030,sc01,01-02 18:00:00+01:00,Node_2,99.91
2030,sc01,01-02 18:00:00+01:00,Node_1,143.05757109481456
2030,sc01,01-02 18:00:00+01:00,Node_3,143.061769051054
2030,sc01,01-02 19:00:00+01:00,Node_2,99.91
2030,sc01,01-02 19:00:00+01:00,Node_1,143.05757109481456
2030,sc01,01-02 19:00:00+01:00,Node_3,143.061769051054
2030,sc01,01-02 20:00:00+01:00,Node_2,99.91
2030,sc01,01-02 20:00:00+01:00,Node_1,143.05757109481456
2030,sc01,01-02 20:00:00+01:00,Node_3,143.061769051054
2030,sc01,01-02 21:00:00+01:00,Node_2,99.91
2030,sc01,01-02 21:00:00+01:00,Node_1,143.05757109481456
2030,sc01,01-02 21:00:00+01:00,Node_3,143.061769051054
2030,sc01,01-02 22:00:00+01:00,Node_2,99.91
2030,sc01,01-02 22:00:00+01:00,Node_1,143.05757109481456
2030,sc01,01-02 22:00:00+01:00,Node_3,143.061769051054
2030,sc01,01-02 23:00:00+01:00,Node_2,99.91
2030,sc01,01-02 23:00:00+01:00,Node_1,143.0575710948146
2030,sc01,01-02 23:00:00+01:00,Node_3,143.06176905105403
2030,sc01,01-05 00:00:00+01:00,Node_2,99.91
2030,sc01,01-05 00:00:00+01:00,Node_1,143.05757109481456
2030,sc01,01-05 00:00:00+01:00,Node_3,143.06176905105403
2030,sc01,01-05 01:00:00+01:00,Node_2,99.91
2030,sc01,01-05 01:00:00+01:00,Node_1,143.05757109481456
2030,sc01,01-05 01:00:00+01:00,Node_3,143.06176905105403
2030,sc01,01-05 02:00:00+01:00,Node_2,99.91
2030,sc01,01-05 02:00:00+01:00,Node_1,143.05757109481456
2030,sc01,01-05 02:00:00+01:00,Node_3,143.06176905105403
2030,sc01,01-05 03:00:00+01:00,Node_2,99.91
2030,sc01,01-05 03:00:00+01:00,Node_1,143.05757109481456
2030,sc01,01-05 03:00:00+01:00,Node_3,143.06176905105403
2030,sc01,01-05 04:00:00+01:00,Node_2,99.91
2030,sc01,01-05 04:00:00+01:00,Node_1,143.05757109481456
2030,sc01,01-05 04:00:00+01:00,Node_3,143.06176905105403
2030,sc01,01-05 05:00:00+01:00,Node_2,99.91
2030,sc01,01-05 05:00:00+01:00,Node_1,143.05757109481456
2030,sc01,01-05 05:00:00+01:00,Node_3,143.06176905105403
2030,sc01,01-05 06:00:00+01:00,Node_2,99.91
2030,sc01,01-05 06:00:00+01:00,Node_1,143.05757109481456
2030,sc01,01-05 06:00:00+01:00,Node_3,143.06176905105403
2030,sc01,01-05 07:00:00+01:00,Node_2,99.91
2030,sc01,01-05 07:00:00+01:00,Node_1,143.05757109481456
2030,sc01,01-05 07:00:00+01:00,Node_3,143.06176905105403
2030,sc01,01-05 08:00:00+01:00,Node_2,99.91
2030,sc01,01-05 08:00:00+01:00,Node_1,143.05757109481456
2030,sc01,01-05 08:00:00+01:00,Node_3,143.06176905105403
2030,sc01,01-05 09:00:00+01:00,Node_2,99.91
2030,sc01,01-05 09:00:00+01:00,Node_1,143.05757109481456
2030,sc01,01-05 09:00:00+01:00,Node_3,143.06176905105403
2030,sc01,01-05 10:00:00+01:00,Node_2,99.91
2030,sc01,01-05 10:00:00+01:00,Node_1,143.05757109481456
2030,sc01,01-05 10:00:00+01:00,Node_3,143.06176905105403
2030,sc01,01-05 11:00:00+01:00,Node_2,99.91
2030,sc01,01-05 11:00:00+01:00,Node_1,99.91844368507257
2030,sc01,01-05 11:00:00+01:00,Node_3,99.92137574417922
2030,sc01,01-05 12:00:00+01:00,Node_2,99.91
2030,sc01,01-05 12:00:00+01:00,Node_1,99.91844368507257
2030,sc01,01-05 12:00:00+01:00,Node_3,99.92137574417923
2030,sc01,01-05 13:00:00+01:00,Node_2,99.91
2030,sc01,01-05 13:00:00+01:00,Node_1,99.91844368507257
2030,sc01,01-05 13:00:00+01:00,Node_3,99.92137574417923
2030,sc01,01-05 14:00:00+01:00,Node_2,99.91
2030,sc01,01-05 14:00:00+01:00,Node_1,99.91844368507257
2030,sc01,01-05 14:00:00+01:00,Node_3,99.92137574417923
2030,sc01,01-05 15:00:00+01:00,Node_2,99.91
2030,sc01,01-05 15:00:00+01:00,Node_1,99.91844368507257
2030,sc01,01-05 15:00:00+01:00,Node_3,99.92137574417922
2030,sc01,01-05 16:00:00+01:00,Node_2,99.91
2030,sc01,01-05 16:00:00+01:00,Node_1,143.05757109481456
2030,sc01,01-05 16:00:00+01:00,Node_3,143.06176905105403
2030,sc01,01-05 17:00:00+01:00,Node_2,99.91
2030,sc01,01-05 17:00:00+01:00,Node_1,143.05757109481456
2030,sc01,01-05 17:00:00+01:00,Node_3,143.06176905105403
2030,sc01,01-05 18:00:00+01:00,Node_2,99.91
2030,sc01,01-05 18:00:00+01:00,Node_1,143.05757109481456
2030,sc01,01-05 18:00:00+01:00,Node_3,143.06176905105403
2030,sc01,01-05 19:00:00+01:00,Node_2,99.91
2030,sc01,01-05 19:00:00+01:00,Node_1,143.05757109481456
2030,sc01,01-05 19:00:00+01:00,Node_3,143.06176905105403
2030,sc01,01-05 20:00:00+01:00,Node_2,99.91
2030,sc01,01-05 20:00:00+01:00,Node_1,143.05757109481456
2030,sc01,01-05 20:00:00+01:00,Node_3,143.06176905105403
2030,sc01,01-05 21:00:00+01:00,Node_2,99.91
2030,sc01,01-05 21:00:00+01:00,Node_1,143.05757109481456
2030,sc01,01-05 21:00:00+01:00,Node_3,143.06176905105403
2030,sc01,01-05 22:00:00+01:00,Node_2,99.91
2030,sc01,01-05 22:00:00+01:00,Node_1,143.05757109481456
2030,sc01,01-05 22:00:00+01:00,Node_3,143.06176905105403
2030,sc01,01-05 23:00:00+01:00,Node_2,99.91
2030,sc01,01-05 23:00:00+01:00,Node_1,143.05757109481456
2030,sc01,01-05 23:00:00+01:00,Node_3,143.06176905105403
2030,sc01,03-20 00:00:00+01:00,Node_2,83.26421981501471
2030,sc01,03-20 00:00:00+01:00,Node_1,83.2615029773156
2030,sc01,03-20 00:00:00+01:00,Node_3,83.2740645282904
2030,sc01,03-20 01:00:00+01:00,Node_2,83.26421981501471
2030,sc01,03-20 01:00:00+01:00,Node_1,83.26150297731562
2030,sc01,03-20 01:00:00+01:00,Node_3,83.27406452829038
2030,sc01,03-20 02:00:00+01:00,Node_2,83.26421981501471
2030,sc01,03-20 02:00:00+01:00,Node_1,83.26150297731562
2030,sc01,03-20 02:00:00+01:00,Node_3,83.27406452829038
2030,sc01,03-20 03:00:00+01:00,Node_2,83.26421981501471
2030,sc01,03-20 03:00:00+01:00,Node_1,83.26150297731562
2030,sc01,03-20 03:00:00+01:00,Node_3,83.27406452829038
2030,sc01,03-20 04:00:00+01:00,Node_2,83.26421981501471
2030,sc01,03-20 04:00:00+01:00,Node_1,83.26150297731562
2030,sc01,03-20 04:00:00+01:00,Node_3,83.27406452829038
2030,sc01,03-20 05:00:00+01:00,Node_2,83.26421981501471
2030,sc01,03-20 05:00:00+01:00,Node_1,83.26150297731562
2030,sc01,03-20 05:00:00+01:00,Node_3,83.2740645282904
2030,sc01,03-20 06:00:00+01:00,Node_2,99.91
2030,sc01,03-20 06:00:00+01:00,Node_1,99.9067400252459
2030,sc01,03-20 06:00:00+01:00,Node_3,99.92181282074769
2030,sc01,03-20 07:00:00+01:00,Node_2,99.91
2030,sc01,03-20 07:00:00+01:00,Node_1,99.9067400252459
2030,sc01,03-20 07:00:00+01:00,Node_3,99.92181282074769
2030,sc01,03-20 08:00:00+01:00,Node_2,99.91
2030,sc01,03-20 08:00:00+01:00,Node_1,99.9067400252459
2030,sc01,03-20 08:00:00+01:00,Node_3,99.92181282074769
2030,sc01,03-20 09:00:00+01:00,Node_2,99.91
2030,sc01,03-20 09:00:00+01:00,Node_1,99.9067400252459
2030,sc01,03-20 09:00:00+01:00,Node_3,99.92181282074769
2030,sc01,03-20 10:00:00+01:00,Node_2,99.91
2030,sc01,03-20 10:00:00+01:00,Node_1,99.9067400252459
2030,sc01,03-20 10:00:00+01:00,Node_3,99.92181282074769
2030,sc01,03-20 11:00:00+01:00,Node_2,83.26421981501471
2030,sc01,03-20 11:00:00+01:00,Node_1,83.26150297731562
2030,sc01,03-20 11:00:00+01:00,Node_3,83.27406452829038
2030,sc01,03-20 12:00:00+01:00,Node_2,83.26421981501471
2030,sc01,03-20 12:00:00+01:00,Node_1,83.26150297731562
2030,sc01,03-20 12:00:00+01:00,Node_3,83.27406452829038
2030,sc01,03-20 13:00:00+01:00,Node_2,83.26421981501471
2030,sc01,03-20 13:00:00+01:00,Node_1,83.26150297731562
2030,sc01,03-20 13:00:00+01:00,Node_3,83.27406452829038
2030,sc01,03-20 14:00:00+01:00,Node_2,83.26421981501471
2030,sc01,03-20 14:00:00+01:00,Node_1,83.26150297731562
2030,sc01,03-20 14:00:00+01:00,Node_3,83.27406452829038
2030,sc01,03-20 15:00:00+01:00,Node_2,83.26421981501471
2030,sc01,03-20 15:00:00+01:00,Node_1,83.26150297731562
2030,sc01,03-20 15:00:00+01:00,Node_3,83.27406452829038
2030,sc01,03-20 16:00:00+01:00,Node_2,99.91
2030,sc01,03-20 16:00:00+01:00,Node_1,99.9067400252459
2030,sc01,03-20 16:00:00+01:00,Node_3,99.92181282074769
2030,sc01,03-20 17:00:00+01:00,Node_2,99.91
2030,sc01,03-20 17:00:00+01:00,Node_1,99.9067400252459
2030,sc01,03-20 17:00:00+01:00,Node_3,99.92181282074769
2030,sc01,03-20 18:00:00+01:00,Node_2,99.91
2030,sc01,03-20 18:00:00+01:00,Node_1,99.9067400252459
2030,sc01,03-20 18:00:00+01:00,Node_3,99.92181282074769
2030,sc01,03-20 19:00:00+01:00,Node_2,99.91
2030,sc01,03-20 19:00:00+01:00,Node_1,99.9067400252459
2030,sc01,03-20 19:00:00+01:00,Node_3,99.92181282074769
2030,sc01,03-20 20:00:00+01:00,Node_2,99.91
2030,sc01,03-20 20:00:00+01:00,Node_1,99.9067400252459
2030,sc01,03-20 20:00:00+01:00,Node_3,99.92181282074769
2030,sc01,03-20 21:00:00+01:00,Node_2,99.91
2030,sc01,03-20 21:00:00+01:00,Node_1,99.9067400252459
2030,sc01,03-20 21:00:00+01:00,Node_3,99.92181282074769
2030,sc01,03-20 22:00:00+01:00,Node_2,99.91
2030,sc01,03-20 22:00:00+01:00,Node_1,99.9067400252459
2030,sc01,03-20 22:00:00+01:00,Node_3,99.92181282074769
2030,sc01,03-20 23:00:00+01:00,Node_2,99.91
2030,sc01,03-20 23:00:00+01:00,Node_1,99.9067400252459
2030,sc01,03-20 23:00:00+01:00,Node_3,99.92181282074769
2030,sc01,07-14 00:00:00+02:00,Node_2,99.91
2030,sc01,07-14 00:00:00+02:00,Node_1,141.2769049356688
2030,sc01,07-14 00:00:00+02:00,Node_3,171.67999999999998
2030,sc01,07-14 01:00:00+02:00,Node_2,99.91
2030,sc01,07-14 01:00:00+02:00,Node_1,143.05757109481456
2030,sc01,07-14 01:00:00+02:00,Node_3,143.061769051054
2030,sc01,07-14 02:00:00+02:00,Node_2,99.91
2030,sc01,07-14 02:00:00+02:00,Node_1,143.05757109481456
2030,sc01,07-14 02:00:00+02:00,Node_3,143.06176905105397
2030,sc01,07-14 03:00:00+02:00,Node_2,99.91
2030,sc01,07-14 03:00:00+02:00,Node_1,143.05757109481456
2030,sc01,07-14 03:00:00+02:00,Node_3,143.061769051054
2030,sc01,07-14 04:00:00+02:00,Node_2,99.91
2030,sc01,07-14 04:00:00+02:00,Node_1,143.05757109481456
2030,sc01,07-14 04:00:00+02:00,Node_3,143.061769051054
2030,sc01,07-14 05:00:00+02:00,Node_2,99.91
2030,sc01,07-14 05:00:00+02:00,Node_1,141.2769049356688
2030,sc01,07-14 05:00:00+02:00,Node_3,171.67999999999998
2030,sc01,07-14 06:00:00+02:00,Node_2,99.91
2030,sc01,07-14 06:00:00+02:00,Node_1,141.2769049356688
2030,sc01,07-14 06:00:00+02:00,Node_3,171.67999999999998
2030,sc01,07-14 07:00:00+02:00,Node_2,99.91
2030,sc01,07-14 07:00:00+02:00,Node_1,141.2769049356688
2030,sc01,07-14 07:00:00+02:00,Node_3,171.67999999999998
2030,sc01,07-14 08:00:00+02:00,Node_2,99.91
2030,sc01,07-14 08:00:00+02:00,Node_1,143.05757109481456
2030,sc01,07-14 08:00:00+02:00,Node_3,143.061769051054
2030,sc01,07-14 09:00:00+02:00,Node_2,99.91
2030,sc01,07-14 09:00:00+02:00,Node_1,143.05757109481456
2030,sc01,07-14 09:00:00+02:00,Node_3,143.061769051054
2030,sc01,07-14 10:00:00+02:00,Node_2,99.91
2030,sc01,07-14 10:00:00+02:00,Node_1,143.0575710948146
2030,sc01,07-14 10:00:00+02:00,Node_3,143.061769051054
2030,sc01,07-14 11:00:00+02:00,Node_2,99.91
2030,sc01,07-14 11:00:00+02:00,Node_1,143.05757109481456
2030,sc01,07-14 11:00:00+02:00,Node_3,143.061769051054
2030,sc01,07-14 12:00:00+02:00,Node_2,99.91
2030,sc01,07-14 12:00:00+02:00,Node_1,141.2769049356688
2030,sc01,07-14 12:00:00+02:00,Node_3,171.67999999999998
2030,sc01,07-14 13:00:00+02:00,Node_2,99.91
2030,sc01,07-14 13:00:00+02:00,Node_1,141.2769049356688
2030,sc01,07-14 13:00:00+02:00,Node_3,171.67999999999998
2030,sc01,07-14 14:00:00+02:00,Node_2,99.91
2030,sc01,07-14 14:00:00+02:00,Node_1,141.2769049356688
2030,sc01,07-14 14:00:00+02:00,Node_3,171.67999999999998
2030,sc01,07-14 15:00:00+02:00,Node_2,99.91
2030,sc01,07-14 15:00:00+02:00,Node_1,141.2769049356688
2030,sc01,07-14 15:00:00+02:00,Node_3,171.67999999999998
2030,sc01,07-14 16:00:00+02:00,Node_2,99.91
2030,sc01,07-14 16:00:00+02:00,Node_1,141.2769049356688
2030,sc01,07-14 16:00:00+02:00,Node_3,171.67999999999998
2030,sc01,07-14 17:00:00+02:00,Node_2,99.91
2030,sc01,07-14 17:00:00+02:00,Node_1,141.2769049356688
2030,sc01,07-14 17:00:00+02:00,Node_3,171.67999999999998
2030,sc01,07-14 18:00:00+02:00,Node_2,99.91
2030,sc01,07-14 18:00:00+02:00,Node_1,141.2769049356688
2030,sc01,07-14 18:00:00+02:00,Node_3,171.67999999999998
2030,sc01,07-14 19:00:00+02:00,Node_2,99.91
2030,sc01,07-14 19:00:00+02:00,Node_1,141.2769049356688
2030,sc01,07-14 19:00:00+02:00,Node_3,171.67999999999998
2030,sc01,07-14 20:00:00+02:00,Node_2,99.91
2030,sc01,07-14 20:00:00+02:00,Node_1,141.2769049356688
2030,sc01,07-14 20:00:00+02:00,Node_3,171.67999999999998
2030,sc01,07-14 21:00:00+02:00,Node_2,99.91
2030,sc01,07-14 21:00:00+02:00,Node_1,141.2769049356688
2030,sc01,07-14 21:00:00+02:00,Node_3,171.67999999999998
2030,sc01,07-14 22:00:00+02:00,Node_2,99.91
2030,sc01,07-14 22:00:00+02:00,Node_1,141.2769049356688
2030,sc01,07-14 22:00:00+02:00,Node_3,171.67999999999998
2030,sc01,07-14 23:00:00+02:00,Node_2,99.91
2030,sc01,07-14 23:00:00+02:00,Node_1,141.2769049356688
2030,sc01,07-14 23:00:00+02:00,Node_3,171.67999999999998
2030,sc01,10-11 00:00:00+02:00,Node_2,99.91000000000001
2030,sc01,10-11 00:00:00+02:00,Node_1,143.0575710948146
2030,sc01,10-11 00:00:00+02:00,Node_3,143.061769051054
2030,sc01,10-11 01:00:00+02:00,Node_2,99.91000000000001
2030,sc01,10-11 01:00:00+02:00,Node_1,143.0575710948146
2030,sc01,10-11 01:00:00+02:00,Node_3,143.061769051054
2030,sc01,10-11 02:00:00+02:00,Node_2,99.91000000000001
2030,sc01,10-11 02:00:00+02:00,Node_1,143.0575710948146
2030,sc01,10-11 02:00:00+02:00,Node_3,143.061769051054
2030,sc01,10-11 03:00:00+02:00,Node_2,99.91000000000001
2030,sc01,10-11 03:00:00+02:00,Node_1,143.0575710948146
2030,sc01,10-11 03:00:00+02:00,Node_3,143.061769051054
2030,sc01,10-11 04:00:00+02:00,Node_2,99.91000000000001
2030,sc01,10-11 04:00:00+02:00,Node_1,143.0575710948146
2030,sc01,10-11 04:00:00+02:00,Node_3,143.061769051054
2030,sc01,10-11 05:00:00+02:00,Node_2,99.91000000000001
2030,sc01,10-11 05:00:00+02:00,Node_1,143.0575710948146
2030,sc01,10-11 05:00:00+02:00,Node_3,143.06176905105403
2030,sc01,10-11 06:00:00+02:00,Node_2,99.91000000000001
2030,sc01,10-11 06:00:00+02:00,Node_1,143.0575710948146
2030,sc01,10-11 06:00:00+02:00,Node_3,143.061769051054
2030,sc01,10-11 07:00:00+02:00,Node_2,99.91000000000001
2030,sc01,10-11 07:00:00+02:00,Node_1,143.0575710948146
2030,sc01,10-11 07:00:00+02:00,Node_3,143.061769051054
2030,sc01,10-11 08:00:00+02:00,Node_2,99.91000000000001
2030,sc01,10-11 08:00:00+02:00,Node_1,143.0575710948146
2030,sc01,10-11 08:00:00+02:00,Node_3,143.061769051054
2030,sc01,10-11 09:00:00+02:00,Node_2,99.91000000000001
2030,sc01,10-11 09:00:00+02:00,Node_1,143.0575710948146
2030,sc01,10-11 09:00:00+02:00,Node_3,143.061769051054
2030,sc01,10-11 10:00:00+02:00,Node_2,99.91000000000001
2030,sc01,10-11 10:00:00+02:00,Node_1,143.0575710948146
2030,sc01,10-11 10:00:00+02:00,Node_3,143.061769051054
2030,sc01,10-11 11:00:00+02:00,Node_2,99.91000000000001
2030,sc01,10-11 11:00:00+02:00,Node_1,143.0575710948146
2030,sc01,10-11 11:00:00+02:00,Node_3,143.061769051054
2030,sc01,10-11 12:00:00+02:00,Node_2,99.91000000000001
2030,sc01,10-11 12:00:00+02:00,Node_1,143.0575710948146
2030,sc01,10-11 12:00:00+02:00,Node_3,143.061769051054
2030,sc01,10-11 13:00:00+02:00,Node_2,99.91000000000001
2030,sc01,10-11 13:00:00+02:00,Node_1,143.0575710948146
2030,sc01,10-11 13:00:00+02:00,Node_3,143.061769051054
2030,sc01,10-11 14:00:00+02:00,Node_2,99.91000000000001
2030,sc01,10-11 14:00:00+02:00,Node_1,143.0575710948146
2030,sc01,10-11 14:00:00+02:00,Node_3,143.061769051054
2030,sc01,10-11 15:00:00+02:00,Node_2,99.91000000000001
2030,sc01,10-11 15:00:00+02:00,Node_1,143.0575710948146
2030,sc01,10-11 15:00:00+02:00,Node_3,143.06176905105403
2030,sc01,10-11 16:00:00+02:00,Node_2,99.91000000000001
2030,sc01,10-11 16:00:00+02:00,Node_1,143.0575710948146
2030,sc01,10-11 16:00:00+02:00,Node_3,143.061769051054
2030,sc01,10-11 17:00:00+02:00,Node_2,99.91000000000001
2030,sc01,10-11 17:00:00+02:00,Node_1,143.0575710948146
2030,sc01,10-11 17:00:00+02:00,Node_3,143.061769051054
2030,sc01,10-11 18:00:00+02:00,Node_2,99.91000000000001
2030,sc01,10-11 18:00:00+02:00,Node_1,143.0575710948146
2030,sc01,10-11 18:00:00+02:00,Node_3,143.061769051054
2030,sc01,10-11 19:00:00+02:00,Node_2,99.91000000000001
2030,sc01,10-11 19:00:00+02:00,Node_1,143.0575710948146
2030,sc01,10-11 19:00:00+02:00,Node_3,143.061769051054
2030,sc01,10-11 20:00:00+02:00,Node_2,99.91000000000001
2030,sc01,10-11 20:00:00+02:00,Node_1,143.0575710948146
2030,sc01,10-11 20:00:00+02:00,Node_3,143.061769051054
2030,sc01,10-11 21:00:00+02:00,Node_2,99.91000000000001
2030,sc01,10-11 21:00:00+02:00,Node_1,143.0575710948146
2030,sc01,10-11 21:00:00+02:00,Node_3,143.061769051054
2030,sc01,10-11 22:00:00+02:00,Node_2,99.91000000000001
2030,sc01,10-11 22:00:00+02:00,Node_1,143.0575710948146
2030,sc01,10-11 22:00:00+02:00,Node_3,143.061769051054
2030,sc01,10-11 23:00:00+02:00,Node_2,99.91000000000001
2030,sc01,10-11 23:00:00+02:00,Node_1,143.0575710948146
2030,sc01,10-11 23:00:00+02:00,Node_3,143.061769051054
2030,sc01,10-29 00:00:00+01:00,Node_2,99.90999999999998
2030,sc01,10-29 00:00:00+01:00,Node_1,99.91844368507257
2030,sc01,10-29 00:00:00+01:00,Node_3,99.92137574417922
2030,sc01,10-29 01:00:00+01:00,Node_2,83.26204753015801
2030,sc01,10-29 01:00:00+01:00,Node_1,83.26908424828278
2030,sc01,10-29 01:00:00+01:00,Node_3,83.27152773987218
2030,sc01,10-29 02:00:00+01:00,Node_2,83.26204753015801
2030,sc01,10-29 02:00:00+01:00,Node_1,83.26908424828277
2030,sc01,10-29 02:00:00+01:00,Node_3,83.27152773987217
2030,sc01,10-29 03:00:00+01:00,Node_2,83.26204753015801
2030,sc01,10-29 03:00:00+01:00,Node_1,83.26908424828277
2030,sc01,10-29 03:00:00+01:00,Node_3,83.27152773987217
2030,sc01,10-29 04:00:00+01:00,Node_2,99.90999999999998
2030,sc01,10-29 04:00:00+01:00,Node_1,99.91844368507257
2030,sc01,10-29 04:00:00+01:00,Node_3,99.92137574417922
2030,sc01,10-29 05:00:00+01:00,Node_2,99.90999999999998
2030,sc01,10-29 05:00:00+01:00,Node_1,99.91844368507257
2030,sc01,10-29 05:00:00+01:00,Node_3,99.92137574417922
2030,sc01,10-29 06:00:00+01:00,Node_2,99.90999999999998
2030,sc01,10-29 06:00:00+01:00,Node_1,99.91844368507257
2030,sc01,10-29 06:00:00+01:00,Node_3,99.92137574417922
2030,sc01,10-29 07:00:00+01:00,Node_2,99.90999999999998
2030,sc01,10-29 07:00:00+01:00,Node_1,143.0575710948146
2030,sc01,10-29 07:00:00+01:00,Node_3,143.06176905105403
2030,sc01,10-29 08:00:00+01:00,Node_2,99.90999999999998
2030,sc01,10-29 08:00:00+01:00,Node_1,143.0575710948146
2030,sc01,10-29 08:00:00+01:00,Node_3,143.06176905105403
2030,sc01,10-29 09:00:00+01:00,Node_2,99.90999999999998
2030,sc01,10-29 09:00:00+01:00,Node_1,99.91844368507257
2030,sc01,10-29 09:00:00+01:00,Node_3,99.92137574417922
2030,sc01,10-29 10:00:00+01:00,Node_2,99.90999999999998
2030,sc01,10-29 10:00:00+01:00,Node_1,99.91844368507257
2030,sc01,10-29 10:00:00+01:00,Node_3,99.92137574417922
2030,sc01,10-29 11:00:00+01:00,Node_2,99.90999999999998
2030,sc01,10-29 11:00:00+01:00,Node_1,99.91844368507257
2030,sc01,10-29 11:00:00+01:00,Node_3,99.92137574417922
2030,sc01,10-29 12:00:00+01:00,Node_2,99.90999999999998
2030,sc01,10-29 12:00:00+01:00,Node_1,99.91844368507257
2030,sc01,10-29 12:00:00+01:00,Node_3,99.92137574417922
2030,sc01,10-29 13:00:00+01:00,Node_2,99.90999999999998
2030,sc01,10-29 13:00:00+01:00,Node_1,99.91844368507257
2030,sc01,10-29 13:00:00+01:00,Node_3,99.92137574417922
2030,sc01,10-29 14:00:00+01:00,Node_2,99.90999999999998
2030,sc01,10-29 14:00:00+01:00,Node_1,99.91844368507257
2030,sc01,10-29 14:00:00+01:00,Node_3,99.92137574417922
2030,sc01,10-29 15:00:00+01:00,Node_2,99.90999999999998
2030,sc01,10-29 15:00:00+01:00,Node_1,143.0575710948146
2030,sc01,10-29 15:00:00+01:00,Node_3,143.06176905105403
2030,sc01,10-29 16:00:00+01:00,Node_2,99.90999999999998
2030,sc01,10-29 16:00:00+01:00,Node_1,143.0575710948146
2030,sc01,10-29 16:00:00+01:00,Node_3,143.06176905105403
2030,sc01,10-29 17:00:00+01:00,Node_2,99.90999999999998
2030,sc01,10-29 17:00:00+01:00,Node_1,143.0575710948146
2030,sc01,10-29 17:00:00+01:00,Node_3,143.06176905105403
2030,sc01,10-29 18:00:00+01:00,Node_2,99.90999999999998
2030,sc01,10-29 18:00:00+01:00,Node_1,143.0575710948146
2030,sc01,10-29 18:00:00+01:00,Node_3,143.06176905105403
2030,sc01,10-29 19:00:00+01:00,Node_2,99.90999999999998
2030,sc01,10-29 19:00:00+01:00,Node_1,143.0575710948146
2030,sc01,10-29 19:00:00+01:00,Node_3,143.06176905105403
2030,sc01,10-29 20:00:00+01:00,Node_2,99.90999999999998
2030,sc01,10-29 20:00:00+01:00,Node_1,143.0575710948146
2030,sc01,10-29 20:00:00+01:00,Node_3,143.06176905105403
2030,sc01,10-29 21:00:00+01:00,Node_2,99.90999999999998
2030,sc01,10-29 21:00:00+01:00,Node_1,143.0575710948146
2030,sc01,10-29 21:00:00+01:00,Node_3,143.061769051054
2030,sc01,10-29 22:00:00+01:00,Node_2,99.90999999999998
2030,sc01,10-29 22:00:00+01:00,Node_1,143.0575710948146
2030,sc01,10-29 22:00:00+01:00,Node_3,143.06176905105406
2030,sc01,10-29 23:00:00+01:00,Node_2,99.90999999999998
2030,sc01,10-29 23:00:00+01:00,Node_1,143.0575710948146
2030,sc01,10-29 23:00:00+01:00,Node_3,143.061769051054
2030,sc01,11-16 00:00:00+01:00,Node_2,99.91000000000001
2030,sc01,11-16 00:00:00+01:00,Node_1,143.0575710948146
2030,sc01,11-16 00:00:00+01:00,Node_3,143.061769051054
2030,sc01,11-16 01:00:00+01:00,Node_2,99.91000000000001
2030,sc01,11-16 01:00:00+01:00,Node_1,143.0575710948146
2030,sc01,11-16 01:00:00+01:00,Node_3,143.06176905105403
2030,sc01,11-16 02:00:00+01:00,Node_2,99.91000000000001
2030,sc01,11-16 02:00:00+01:00,Node_1,143.0575710948146
2030,sc01,11-16 02:00:00+01:00,Node_3,143.061769051054
2030,sc01,11-16 03:00:00+01:00,Node_2,99.91000000000001
2030,sc01,11-16 03:00:00+01:00,Node_1,143.0575710948146
2030,sc01,11-16 03:00:00+01:00,Node_3,143.06176905105403
2030,sc01,11-16 04:00:00+01:00,Node_2,99.91000000000001
2030,sc01,11-16 04:00:00+01:00,Node_1,143.0575710948146
2030,sc01,11-16 04:00:00+01:00,Node_3,143.06176905105403
2030,sc01,11-16 05:00:00+01:00,Node_2,99.91000000000001
2030,sc01,11-16 05:00:00+01:00,Node_1,143.0575710948146
2030,sc01,11-16 05:00:00+01:00,Node_3,143.061769051054
2030,sc01,11-16 06:00:00+01:00,Node_2,99.91000000000001
2030,sc01,11-16 06:00:00+01:00,Node_1,143.0575710948146
2030,sc01,11-16 06:00:00+01:00,Node_3,143.06176905105403
2030,sc01,11-16 07:00:00+01:00,Node_2,99.91000000000001
2030,sc01,11-16 07:00:00+01:00,Node_1,143.0575710948146
2030,sc01,11-16 07:00:00+01:00,Node_3,143.061769051054
2030,sc01,11-16 08:00:00+01:00,Node_2,99.91000000000001
2030,sc01,11-16 08:00:00+01:00,Node_1,143.0575710948146
2030,sc01,11-16 08:00:00+01:00,Node_3,143.061769051054
2030,sc01,11-16 09:00:00+01:00,Node_2,99.91000000000001
2030,sc01,11-16 09:00:00+01:00,Node_1,143.0575710948146
2030,sc01,11-16 09:00:00+01:00,Node_3,143.061769051054
2030,sc01,11-16 10:00:00+01:00,Node_2,99.91000000000001
2030,sc01,11-16 10:00:00+01:00,Node_1,99.91844368507255
2030,sc01,11-16 10:00:00+01:00,Node_3,99.92137574417917
2030,sc01,11-16 11:00:00+01:00,Node_2,99.91000000000001
2030,sc01,11-16 11:00:00+01:00,Node_1,99.91844368507255
2030,sc01,11-16 11:00:00+01:00,Node_3,99.92137574417917
2030,sc01,11-16 12:00:00+01:00,Node_2,99.91000000000001
2030,sc01,11-16 12:00:00+01:00,Node_1,99.91844368507256
2030,sc01,11-16 12:00:00+01:00,Node_3,99.9213757441792
2030,sc01,11-16 13:00:00+01:00,Node_2,99.91000000000001
2030,sc01,11-16 13:00:00+01:00,Node_1,99.91844368507256
2030,sc01,11-16 13:00:00+01:00,Node_3,99.9213757441792
2030,sc01,11-16 14:00:00+01:00,Node_2,99.91000000000001
2030,sc01,11-16 14:00:00+01:00,Node_1,99.91844368507256
2030,sc01,11-16 14:00:00+01:00,Node_3,99.9213757441792
2030,sc01,11-16 15:00:00+01:00,Node_2,99.91000000000001
2030,sc01,11-16 15:00:00+01:00,Node_1,143.0575710948146
2030,sc01,11-16 15:00:00+01:00,Node_3,143.061769051054
2030,sc01,11-16 16:00:00+01:00,Node_2,99.91000000000001
2030,sc01,11-16 16:00:00+01:00,Node_1,143.0575710948146
2030,sc01,11-16 16:00:00+01:00,Node_3,143.061769051054
2030,sc01,11-16 17:00:00+01:00,Node_2,99.91000000000001
2030,sc01,11-16 17:00:00+01:00,Node_1,143.0575710948146
2030,sc01,11-16 17:00:00+01:00,Node_3,143.061769051054
2030,sc01,11-16 18:00:00+01:00,Node_2,99.91000000000001
2030,sc01,11-16 18:00:00+01:00,Node_1,143.0575710948146
2030,sc01,11-16 18:00:00+01:00,Node_3,143.06176905105403
2030,sc01,11-16 19:00:00+01:00,Node_2,99.91000000000001
2030,sc01,11-16 19:00:00+01:00,Node_1,143.0575710948146
2030,sc01,11-16 19:00:00+01:00,Node_3,143.061769051054
2030,sc01,11-16 20:00:00+01:00,Node_2,99.91000000000001
2030,sc01,11-16 20:00:00+01:00,Node_1,143.0575710948146
2030,sc01,11-16 20:00:00+01:00,Node_3,143.061769051054
2030,sc01,11-16 21:00:00+01:00,Node_2,99.91000000000001
2030,sc01,11-16 21:00:00+01:00,Node_1,143.0575710948146
2030,sc01,11-16 21:00:00+01:00,Node_3,143.061769051054
2030,sc01,11-16 22:00:00+01:00,Node_2,99.91000000000001
2030,sc01,11-16 22:00:00+01:00,Node_1,143.0575710948146
2030,sc01,11-16 22:00:00+01:00,Node_3,143.061769051054
2030,sc01,11-16 23:00:00+01:00,Node_2,99.91000000000001
2030,sc01,11-16 23:00:00+01:00,Node_1,143.0575710948146
2030,sc01,11-16 23:00:00+01:00,Node_3,143.061769051054
2030,sc01,11-18 00:00:00+01:00,Node_2,99.91000000000001
2030,sc01,11-18 00:00:00+01:00,Node_1,143.05757109481456
2030,sc01,11-18 00:00:00+01:00,Node_3,143.06176905105397
2030,sc01,11-18 01:00:00+01:00,Node_2,99.91000000000001
2030,sc01,11-18 01:00:00+01:00,Node_1,143.05757109481456
2030,sc01,11-18 01:00:00+01:00,Node_3,143.06176905105397
2030,sc01,11-18 02:00:00+01:00,Node_2,99.91000000000001
2030,sc01,11-18 02:00:00+01:00,Node_1,143.05757109481456
2030,sc01,11-18 02:00:00+01:00,Node_3,143.06176905105397
2030,sc01,11-18 03:00:00+01:00,Node_2,99.91000000000001
2030,sc01,11-18 03:00:00+01:00,Node_1,143.05757109481453
2030,sc01,11-18 03:00:00+01:00,Node_3,143.061769051054
2030,sc01,11-18 04:00:00+01:00,Node_2,99.91000000000001
2030,sc01,11-18 04:00:00+01:00,Node_1,143.05757109481456
2030,sc01,11-18 04:00:00+01:00,Node_3,143.06176905105397
2030,sc01,11-18 05:00:00+01:00,Node_2,99.91000000000001
2030,sc01,11-18 05:00:00+01:00,Node_1,143.05757109481456
2030,sc01,11-18 05:00:00+01:00,Node_3,143.06176905105397
2030,sc01,11-18 06:00:00+01:00,Node_2,99.91000000000001
2030,sc01,11-18 06:00:00+01:00,Node_1,143.05757109481456
2030,sc01,11-18 06:00:00+01:00,Node_3,143.06176905105397
2030,sc01,11-18 07:00:00+01:00,Node_2,99.91000000000001
2030,sc01,11-18 07:00:00+01:00,Node_1,143.05757109481456
2030,sc01,11-18 07:00:00+01:00,Node_3,143.06176905105397
2030,sc01,11-18 08:00:00+01:00,Node_2,99.91000000000001
2030,sc01,11-18 08:00:00+01:00,Node_1,143.05757109481456
2030,sc01,11-18 08:00:00+01:00,Node_3,143.06176905105397
2030,sc01,11-18 09:00:00+01:00,Node_2,99.91000000000001
2030,sc01,11-18 09:00:00+01:00,Node_1,143.05757109481456
2030,sc01,11-18 09:00:00+01:00,Node_3,143.06176905105397
2030,sc01,11-18 10:00:00+01:00,Node_2,99.91000000000001
2030,sc01,11-18 10:00:00+01:00,Node_1,99.91844368507259
2030,sc01,11-18 10:00:00+01:00,Node_3,99.92137574417923
2030,sc01,11-18 11:00:00+01:00,Node_2,99.91000000000001
2030,sc01,11-18 11:00:00+01:00,Node_1,99.91844368507259
2030,sc01,11-18 11:00:00+01:00,Node_3,99.92137574417923
2030,sc01,11-18 12:00:00+01:00,Node_2,99.91000000000001
2030,sc01,11-18 12:00:00+01:00,Node_1,99.91844368507259
2030,sc01,11-18 12:00:00+01:00,Node_3,99.92137574417923
2030,sc01,11-18 13:00:00+01:00,Node_2,99.91000000000001
2030,sc01,11-18 13:00:00+01:00,Node_1,99.91844368507257
2030,sc01,11-18 13:00:00+01:00,Node_3,99.92137574417922
2030,sc01,11-18 14:00:00+01:00,Node_2,99.91000000000001
2030,sc01,11-18 14:00:00+01:00,Node_1,99.91844368507259
2030,sc01,11-18 14:00:00+01:00,Node_3,99.92137574417923
2030,sc01,11-18 15:00:00+01:00,Node_2,99.91000000000001
2030,sc01,11-18 15:00:00+01:00,Node_1,99.91844368507257
2030,sc01,11-18 15:00:00+01:00,Node_3,99.92137574417922
2030,sc01,11-18 16:00:00+01:00,Node_2,99.91000000000001
2030,sc01,11-18 16:00:00+01:00,Node_1,143.05757109481456
2030,sc01,11-18 16:00:00+01:00,Node_3,143.06176905105397
2030,sc01,11-18 17:00:00+01:00,Node_2,99.91000000000001
2030,sc01,11-18 17:00:00+01:00,Node_1,143.05757109481456
2030,sc01,11-18 17:00:00+01:00,Node_3,143.06176905105397
2030,sc01,11-18 18:00:00+01:00,Node_2,99.91000000000001
2030,sc01,11-18 18:00:00+01:00,Node_1,143.05757109481456
2030,sc01,11-18 18:00:00+01:00,Node_3,143.06176905105397
2030,sc01,11-18 19:00:00+01:00,Node_2,99.91000000000001
2030,sc01,11-18 19:00:00+01:00,Node_1,143.05757109481456
2030,sc01,11-18 19:00:00+01:00,Node_3,143.06176905105397
2030,sc01,11-18 20:00:00+01:00,Node_2,99.91000000000001
2030,sc01,11-18 20:00:00+01:00,Node_1,143.05757109481456
2030,sc01,11-18 20:00:00+01:00,Node_3,143.06176905105397
2030,sc01,11-18 21:00:00+01:00,Node_2,99.91000000000001
2030,sc01,11-18 21:00:00+01:00,Node_1,143.05757109481456
2030,sc01,11-18 21:00:00+01:00,Node_3,143.06176905105397
2030,sc01,11-18 22:00:00+01:00,Node_2,99.91000000000001
2030,sc01,11-18 22:00:00+01:00,Node_1,143.05757109481456
2030,sc01,11-18 22:00:00+01:00,Node_3,143.06176905105397
2030,sc01,11-18 23:00:00+01:00,Node_2,99.91000000000001
2030,sc01,11-18 23:00:00+01:00,Node_1,143.05757109481456
2030,sc01,11-18 23:00:00+01:00,Node_3,143.06176905105397
2030,sc01,11-19 00:00:00+01:00,Node_2,99.91
2030,sc01,11-19 00:00:00+01:00,Node_1,143.05757109481456
2030,sc01,11-19 00:00:00+01:00,Node_3,143.06176905105403
2030,sc01,11-19 01:00:00+01:00,Node_2,99.91
2030,sc01,11-19 01:00:00+01:00,Node_1,143.05757109481456
2030,sc01,11-19 01:00:00+01:00,Node_3,143.061769051054
2030,sc01,11-19 02:00:00+01:00,Node_2,99.91
2030,sc01,11-19 02:00:00+01:00,Node_1,143.05757109481456
2030,sc01,11-19 02:00:00+01:00,Node_3,143.06176905105403
2030,sc01,11-19 03:00:00+01:00,Node_2,99.91
2030,sc01,11-19 03:00:00+01:00,Node_1,143.05757109481456
2030,sc01,11-19 03:00:00+01:00,Node_3,143.061769051054
2030,sc01,11-19 04:00:00+01:00,Node_2,99.91
2030,sc01,11-19 04:00:00+01:00,Node_1,143.05757109481456
2030,sc01,11-19 04:00:00+01:00,Node_3,143.061769051054
2030,sc01,11-19 05:00:00+01:00,Node_2,99.91
2030,sc01,11-19 05:00:00+01:00,Node_1,143.05757109481456
2030,sc01,11-19 05:00:00+01:00,Node_3,143.061769051054
2030,sc01,11-19 06:00:00+01:00,Node_2,99.91
2030,sc01,11-19 06:00:00+01:00,Node_1,143.05757109481456
2030,sc01,11-19 06:00:00+01:00,Node_3,143.061769051054
2030,sc01,11-19 07:00:00+01:00,Node_2,99.91
2030,sc01,11-19 07:00:00+01:00,Node_1,143.05757109481456
2030,sc01,11-19 07:00:00+01:00,Node_3,143.061769051054
2030,sc01,11-19 08:00:00+01:00,Node_2,99.91
2030,sc01,11-19 08:00:00+01:00,Node_1,143.05757109481456
2030,sc01,11-19 08:00:00+01:00,Node_3,143.061769051054
2030,sc01,11-19 09:00:00+01:00,Node_2,99.91
2030,sc01,11-19 09:00:00+01:00,Node_1,143.05757109481456
2030,sc01,11-19 09:00:00+01:00,Node_3,143.061769051054
2030,sc01,11-19 10:00:00+01:00,Node_2,99.91
2030,sc01,11-19 10:00:00+01:00,Node_1,143.05757109481456
2030,sc01,11-19 10:00:00+01:00,Node_3,143.061769051054
2030,sc01,11-19 11:00:00+01:00,Node_2,99.91
2030,sc01,11-19 11:00:00+01:00,Node_1,99.9184436850726
2030,sc01,11-19 11:00:00+01:00,Node_3,99.92137574417924
2030,sc01,11-19 12:00:00+01:00,Node_2,99.91
2030,sc01,11-19 12:00:00+01:00,Node_1,99.9184436850726
2030,sc01,11-19 12:00:00+01:00,Node_3,99.92137574417924
2030,sc01,11-19 13:00:00+01:00,Node_2,99.91
2030,sc01,11-19 13:00:00+01:00,Node_1,99.9184436850726
2030,sc01,11-19 13:00:00+01:00,Node_3,99.92137574417924
2030,sc01,11-19 14:00:00+01:00,Node_2,99.91
2030,sc01,11-19 14:00:00+01:00,Node_1,99.9184436850726
2030,sc01,11-19 14:00:00+01:00,Node_3,99.92137574417924
2030,sc01,11-19 15:00:00+01:00,Node_2,99.91
2030,sc01,11-19 15:00:00+01:00,Node_1,143.05757109481456
2030,sc01,11-19 15:00:00+01:00,Node_3,143.061769051054
2030,sc01,11-19 16:00:00+01:00,Node_2,99.91
2030,sc01,11-19 16:00:00+01:00,Node_1,143.05757109481456
2030,sc01,11-19 16:00:00+01:00,Node_3,143.061769051054
2030,sc01,11-19 17:00:00+01:00,Node_2,99.91
2030,sc01,11-19 17:00:00+01:00,Node_1,143.05757109481456
2030,sc01,11-19 17:00:00+01:00,Node_3,143.061769051054
2030,sc01,11-19 18:00:00+01:00,Node_2,99.91
2030,sc01,11-19 18:00:00+01:00,Node_1,143.05757109481456
2030,sc01,11-19 18:00:00+01:00,Node_3,143.061769051054
2030,sc01,11-19 19:00:00+01:00,Node_2,99.91
2030,sc01,11-19 19:00:00+01:00,Node_1,143.05757109481456
2030,sc01,11-19 19:00:00+01:00,Node_3,143.061769051054
2030,sc01,11-19 20:00:00+01:00,Node_2,99.91
2030,sc01,11-19 20:00:00+01:00,Node_1,143.05757109481456
2030,sc01,11-19 20:00:00+01:00,Node_3,143.061769051054
2030,sc01,11-19 21:00:00+01:00,Node_2,99.91
2030,sc01,11-19 21:00:00+01:00,Node_1,143.05757109481456
2030,sc01,11-19 21:00:00+01:00,Node_3,143.061769051054
2030,sc01,11-19 22:00:00+01:00,Node_2,99.91
2030,sc01,11-19 22:00:00+01:00,Node_1,143.05757109481456
2030,sc01,11-19 22:00:00+01:00,Node_3,143.061769051054
2030,sc01,11-19 23:00:00+01:00,Node_2,99.91
2030,sc01,11-19 23:00:00+01:00,Node_1,143.05757109481456
2030,sc01,11-19 23:00:00+01:00,Node_3,143.061769051054
2030,sc01,12-09 00:00:00+01:00,Node_2,99.91
2030,sc01,12-09 00:00:00+01:00,Node_1,143.05757109481453
2030,sc01,12-09 00:00:00+01:00,Node_3,143.06176905105403
2030,sc01,12-09 01:00:00+01:00,Node_2,99.91
2030,sc01,12-09 01:00:00+01:00,Node_1,143.05757109481453
2030,sc01,12-09 01:00:00+01:00,Node_3,143.06176905105403
2030,sc01,12-09 02:00:00+01:00,Node_2,99.91
2030,sc01,12-09 02:00:00+01:00,Node_1,143.05757109481453
2030,sc01,12-09 02:00:00+01:00,Node_3,143.06176905105403
2030,sc01,12-09 03:00:00+01:00,Node_2,99.91
2030,sc01,12-09 03:00:00+01:00,Node_1,143.05757109481453
2030,sc01,12-09 03:00:00+01:00,Node_3,143.06176905105403
2030,sc01,12-09 04:00:00+01:00,Node_2,99.91
2030,sc01,12-09 04:00:00+01:00,Node_1,143.05757109481453
2030,sc01,12-09 04:00:00+01:00,Node_3,143.06176905105403
2030,sc01,12-09 05:00:00+01:00,Node_2,99.91
2030,sc01,12-09 05:00:00+01:00,Node_1,143.05757109481453
2030,sc01,12-09 05:00:00+01:00,Node_3,143.06176905105403
2030,sc01,12-09 06:00:00+01:00,Node_2,99.91
2030,sc01,12-09 06:00:00+01:00,Node_1,143.05757109481453
2030,sc01,12-09 06:00:00+01:00,Node_3,143.06176905105403
2030,sc01,12-09 07:00:00+01:00,Node_2,99.91
2030,sc01,12-09 07:00:00+01:00,Node_1,143.05757109481453
2030,sc01,12-09 07:00:00+01:00,Node_3,143.06176905105403
2030,sc01,12-09 08:00:00+01:00,Node_2,99.91
2030,sc01,12-09 08:00:00+01:00,Node_1,143.05757109481453
2030,sc01,12-09 08:00:00+01:00,Node_3,143.06176905105403
2030,sc01,12-09 09:00:00+01:00,Node_2,99.91
2030,sc01,12-09 09:00:00+01:00,Node_1,143.05757109481453
2030,sc01,12-09 09:00:00+01:00,Node_3,143.06176905105403
2030,sc01,12-09 10:00:00+01:00,Node_2,99.91
2030,sc01,12-09 10:00:00+01:00,Node_1,99.91844368507255
2030,sc01,12-09 10:00:00+01:00,Node_3,99.9213757441792
2030,sc01,12-09 11:00:00+01:00,Node_2,99.91
2030,sc01,12-09 11:00:00+01:00,Node_1,99.91844368507255
2030,sc01,12-09 11:00:00+01:00,Node_3,99.9213757441792
2030,sc01,12-09 12:00:00+01:00,Node_2,99.91
2030,sc01,12-09 12:00:00+01:00,Node_1,99.91844368507255
2030,sc01,12-09 12:00:00+01:00,Node_3,99.9213757441792
2030,sc01,12-09 13:00:00+01:00,Node_2,99.91
2030,sc01,12-09 13:00:00+01:00,Node_1,99.91844368507255
2030,sc01,12-09 13:00:00+01:00,Node_3,99.92137574417919
2030,sc01,12-09 14:00:00+01:00,Node_2,99.91
2030,sc01,12-09 14:00:00+01:00,Node_1,99.91844368507255
2030,sc01,12-09 14:00:00+01:00,Node_3,99.9213757441792
2030,sc01,12-09 15:00:00+01:00,Node_2,99.91
2030,sc01,12-09 15:00:00+01:00,Node_1,99.91844368507255
2030,sc01,12-09 15:00:00+01:00,Node_3,99.9213757441792
2030,sc01,12-09 16:00:00+01:00,Node_2,99.91
2030,sc01,12-09 16:00:00+01:00,Node_1,143.05757109481453
2030,sc01,12-09 16:00:00+01:00,Node_3,143.06176905105403
2030,sc01,12-09 17:00:00+01:00,Node_2,99.91
2030,sc01,12-09 17:00:00+01:00,Node_1,143.05757109481453
2030,sc01,12-09 17:00:00+01:00,Node_3,143.06176905105403
2030,sc01,12-09 18:00:00+01:00,Node_2,99.91
2030,sc01,12-09 18:00:00+01:00,Node_1,143.05757109481453
2030,sc01,12-09 18:00:00+01:00,Node_3,143.06176905105403
2030,sc01,12-09 19:00:00+01:00,Node_2,99.91
2030,sc01,12-09 19:00:00+01:00,Node_1,143.05757109481453
2030,sc01,12-09 19:00:00+01:00,Node_3,143.06176905105403
2030,sc01,12-09 20:00:00+01:00,Node_2,99.91
2030,sc01,12-09 20:00:00+01:00,Node_1,143.05757109481453
2030,sc01,12-09 20:00:00+01:00,Node_3,143.06176905105403
2030,sc01,12-09 21:00:00+01:00,Node_2,99.91
2030,sc01,12-09 21:00:00+01:00,Node_1,143.05757109481453
2030,sc01,12-09 21:00:00+01:00,Node_3,143.06176905105403
2030,sc01,12-09 22:00:00+01:00,Node_2,99.91
2030,sc01,12-09 22:00:00+01:00,Node_1,143.05757109481453
2030,sc01,12-09 22:00:00+01:00,Node_3,143.06176905105403
2030,sc01,12-09 23:00:00+01:00,Node_2,99.91
2030,sc01,12-09 23:00:00+01:00,Node_1,143.05757109481453
2030,sc01,12-09 23:00:00+01:00,Node_3,143.06176905105403
