Period,Scenario,LoadLevel,Unit,GWh
2030,sc01,02-08 08:00:00+01:00,122_WIND_1,0.0
2030,sc01,02-08 08:00:00+01:00,102_PV_1,0.0
2030,sc01,02-08 08:00:00+01:00,118_RTPV_2,6.0844
2030,sc01,02-08 08:00:00+01:00,113_CT_4,0.0
2030,sc01,02-08 08:00:00+01:00,122_HYDRO_2,18.3645
2030,sc01,02-08 08:00:00+01:00,118_CC_1,0.0
2030,sc01,02-08 08:00:00+01:00,122_HYDRO_1,18.3645
2030,sc01,02-08 08:00:00+01:00,102_STEAM_3,0.0
2030,sc01,02-08 08:00:00+01:00,122_HYDRO_6,18.3645
2030,sc01,02-08 08:00:00+01:00,113_PV_1,109.66760000000001
2030,sc01,02-08 08:00:00+01:00,121_NUCLEAR_1,0.0
2030,sc01,02-08 08:00:00+01:00,113_CT_2,0.0
2030,sc01,02-08 08:00:00+01:00,118_RTPV_4,0.0
2030,sc01,02-08 08:00:00+01:00,123_CT_5,0.0
2030,sc01,02-08 08:00:00+01:00,101_STEAM_4,0.0
2030,sc01,02-08 08:00:00+01:00,118_RTPV_9,6.3812
2030,sc01,02-08 08:00:00+01:00,101_CT_1,0.0
2030,sc01,02-08 08:00:00+01:00,123_CT_1,0.0
2030,sc01,02-08 08:00:00+01:00,123_STEAM_3,0.0
2030,sc01,02-08 08:00:00+01:00,101_CT_2,0.0
2030,sc01,02-08 08:00:00+01:00,116_STEAM_1,0.0
2030,sc01,02-08 08:00:00+01:00,123_STEAM_2,0.0
2030,sc01,02-08 08:00:00+01:00,118_RTPV_10,3.1164000000000005
2030,sc01,02-08 08:00:00+01:00,102_PV_2,0.0
2030,sc01,02-08 08:00:00+01:00,113_CT_3,0.0
2030,sc01,02-08 08:00:00+01:00,118_RTPV_3,6.0844
2030,sc01,02-08 08:00:00+01:00,102_STEAM_4,0.0
2030,sc01,02-08 08:00:00+01:00,102_CT_1,0.0
2030,sc01,02-08 08:00:00+01:00,113_CT_1,0.0
2030,sc01,02-08 08:00:00+01:00,102_CT_2,0.0
2030,sc01,02-08 08:00:00+01:00,122_HYDRO_5,18.3645
2030,sc01,02-08 08:00:00+01:00,104_PV_1,0.0
2030,sc01,02-08 08:00:00+01:00,101_PV_2,29.086400000000005
2030,sc01,02-08 08:00:00+01:00,122_HYDRO_4,18.3645
2030,sc01,02-08 08:00:00+01:00,101_STEAM_3,0.0
2030,sc01,02-08 08:00:00+01:00,101_PV_1,30.125200000000003
2030,sc01,02-08 08:00:00+01:00,101_PV_3,28.938
2030,sc01,02-08 08:00:00+01:00,118_RTPV_5,6.0844
2030,sc01,02-08 08:00:00+01:00,103_PV_1,47.78480000000001
2030,sc01,02-08 08:00:00+01:00,118_RTPV_1,6.232800000000001
2030,sc01,02-08 08:00:00+01:00,118_RTPV_6,4.735747971428236
2030,sc01,02-08 08:00:00+01:00,101_PV_4,30.125200000000003
2030,sc01,02-08 08:00:00+01:00,118_RTPV_8,0.0
2030,sc01,02-08 08:00:00+01:00,115_STEAM_3,0.0
2030,sc01,02-08 08:00:00+01:00,118_RTPV_7,0.0
2030,sc01,02-08 08:00:00+01:00,115_STEAM_1,0.0
2030,sc01,02-08 08:00:00+01:00,122_HYDRO_3,18.3645
2030,sc01,02-08 08:00:00+01:00,115_STEAM_2,0.0
2030,sc01,02-08 08:00:00+01:00,123_CT_4,0.0
2030,sc01,02-08 08:00:00+01:00,119_PV_1,45.262
2030,sc01,02-08 08:00:00+01:00,107_CC_1,0.0
2030,sc01,02-22 21:00:00+01:00,122_WIND_1,512.1216549218037
2030,sc01,02-22 21:00:00+01:00,102_PV_1,0.0
2030,sc01,02-22 21:00:00+01:00,118_RTPV_2,0.0
2030,sc01,02-22 21:00:00+01:00,113_CT_4,0.0
2030,sc01,02-22 21:00:00+01:00,122_HYDRO_2,32.917500000000004
2030,sc01,02-22 21:00:00+01:00,118_CC_1,0.0
2030,sc01,02-22 21:00:00+01:00,122_HYDRO_1,32.917500000000004
2030,sc01,02-22 21:00:00+01:00,102_STEAM_3,0.0
2030,sc01,02-22 21:00:00+01:00,122_HYDRO_6,32.917500000000004
2030,sc01,02-22 21:00:00+01:00,113_PV_1,0.0
2030,sc01,02-22 21:00:00+01:00,121_NUCLEAR_1,0.0
2030,sc01,02-22 21:00:00+01:00,113_CT_2,0.0
2030,sc01,02-22 21:00:00+01:00,118_RTPV_4,0.0
2030,sc01,02-22 21:00:00+01:00,123_CT_5,0.0
2030,sc01,02-22 21:00:00+01:00,101_STEAM_4,0.0
2030,sc01,02-22 21:00:00+01:00,118_RTPV_9,0.0
2030,sc01,02-22 21:00:00+01:00,101_CT_1,0.0
2030,sc01,02-22 21:00:00+01:00,123_CT_1,0.0
2030,sc01,02-22 21:00:00+01:00,123_STEAM_3,0.0
2030,sc01,02-22 21:00:00+01:00,101_CT_2,0.0
2030,sc01,02-22 21:00:00+01:00,116_STEAM_1,0.0
2030,sc01,02-22 21:00:00+01:00,123_STEAM_2,0.0
2030,sc01,02-22 21:00:00+01:00,118_RTPV_10,0.0
2030,sc01,02-22 21:00:00+01:00,102_PV_2,0.0
2030,sc01,02-22 21:00:00+01:00,113_CT_3,0.0
2030,sc01,02-22 21:00:00+01:00,118_RTPV_3,0.0
2030,sc01,02-22 21:00:00+01:00,102_STEAM_4,0.0
2030,sc01,02-22 21:00:00+01:00,102_CT_1,0.0
2030,sc01,02-22 21:00:00+01:00,113_CT_1,0.0
2030,sc01,02-22 21:00:00+01:00,102_CT_2,0.0
2030,sc01,02-22 21:00:00+01:00,122_HYDRO_5,32.917500000000004
2030,sc01,02-22 21:00:00+01:00,104_PV_1,0.0
2030,sc01,02-22 21:00:00+01:00,101_PV_2,0.0
2030,sc01,02-22 21:00:00+01:00,122_HYDRO_4,32.917500000000004
2030,sc01,02-22 21:00:00+01:00,101_STEAM_3,0.0
2030,sc01,02-22 21:00:00+01:00,101_PV_1,0.0
2030,sc01,02-22 21:00:00+01:00,101_PV_3,0.0
2030,sc01,02-22 21:00:00+01:00,118_RTPV_5,0.0
2030,sc01,02-22 21:00:00+01:00,103_PV_1,0.0
2030,sc01,02-22 21:00:00+01:00,118_RTPV_1,0.0
2030,sc01,02-22 21:00:00+01:00,118_RTPV_6,0.0
2030,sc01,02-22 21:00:00+01:00,101_PV_4,0.0
2030,sc01,02-22 21:00:00+01:00,118_RTPV_8,0.0
2030,sc01,02-22 21:00:00+01:00,115_STEAM_3,0.0
2030,sc01,02-22 21:00:00+01:00,118_RTPV_7,0.0
2030,sc01,02-22 21:00:00+01:00,115_STEAM_1,0.0
2030,sc01,02-22 21:00:00+01:00,122_HYDRO_3,32.917500000000004
2030,sc01,02-22 21:00:00+01:00,115_STEAM_2,0.0
2030,sc01,02-22 21:00:00+01:00,123_CT_4,0.0
2030,sc01,02-22 21:00:00+01:00,119_PV_1,0.0
2030,sc01,02-22 21:00:00+01:00,107_CC_1,51.6617916573481
2030,sc01,03-20 04:00:00+01:00,122_WIND_1,197.32924478413224
2030,sc01,03-20 04:00:00+01:00,102_PV_1,0.0
2030,sc01,03-20 04:00:00+01:00,118_RTPV_2,0.0
2030,sc01,03-20 04:00:00+01:00,113_CT_4,0.0
2030,sc01,03-20 04:00:00+01:00,122_HYDRO_2,12.474
2030,sc01,03-20 04:00:00+01:00,118_CC_1,0.0
2030,sc01,03-20 04:00:00+01:00,122_HYDRO_1,12.474
2030,sc01,03-20 04:00:00+01:00,102_STEAM_3,0.0
2030,sc01,03-20 04:00:00+01:00,122_HYDRO_6,12.474
2030,sc01,03-20 04:00:00+01:00,113_PV_1,0.0
2030,sc01,03-20 04:00:00+01:00,121_NUCLEAR_1,0.0
2030,sc01,03-20 04:00:00+01:00,113_CT_2,0.0
2030,sc01,03-20 04:00:00+01:00,118_RTPV_4,0.0
2030,sc01,03-20 04:00:00+01:00,123_CT_5,0.0
2030,sc01,03-20 04:00:00+01:00,101_STEAM_4,0.0
2030,sc01,03-20 04:00:00+01:00,118_RTPV_9,0.0
2030,sc01,03-20 04:00:00+01:00,101_CT_1,0.0
2030,sc01,03-20 04:00:00+01:00,123_CT_1,0.0
2030,sc01,03-20 04:00:00+01:00,123_STEAM_3,0.0
2030,sc01,03-20 04:00:00+01:00,101_CT_2,0.0
2030,sc01,03-20 04:00:00+01:00,116_STEAM_1,0.0
2030,sc01,03-20 04:00:00+01:00,123_STEAM_2,0.0
2030,sc01,03-20 04:00:00+01:00,118_RTPV_10,0.0
2030,sc01,03-20 04:00:00+01:00,102_PV_2,0.0
2030,sc01,03-20 04:00:00+01:00,113_CT_3,0.0
2030,sc01,03-20 04:00:00+01:00,118_RTPV_3,0.0
2030,sc01,03-20 04:00:00+01:00,102_STEAM_4,0.0
2030,sc01,03-20 04:00:00+01:00,102_CT_1,0.0
2030,sc01,03-20 04:00:00+01:00,113_CT_1,0.0
2030,sc01,03-20 04:00:00+01:00,102_CT_2,0.0
2030,sc01,03-20 04:00:00+01:00,122_HYDRO_5,12.474
2030,sc01,03-20 04:00:00+01:00,104_PV_1,0.0
2030,sc01,03-20 04:00:00+01:00,101_PV_2,0.0
2030,sc01,03-20 04:00:00+01:00,122_HYDRO_4,12.474
2030,sc01,03-20 04:00:00+01:00,101_STEAM_3,0.0
2030,sc01,03-20 04:00:00+01:00,101_PV_1,0.0
2030,sc01,03-20 04:00:00+01:00,101_PV_3,0.0
2030,sc01,03-20 04:00:00+01:00,118_RTPV_5,0.0
2030,sc01,03-20 04:00:00+01:00,103_PV_1,0.0
2030,sc01,03-20 04:00:00+01:00,118_RTPV_1,0.0
2030,sc01,03-20 04:00:00+01:00,118_RTPV_6,0.0
2030,sc01,03-20 04:00:00+01:00,101_PV_4,0.0
2030,sc01,03-20 04:00:00+01:00,118_RTPV_8,0.0
2030,sc01,03-20 04:00:00+01:00,115_STEAM_3,0.9594029568338001
2030,sc01,03-20 04:00:00+01:00,118_RTPV_7,0.0
2030,sc01,03-20 04:00:00+01:00,115_STEAM_1,0.0
2030,sc01,03-20 04:00:00+01:00,122_HYDRO_3,12.474
2030,sc01,03-20 04:00:00+01:00,115_STEAM_2,0.0
2030,sc01,03-20 04:00:00+01:00,123_CT_4,0.0
2030,sc01,03-20 04:00:00+01:00,119_PV_1,0.0
2030,sc01,03-20 04:00:00+01:00,107_CC_1,29.037297905833192
2030,sc01,03-22 20:00:00+01:00,122_WIND_1,270.66107775940986
2030,sc01,03-22 20:00:00+01:00,102_PV_1,0.0
2030,sc01,03-22 20:00:00+01:00,118_RTPV_2,0.0
2030,sc01,03-22 20:00:00+01:00,113_CT_4,0.0
2030,sc01,03-22 20:00:00+01:00,122_HYDRO_2,17.028000000000002
2030,sc01,03-22 20:00:00+01:00,118_CC_1,0.0
2030,sc01,03-22 20:00:00+01:00,122_HYDRO_1,17.028000000000002
2030,sc01,03-22 20:00:00+01:00,102_STEAM_3,0.0
2030,sc01,03-22 20:00:00+01:00,122_HYDRO_6,17.028000000000002
2030,sc01,03-22 20:00:00+01:00,113_PV_1,0.0
2030,sc01,03-22 20:00:00+01:00,121_NUCLEAR_1,0.0
2030,sc01,03-22 20:00:00+01:00,113_CT_2,0.0
2030,sc01,03-22 20:00:00+01:00,118_RTPV_4,0.0
2030,sc01,03-22 20:00:00+01:00,123_CT_5,0.0
2030,sc01,03-22 20:00:00+01:00,101_STEAM_4,0.0
2030,sc01,03-22 20:00:00+01:00,118_RTPV_9,0.0
2030,sc01,03-22 20:00:00+01:00,101_CT_1,0.0
2030,sc01,03-22 20:00:00+01:00,123_CT_1,0.0
2030,sc01,03-22 20:00:00+01:00,123_STEAM_3,0.0
2030,sc01,03-22 20:00:00+01:00,101_CT_2,0.0
2030,sc01,03-22 20:00:00+01:00,116_STEAM_1,0.0
2030,sc01,03-22 20:00:00+01:00,123_STEAM_2,0.0
2030,sc01,03-22 20:00:00+01:00,118_RTPV_10,0.0
2030,sc01,03-22 20:00:00+01:00,102_PV_2,0.0
2030,sc01,03-22 20:00:00+01:00,113_CT_3,0.0
2030,sc01,03-22 20:00:00+01:00,118_RTPV_3,0.0
2030,sc01,03-22 20:00:00+01:00,102_STEAM_4,0.0
2030,sc01,03-22 20:00:00+01:00,102_CT_1,0.0
2030,sc01,03-22 20:00:00+01:00,113_CT_1,0.0
2030,sc01,03-22 20:00:00+01:00,102_CT_2,0.0
2030,sc01,03-22 20:00:00+01:00,122_HYDRO_5,17.028000000000002
2030,sc01,03-22 20:00:00+01:00,104_PV_1,0.0
2030,sc01,03-22 20:00:00+01:00,101_PV_2,0.0
2030,sc01,03-22 20:00:00+01:00,122_HYDRO_4,17.028000000000002
2030,sc01,03-22 20:00:00+01:00,101_STEAM_3,0.0
2030,sc01,03-22 20:00:00+01:00,101_PV_1,0.0
2030,sc01,03-22 20:00:00+01:00,101_PV_3,0.0
2030,sc01,03-22 20:00:00+01:00,118_RTPV_5,0.0
2030,sc01,03-22 20:00:00+01:00,103_PV_1,0.0
2030,sc01,03-22 20:00:00+01:00,118_RTPV_1,0.0
2030,sc01,03-22 20:00:00+01:00,118_RTPV_6,0.0
2030,sc01,03-22 20:00:00+01:00,101_PV_4,0.0
2030,sc01,03-22 20:00:00+01:00,118_RTPV_8,0.0
2030,sc01,03-22 20:00:00+01:00,115_STEAM_3,3.4011426411109045
2030,sc01,03-22 20:00:00+01:00,118_RTPV_7,0.0
2030,sc01,03-22 20:00:00+01:00,115_STEAM_1,0.0
2030,sc01,03-22 20:00:00+01:00,122_HYDRO_3,17.028000000000002
2030,sc01,03-22 20:00:00+01:00,115_STEAM_2,0.0
2030,sc01,03-22 20:00:00+01:00,123_CT_4,0.0
2030,sc01,03-22 20:00:00+01:00,119_PV_1,0.0
2030,sc01,03-22 20:00:00+01:00,107_CC_1,47.461694436201526
2030,sc01,03-23 05:00:00+01:00,122_WIND_1,37.7484
2030,sc01,03-23 05:00:00+01:00,102_PV_1,0.0
2030,sc01,03-23 05:00:00+01:00,118_RTPV_2,0.0
2030,sc01,03-23 05:00:00+01:00,113_CT_4,0.0
2030,sc01,03-23 05:00:00+01:00,122_HYDRO_2,18.7605
2030,sc01,03-23 05:00:00+01:00,118_CC_1,64.52201194860751
2030,sc01,03-23 05:00:00+01:00,122_HYDRO_1,18.7605
2030,sc01,03-23 05:00:00+01:00,102_STEAM_3,0.0
2030,sc01,03-23 05:00:00+01:00,122_HYDRO_6,18.7605
2030,sc01,03-23 05:00:00+01:00,113_PV_1,0.0
2030,sc01,03-23 05:00:00+01:00,121_NUCLEAR_1,133.40800000000002
2030,sc01,03-23 05:00:00+01:00,113_CT_2,0.0
2030,sc01,03-23 05:00:00+01:00,118_RTPV_4,0.0
2030,sc01,03-23 05:00:00+01:00,123_CT_5,0.0
2030,sc01,03-23 05:00:00+01:00,101_STEAM_4,0.0
2030,sc01,03-23 05:00:00+01:00,118_RTPV_9,0.0
2030,sc01,03-23 05:00:00+01:00,101_CT_1,0.0
2030,sc01,03-23 05:00:00+01:00,123_CT_1,0.0
2030,sc01,03-23 05:00:00+01:00,123_STEAM_3,0.0
2030,sc01,03-23 05:00:00+01:00,101_CT_2,0.0
2030,sc01,03-23 05:00:00+01:00,116_STEAM_1,0.0
2030,sc01,03-23 05:00:00+01:00,123_STEAM_2,0.0
2030,sc01,03-23 05:00:00+01:00,118_RTPV_10,0.0
2030,sc01,03-23 05:00:00+01:00,102_PV_2,0.0
2030,sc01,03-23 05:00:00+01:00,113_CT_3,0.0
2030,sc01,03-23 05:00:00+01:00,118_RTPV_3,0.0
2030,sc01,03-23 05:00:00+01:00,102_STEAM_4,0.0
2030,sc01,03-23 05:00:00+01:00,102_CT_1,0.0
2030,sc01,03-23 05:00:00+01:00,113_CT_1,0.0
2030,sc01,03-23 05:00:00+01:00,102_CT_2,0.0
2030,sc01,03-23 05:00:00+01:00,122_HYDRO_5,18.7605
2030,sc01,03-23 05:00:00+01:00,104_PV_1,0.0
2030,sc01,03-23 05:00:00+01:00,101_PV_2,0.0
2030,sc01,03-23 05:00:00+01:00,122_HYDRO_4,18.7605
2030,sc01,03-23 05:00:00+01:00,101_STEAM_3,0.0
2030,sc01,03-23 05:00:00+01:00,101_PV_1,0.0
2030,sc01,03-23 05:00:00+01:00,101_PV_3,0.0
2030,sc01,03-23 05:00:00+01:00,118_RTPV_5,0.0
2030,sc01,03-23 05:00:00+01:00,103_PV_1,0.0
2030,sc01,03-23 05:00:00+01:00,118_RTPV_1,0.0
2030,sc01,03-23 05:00:00+01:00,118_RTPV_6,0.0
2030,sc01,03-23 05:00:00+01:00,101_PV_4,0.0
2030,sc01,03-23 05:00:00+01:00,118_RTPV_8,0.0
2030,sc01,03-23 05:00:00+01:00,115_STEAM_3,0.0
2030,sc01,03-23 05:00:00+01:00,118_RTPV_7,0.0
2030,sc01,03-23 05:00:00+01:00,115_STEAM_1,0.0
2030,sc01,03-23 05:00:00+01:00,122_HYDRO_3,18.7605
2030,sc01,03-23 05:00:00+01:00,115_STEAM_2,0.0
2030,sc01,03-23 05:00:00+01:00,123_CT_4,0.0
2030,sc01,03-23 05:00:00+01:00,119_PV_1,0.0
2030,sc01,03-23 05:00:00+01:00,107_CC_1,85.34180789148
2030,sc01,03-26 05:00:00+01:00,122_WIND_1,55.702869108209256
2030,sc01,03-26 05:00:00+01:00,102_PV_1,0.0
2030,sc01,03-26 05:00:00+01:00,118_RTPV_2,0.0
2030,sc01,03-26 05:00:00+01:00,113_CT_4,0.0
2030,sc01,03-26 05:00:00+01:00,122_HYDRO_2,3.5145
2030,sc01,03-26 05:00:00+01:00,118_CC_1,0.0
2030,sc01,03-26 05:00:00+01:00,122_HYDRO_1,3.5145
2030,sc01,03-26 05:00:00+01:00,102_STEAM_3,0.0
2030,sc01,03-26 05:00:00+01:00,122_HYDRO_6,3.5145
2030,sc01,03-26 05:00:00+01:00,113_PV_1,0.0
2030,sc01,03-26 05:00:00+01:00,121_NUCLEAR_1,0.0
2030,sc01,03-26 05:00:00+01:00,113_CT_2,0.0
2030,sc01,03-26 05:00:00+01:00,118_RTPV_4,0.0
2030,sc01,03-26 05:00:00+01:00,123_CT_5,0.0
2030,sc01,03-26 05:00:00+01:00,101_STEAM_4,0.0
2030,sc01,03-26 05:00:00+01:00,118_RTPV_9,0.0
2030,sc01,03-26 05:00:00+01:00,101_CT_1,0.0
2030,sc01,03-26 05:00:00+01:00,123_CT_1,0.0
2030,sc01,03-26 05:00:00+01:00,123_STEAM_3,13.58534690503829
2030,sc01,03-26 05:00:00+01:00,101_CT_2,0.0
2030,sc01,03-26 05:00:00+01:00,116_STEAM_1,0.0
2030,sc01,03-26 05:00:00+01:00,123_STEAM_2,0.0
2030,sc01,03-26 05:00:00+01:00,118_RTPV_10,0.0
2030,sc01,03-26 05:00:00+01:00,102_PV_2,0.0
2030,sc01,03-26 05:00:00+01:00,113_CT_3,0.0
2030,sc01,03-26 05:00:00+01:00,118_RTPV_3,0.0
2030,sc01,03-26 05:00:00+01:00,102_STEAM_4,0.0
2030,sc01,03-26 05:00:00+01:00,102_CT_1,0.0
2030,sc01,03-26 05:00:00+01:00,113_CT_1,0.0
2030,sc01,03-26 05:00:00+01:00,102_CT_2,0.0
2030,sc01,03-26 05:00:00+01:00,122_HYDRO_5,3.5145
2030,sc01,03-26 05:00:00+01:00,104_PV_1,0.0
2030,sc01,03-26 05:00:00+01:00,101_PV_2,0.0
2030,sc01,03-26 05:00:00+01:00,122_HYDRO_4,3.5145
2030,sc01,03-26 05:00:00+01:00,101_STEAM_3,0.846763496972684
2030,sc01,03-26 05:00:00+01:00,101_PV_1,0.0
2030,sc01,03-26 05:00:00+01:00,101_PV_3,0.0
2030,sc01,03-26 05:00:00+01:00,118_RTPV_5,0.0
2030,sc01,03-26 05:00:00+01:00,103_PV_1,0.0
2030,sc01,03-26 05:00:00+01:00,118_RTPV_1,0.0
2030,sc01,03-26 05:00:00+01:00,118_RTPV_6,0.0
2030,sc01,03-26 05:00:00+01:00,101_PV_4,0.0
2030,sc01,03-26 05:00:00+01:00,118_RTPV_8,0.0
2030,sc01,03-26 05:00:00+01:00,115_STEAM_3,0.0
2030,sc01,03-26 05:00:00+01:00,118_RTPV_7,0.0
2030,sc01,03-26 05:00:00+01:00,115_STEAM_1,0.0
2030,sc01,03-26 05:00:00+01:00,122_HYDRO_3,3.5145
2030,sc01,03-26 05:00:00+01:00,115_STEAM_2,0.0
2030,sc01,03-26 05:00:00+01:00,123_CT_4,0.0
2030,sc01,03-26 05:00:00+01:00,119_PV_1,0.0
2030,sc01,03-26 05:00:00+01:00,107_CC_1,17.17944860009
2030,sc01,04-01 16:00:00+02:00,122_WIND_1,59.589999999999996
2030,sc01,04-01 16:00:00+02:00,102_PV_1,1.1716
2030,sc01,04-01 16:00:00+02:00,118_RTPV_2,0.0
2030,sc01,04-01 16:00:00+02:00,113_CT_4,0.0
2030,sc01,04-01 16:00:00+02:00,122_HYDRO_2,4.9995
2030,sc01,04-01 16:00:00+02:00,118_CC_1,0.0
2030,sc01,04-01 16:00:00+02:00,122_HYDRO_1,4.9995
2030,sc01,04-01 16:00:00+02:00,102_STEAM_3,0.0
2030,sc01,04-01 16:00:00+02:00,122_HYDRO_6,4.9995
2030,sc01,04-01 16:00:00+02:00,113_PV_1,0.0
2030,sc01,04-01 16:00:00+02:00,121_NUCLEAR_1,19.059297574826992
2030,sc01,04-01 16:00:00+02:00,113_CT_2,0.0
2030,sc01,04-01 16:00:00+02:00,118_RTPV_4,0.08080000000000001
2030,sc01,04-01 16:00:00+02:00,123_CT_5,0.0
2030,sc01,04-01 16:00:00+02:00,101_STEAM_4,0.0
2030,sc01,04-01 16:00:00+02:00,118_RTPV_9,0.0
2030,sc01,04-01 16:00:00+02:00,101_CT_1,0.0
2030,sc01,04-01 16:00:00+02:00,123_CT_1,0.0
2030,sc01,04-01 16:00:00+02:00,123_STEAM_3,0.0
2030,sc01,04-01 16:00:00+02:00,101_CT_2,0.0
2030,sc01,04-01 16:00:00+02:00,116_STEAM_1,0.0
2030,sc01,04-01 16:00:00+02:00,123_STEAM_2,0.0
2030,sc01,04-01 16:00:00+02:00,118_RTPV_10,0.0
2030,sc01,04-01 16:00:00+02:00,102_PV_2,1.4544000000000001
2030,sc01,04-01 16:00:00+02:00,113_CT_3,0.0
2030,sc01,04-01 16:00:00+02:00,118_RTPV_3,0.7676
2030,sc01,04-01 16:00:00+02:00,102_STEAM_4,0.0
2030,sc01,04-01 16:00:00+02:00,102_CT_1,0.0
2030,sc01,04-01 16:00:00+02:00,113_CT_1,0.0
2030,sc01,04-01 16:00:00+02:00,102_CT_2,0.0
2030,sc01,04-01 16:00:00+02:00,122_HYDRO_5,4.9995
2030,sc01,04-01 16:00:00+02:00,104_PV_1,1.3736
2030,sc01,04-01 16:00:00+02:00,101_PV_2,1.4544000000000001
2030,sc01,04-01 16:00:00+02:00,122_HYDRO_4,4.9995
2030,sc01,04-01 16:00:00+02:00,101_STEAM_3,0.0
2030,sc01,04-01 16:00:00+02:00,101_PV_1,1.212
2030,sc01,04-01 16:00:00+02:00,101_PV_3,1.2524000000000002
2030,sc01,04-01 16:00:00+02:00,118_RTPV_5,0.606
2030,sc01,04-01 16:00:00+02:00,103_PV_1,0.0
2030,sc01,04-01 16:00:00+02:00,118_RTPV_1,0.0
2030,sc01,04-01 16:00:00+02:00,118_RTPV_6,0.0
2030,sc01,04-01 16:00:00+02:00,101_PV_4,2.1412
2030,sc01,04-01 16:00:00+02:00,118_RTPV_8,0.0
2030,sc01,04-01 16:00:00+02:00,115_STEAM_3,0.0
2030,sc01,04-01 16:00:00+02:00,118_RTPV_7,0.0
2030,sc01,04-01 16:00:00+02:00,115_STEAM_1,0.0
2030,sc01,04-01 16:00:00+02:00,122_HYDRO_3,4.9995
2030,sc01,04-01 16:00:00+02:00,115_STEAM_2,0.0
2030,sc01,04-01 16:00:00+02:00,123_CT_4,0.0
2030,sc01,04-01 16:00:00+02:00,119_PV_1,0.08080000000000001
2030,sc01,04-01 16:00:00+02:00,107_CC_1,8.465311392034051
2030,sc01,04-01 19:00:00+02:00,122_WIND_1,0.0
2030,sc01,04-01 19:00:00+02:00,102_PV_1,0.0
2030,sc01,04-01 19:00:00+02:00,118_RTPV_2,0.0
2030,sc01,04-01 19:00:00+02:00,113_CT_4,0.0
2030,sc01,04-01 19:00:00+02:00,122_HYDRO_2,6.1875
2030,sc01,04-01 19:00:00+02:00,118_CC_1,42.910624999999996
2030,sc01,04-01 19:00:00+02:00,122_HYDRO_1,6.1875
2030,sc01,04-01 19:00:00+02:00,102_STEAM_3,0.0
2030,sc01,04-01 19:00:00+02:00,122_HYDRO_6,6.1875
2030,sc01,04-01 19:00:00+02:00,113_PV_1,0.0
2030,sc01,04-01 19:00:00+02:00,121_NUCLEAR_1,44.00000000000001
2030,sc01,04-01 19:00:00+02:00,113_CT_2,0.0
2030,sc01,04-01 19:00:00+02:00,118_RTPV_4,0.0
2030,sc01,04-01 19:00:00+02:00,123_CT_5,0.0
2030,sc01,04-01 19:00:00+02:00,101_STEAM_4,0.0
2030,sc01,04-01 19:00:00+02:00,118_RTPV_9,0.0
2030,sc01,04-01 19:00:00+02:00,101_CT_1,0.0
2030,sc01,04-01 19:00:00+02:00,123_CT_1,0.0
2030,sc01,04-01 19:00:00+02:00,123_STEAM_3,10.40134647875016
2030,sc01,04-01 19:00:00+02:00,101_CT_2,0.0
2030,sc01,04-01 19:00:00+02:00,116_STEAM_1,7.44
2030,sc01,04-01 19:00:00+02:00,123_STEAM_2,0.0
2030,sc01,04-01 19:00:00+02:00,118_RTPV_10,0.0
2030,sc01,04-01 19:00:00+02:00,102_PV_2,0.0
2030,sc01,04-01 19:00:00+02:00,113_CT_3,0.0
2030,sc01,04-01 19:00:00+02:00,118_RTPV_3,0.0
2030,sc01,04-01 19:00:00+02:00,102_STEAM_4,0.0
2030,sc01,04-01 19:00:00+02:00,102_CT_1,0.0
2030,sc01,04-01 19:00:00+02:00,113_CT_1,0.0
2030,sc01,04-01 19:00:00+02:00,102_CT_2,0.0
2030,sc01,04-01 19:00:00+02:00,122_HYDRO_5,6.1875
2030,sc01,04-01 19:00:00+02:00,104_PV_1,0.0
2030,sc01,04-01 19:00:00+02:00,101_PV_2,0.0
2030,sc01,04-01 19:00:00+02:00,122_HYDRO_4,6.1875
2030,sc01,04-01 19:00:00+02:00,101_STEAM_3,0.0
2030,sc01,04-01 19:00:00+02:00,101_PV_1,0.0
2030,sc01,04-01 19:00:00+02:00,101_PV_3,0.0
2030,sc01,04-01 19:00:00+02:00,118_RTPV_5,0.0
2030,sc01,04-01 19:00:00+02:00,103_PV_1,0.0
2030,sc01,04-01 19:00:00+02:00,118_RTPV_1,0.0
2030,sc01,04-01 19:00:00+02:00,118_RTPV_6,0.0
2030,sc01,04-01 19:00:00+02:00,101_PV_4,0.0
2030,sc01,04-01 19:00:00+02:00,118_RTPV_8,0.0
2030,sc01,04-01 19:00:00+02:00,115_STEAM_3,0.0
2030,sc01,04-01 19:00:00+02:00,118_RTPV_7,0.0
2030,sc01,04-01 19:00:00+02:00,115_STEAM_1,0.0
2030,sc01,04-01 19:00:00+02:00,122_HYDRO_3,6.1875
2030,sc01,04-01 19:00:00+02:00,115_STEAM_2,0.0
2030,sc01,04-01 19:00:00+02:00,123_CT_4,0.0
2030,sc01,04-01 19:00:00+02:00,119_PV_1,0.0
2030,sc01,04-01 19:00:00+02:00,107_CC_1,29.386558325000003
2030,sc01,04-08 23:00:00+02:00,122_WIND_1,53.913599999999995
2030,sc01,04-08 23:00:00+02:00,102_PV_1,0.0
2030,sc01,04-08 23:00:00+02:00,118_RTPV_2,0.0
2030,sc01,04-08 23:00:00+02:00,113_CT_4,0.0
2030,sc01,04-08 23:00:00+02:00,122_HYDRO_2,5.346
2030,sc01,04-08 23:00:00+02:00,118_CC_1,0.0
2030,sc01,04-08 23:00:00+02:00,122_HYDRO_1,5.346
2030,sc01,04-08 23:00:00+02:00,102_STEAM_3,0.0
2030,sc01,04-08 23:00:00+02:00,122_HYDRO_6,5.346
2030,sc01,04-08 23:00:00+02:00,113_PV_1,0.0
2030,sc01,04-08 23:00:00+02:00,121_NUCLEAR_1,28.092855732261086
2030,sc01,04-08 23:00:00+02:00,113_CT_2,0.0
2030,sc01,04-08 23:00:00+02:00,118_RTPV_4,0.0
2030,sc01,04-08 23:00:00+02:00,123_CT_5,0.0
2030,sc01,04-08 23:00:00+02:00,101_STEAM_4,0.0
2030,sc01,04-08 23:00:00+02:00,118_RTPV_9,0.0
2030,sc01,04-08 23:00:00+02:00,101_CT_1,0.0
2030,sc01,04-08 23:00:00+02:00,123_CT_1,0.0
2030,sc01,04-08 23:00:00+02:00,123_STEAM_3,0.0
2030,sc01,04-08 23:00:00+02:00,101_CT_2,0.0
2030,sc01,04-08 23:00:00+02:00,116_STEAM_1,0.0
2030,sc01,04-08 23:00:00+02:00,123_STEAM_2,0.0
2030,sc01,04-08 23:00:00+02:00,118_RTPV_10,0.0
2030,sc01,04-08 23:00:00+02:00,102_PV_2,0.0
2030,sc01,04-08 23:00:00+02:00,113_CT_3,0.0
2030,sc01,04-08 23:00:00+02:00,118_RTPV_3,0.0
2030,sc01,04-08 23:00:00+02:00,102_STEAM_4,0.0
2030,sc01,04-08 23:00:00+02:00,102_CT_1,0.0
2030,sc01,04-08 23:00:00+02:00,113_CT_1,0.0
2030,sc01,04-08 23:00:00+02:00,102_CT_2,0.0
2030,sc01,04-08 23:00:00+02:00,122_HYDRO_5,5.346
2030,sc01,04-08 23:00:00+02:00,104_PV_1,0.0
2030,sc01,04-08 23:00:00+02:00,101_PV_2,0.0
2030,sc01,04-08 23:00:00+02:00,122_HYDRO_4,5.346
2030,sc01,04-08 23:00:00+02:00,101_STEAM_3,0.0
2030,sc01,04-08 23:00:00+02:00,101_PV_1,0.0
2030,sc01,04-08 23:00:00+02:00,101_PV_3,0.0
2030,sc01,04-08 23:00:00+02:00,118_RTPV_5,0.0
2030,sc01,04-08 23:00:00+02:00,103_PV_1,0.0
2030,sc01,04-08 23:00:00+02:00,118_RTPV_1,0.0
2030,sc01,04-08 23:00:00+02:00,118_RTPV_6,0.0
2030,sc01,04-08 23:00:00+02:00,101_PV_4,0.0
2030,sc01,04-08 23:00:00+02:00,118_RTPV_8,0.0
2030,sc01,04-08 23:00:00+02:00,115_STEAM_3,0.0
2030,sc01,04-08 23:00:00+02:00,118_RTPV_7,0.0
2030,sc01,04-08 23:00:00+02:00,115_STEAM_1,0.0
2030,sc01,04-08 23:00:00+02:00,122_HYDRO_3,5.346
2030,sc01,04-08 23:00:00+02:00,115_STEAM_2,0.0
2030,sc01,04-08 23:00:00+02:00,123_CT_4,0.0
2030,sc01,04-08 23:00:00+02:00,119_PV_1,0.0
2030,sc01,04-08 23:00:00+02:00,107_CC_1,5.827804045777959
2030,sc01,04-11 20:00:00+02:00,122_WIND_1,17.5764
2030,sc01,04-11 20:00:00+02:00,102_PV_1,0.0
2030,sc01,04-11 20:00:00+02:00,118_RTPV_2,0.0
2030,sc01,04-11 20:00:00+02:00,113_CT_4,0.0
2030,sc01,04-11 20:00:00+02:00,122_HYDRO_2,7.4745
2030,sc01,04-11 20:00:00+02:00,118_CC_1,48.47730221451921
2030,sc01,04-11 20:00:00+02:00,122_HYDRO_1,7.4745
2030,sc01,04-11 20:00:00+02:00,102_STEAM_3,0.0
2030,sc01,04-11 20:00:00+02:00,122_HYDRO_6,7.4745
2030,sc01,04-11 20:00:00+02:00,113_PV_1,0.0
2030,sc01,04-11 20:00:00+02:00,121_NUCLEAR_1,53.15200000000001
2030,sc01,04-11 20:00:00+02:00,113_CT_2,0.0
2030,sc01,04-11 20:00:00+02:00,118_RTPV_4,0.0
2030,sc01,04-11 20:00:00+02:00,123_CT_5,0.0
2030,sc01,04-11 20:00:00+02:00,101_STEAM_4,0.0
2030,sc01,04-11 20:00:00+02:00,118_RTPV_9,0.0
2030,sc01,04-11 20:00:00+02:00,101_CT_1,0.0
2030,sc01,04-11 20:00:00+02:00,123_CT_1,0.0
2030,sc01,04-11 20:00:00+02:00,123_STEAM_3,0.0
2030,sc01,04-11 20:00:00+02:00,101_CT_2,0.0
2030,sc01,04-11 20:00:00+02:00,116_STEAM_1,0.0
2030,sc01,04-11 20:00:00+02:00,123_STEAM_2,0.0
2030,sc01,04-11 20:00:00+02:00,118_RTPV_10,0.0
2030,sc01,04-11 20:00:00+02:00,102_PV_2,0.0
2030,sc01,04-11 20:00:00+02:00,113_CT_3,0.0
2030,sc01,04-11 20:00:00+02:00,118_RTPV_3,0.0
2030,sc01,04-11 20:00:00+02:00,102_STEAM_4,0.0
2030,sc01,04-11 20:00:00+02:00,102_CT_1,0.0
2030,sc01,04-11 20:00:00+02:00,113_CT_1,0.0
2030,sc01,04-11 20:00:00+02:00,102_CT_2,0.0
2030,sc01,04-11 20:00:00+02:00,122_HYDRO_5,7.4745
2030,sc01,04-11 20:00:00+02:00,104_PV_1,0.0
2030,sc01,04-11 20:00:00+02:00,101_PV_2,0.0
2030,sc01,04-11 20:00:00+02:00,122_HYDRO_4,7.4745
2030,sc01,04-11 20:00:00+02:00,101_STEAM_3,0.0
2030,sc01,04-11 20:00:00+02:00,101_PV_1,0.0
2030,sc01,04-11 20:00:00+02:00,101_PV_3,0.0
2030,sc01,04-11 20:00:00+02:00,118_RTPV_5,0.0
2030,sc01,04-11 20:00:00+02:00,103_PV_1,0.0
2030,sc01,04-11 20:00:00+02:00,118_RTPV_1,0.0
2030,sc01,04-11 20:00:00+02:00,118_RTPV_6,0.0
2030,sc01,04-11 20:00:00+02:00,101_PV_4,0.0
2030,sc01,04-11 20:00:00+02:00,118_RTPV_8,0.0
2030,sc01,04-11 20:00:00+02:00,115_STEAM_3,0.0
2030,sc01,04-11 20:00:00+02:00,118_RTPV_7,0.0
2030,sc01,04-11 20:00:00+02:00,115_STEAM_1,0.0
2030,sc01,04-11 20:00:00+02:00,122_HYDRO_3,7.4745
2030,sc01,04-11 20:00:00+02:00,115_STEAM_2,0.0
2030,sc01,04-11 20:00:00+02:00,123_CT_4,0.0
2030,sc01,04-11 20:00:00+02:00,119_PV_1,0.0
2030,sc01,04-11 20:00:00+02:00,107_CC_1,35.162509277350004
2030,sc01,04-14 06:00:00+02:00,122_WIND_1,38.85240055928184
2030,sc01,04-14 06:00:00+02:00,102_PV_1,15.0336
2030,sc01,04-14 06:00:00+02:00,118_RTPV_2,1.4848000000000001
2030,sc01,04-14 06:00:00+02:00,113_CT_4,0.0
2030,sc01,04-14 06:00:00+02:00,122_HYDRO_2,11.484
2030,sc01,04-14 06:00:00+02:00,118_CC_1,0.0
2030,sc01,04-14 06:00:00+02:00,122_HYDRO_1,11.484
2030,sc01,04-14 06:00:00+02:00,102_STEAM_3,0.0
2030,sc01,04-14 06:00:00+02:00,122_HYDRO_6,11.484
2030,sc01,04-14 06:00:00+02:00,113_PV_1,47.792
2030,sc01,04-14 06:00:00+02:00,121_NUCLEAR_1,0.0
2030,sc01,04-14 06:00:00+02:00,113_CT_2,0.0
2030,sc01,04-14 06:00:00+02:00,118_RTPV_4,1.4848000000000001
2030,sc01,04-14 06:00:00+02:00,123_CT_5,0.0
2030,sc01,04-14 06:00:00+02:00,101_STEAM_4,0.0
2030,sc01,04-14 06:00:00+02:00,118_RTPV_9,0.37120000000000003
2030,sc01,04-14 06:00:00+02:00,101_CT_1,0.0
2030,sc01,04-14 06:00:00+02:00,123_CT_1,0.0
2030,sc01,04-14 06:00:00+02:00,123_STEAM_3,0.0
2030,sc01,04-14 06:00:00+02:00,101_CT_2,0.0
2030,sc01,04-14 06:00:00+02:00,116_STEAM_1,0.0
2030,sc01,04-14 06:00:00+02:00,123_STEAM_2,0.0
2030,sc01,04-14 06:00:00+02:00,118_RTPV_10,0.5568
2030,sc01,04-14 06:00:00+02:00,102_PV_2,15.219199999999997
2030,sc01,04-14 06:00:00+02:00,113_CT_3,0.0
2030,sc01,04-14 06:00:00+02:00,118_RTPV_3,1.2992
2030,sc01,04-14 06:00:00+02:00,102_STEAM_4,0.0
2030,sc01,04-14 06:00:00+02:00,102_CT_1,0.0
2030,sc01,04-14 06:00:00+02:00,113_CT_1,0.0
2030,sc01,04-14 06:00:00+02:00,102_CT_2,0.0
2030,sc01,04-14 06:00:00+02:00,122_HYDRO_5,11.484
2030,sc01,04-14 06:00:00+02:00,104_PV_1,15.6832
2030,sc01,04-14 06:00:00+02:00,101_PV_2,15.126400000000002
2030,sc01,04-14 06:00:00+02:00,122_HYDRO_4,11.484
2030,sc01,04-14 06:00:00+02:00,101_STEAM_3,0.0
2030,sc01,04-14 06:00:00+02:00,101_PV_1,15.590400000000002
2030,sc01,04-14 06:00:00+02:00,101_PV_3,15.312000000000001
2030,sc01,04-14 06:00:00+02:00,118_RTPV_5,1.4848000000000001
2030,sc01,04-14 06:00:00+02:00,103_PV_1,10.950400000000002
2030,sc01,04-14 06:00:00+02:00,118_RTPV_1,1.4848000000000001
2030,sc01,04-14 06:00:00+02:00,118_RTPV_6,1.4848000000000001
2030,sc01,04-14 06:00:00+02:00,101_PV_4,14.5696
2030,sc01,04-14 06:00:00+02:00,118_RTPV_8,1.3920000000000001
2030,sc01,04-14 06:00:00+02:00,115_STEAM_3,0.0
2030,sc01,04-14 06:00:00+02:00,118_RTPV_7,0.0
2030,sc01,04-14 06:00:00+02:00,115_STEAM_1,0.0
2030,sc01,04-14 06:00:00+02:00,122_HYDRO_3,11.484
2030,sc01,04-14 06:00:00+02:00,115_STEAM_2,0.0
2030,sc01,04-14 06:00:00+02:00,123_CT_4,0.0
2030,sc01,04-14 06:00:00+02:00,119_PV_1,10.486400000000001
2030,sc01,04-14 06:00:00+02:00,107_CC_1,0.0
2030,sc01,05-10 07:00:00+02:00,122_WIND_1,0.0
2030,sc01,05-10 07:00:00+02:00,102_PV_1,0.0
2030,sc01,05-10 07:00:00+02:00,118_RTPV_2,8.0688
2030,sc01,05-10 07:00:00+02:00,113_CT_4,0.0
2030,sc01,05-10 07:00:00+02:00,122_HYDRO_2,24.354000000000003
2030,sc01,05-10 07:00:00+02:00,118_CC_1,0.0
2030,sc01,05-10 07:00:00+02:00,122_HYDRO_1,24.354000000000003
2030,sc01,05-10 07:00:00+02:00,102_STEAM_3,0.0
2030,sc01,05-10 07:00:00+02:00,122_HYDRO_6,24.354000000000003
2030,sc01,05-10 07:00:00+02:00,113_PV_1,129.49439999999998
2030,sc01,05-10 07:00:00+02:00,121_NUCLEAR_1,0.0
2030,sc01,05-10 07:00:00+02:00,113_CT_2,0.0
2030,sc01,05-10 07:00:00+02:00,118_RTPV_4,8.0688
2030,sc01,05-10 07:00:00+02:00,123_CT_5,0.0
2030,sc01,05-10 07:00:00+02:00,101_STEAM_4,0.0
2030,sc01,05-10 07:00:00+02:00,118_RTPV_9,0.5903999999999999
2030,sc01,05-10 07:00:00+02:00,101_CT_1,0.0
2030,sc01,05-10 07:00:00+02:00,123_CT_1,0.0
2030,sc01,05-10 07:00:00+02:00,123_STEAM_3,0.0
2030,sc01,05-10 07:00:00+02:00,101_CT_2,0.0
2030,sc01,05-10 07:00:00+02:00,116_STEAM_1,0.0
2030,sc01,05-10 07:00:00+02:00,123_STEAM_2,0.0
2030,sc01,05-10 07:00:00+02:00,118_RTPV_10,1.5823240732726482
2030,sc01,05-10 07:00:00+02:00,102_PV_2,0.0
2030,sc01,05-10 07:00:00+02:00,113_CT_3,0.0
2030,sc01,05-10 07:00:00+02:00,118_RTPV_3,7.4784
2030,sc01,05-10 07:00:00+02:00,102_STEAM_4,0.0
2030,sc01,05-10 07:00:00+02:00,102_CT_1,0.0
2030,sc01,05-10 07:00:00+02:00,113_CT_1,0.0
2030,sc01,05-10 07:00:00+02:00,102_CT_2,0.0
2030,sc01,05-10 07:00:00+02:00,122_HYDRO_5,24.354000000000003
2030,sc01,05-10 07:00:00+02:00,104_PV_1,38.1792
2030,sc01,05-10 07:00:00+02:00,101_PV_2,37.391999999999996
2030,sc01,05-10 07:00:00+02:00,122_HYDRO_4,24.354000000000003
2030,sc01,05-10 07:00:00+02:00,101_STEAM_3,0.0
2030,sc01,05-10 07:00:00+02:00,101_PV_1,37.982400000000005
2030,sc01,05-10 07:00:00+02:00,101_PV_3,36.8016
2030,sc01,05-10 07:00:00+02:00,118_RTPV_5,0.0
2030,sc01,05-10 07:00:00+02:00,103_PV_1,53.332800000000006
2030,sc01,05-10 07:00:00+02:00,118_RTPV_1,8.0688
2030,sc01,05-10 07:00:00+02:00,118_RTPV_6,8.0688
2030,sc01,05-10 07:00:00+02:00,101_PV_4,36.604800000000004
2030,sc01,05-10 07:00:00+02:00,118_RTPV_8,4.1328000000000005
2030,sc01,05-10 07:00:00+02:00,115_STEAM_3,0.0
2030,sc01,05-10 07:00:00+02:00,118_RTPV_7,0.0
2030,sc01,05-10 07:00:00+02:00,115_STEAM_1,0.0
2030,sc01,05-10 07:00:00+02:00,122_HYDRO_3,24.354000000000003
2030,sc01,05-10 07:00:00+02:00,115_STEAM_2,0.0
2030,sc01,05-10 07:00:00+02:00,123_CT_4,0.0
2030,sc01,05-10 07:00:00+02:00,119_PV_1,54.12
2030,sc01,05-10 07:00:00+02:00,107_CC_1,0.0
2030,sc01,05-19 08:00:00+02:00,122_WIND_1,25.611528082908638
2030,sc01,05-19 08:00:00+02:00,102_PV_1,42.257600000000004
2030,sc01,05-19 08:00:00+02:00,118_RTPV_2,11.857999999999999
2030,sc01,05-19 08:00:00+02:00,113_CT_4,0.0
2030,sc01,05-19 08:00:00+02:00,122_HYDRO_2,26.680500000000002
2030,sc01,05-19 08:00:00+02:00,118_CC_1,0.0
2030,sc01,05-19 08:00:00+02:00,122_HYDRO_1,26.680500000000002
2030,sc01,05-19 08:00:00+02:00,102_STEAM_3,0.0
2030,sc01,05-19 08:00:00+02:00,122_HYDRO_6,26.680500000000002
2030,sc01,05-19 08:00:00+02:00,113_PV_1,139.062
2030,sc01,05-19 08:00:00+02:00,121_NUCLEAR_1,0.0
2030,sc01,05-19 08:00:00+02:00,113_CT_2,0.0
2030,sc01,05-19 08:00:00+02:00,118_RTPV_4,12.073599999999999
2030,sc01,05-19 08:00:00+02:00,123_CT_5,0.0
2030,sc01,05-19 08:00:00+02:00,101_STEAM_4,0.0
2030,sc01,05-19 08:00:00+02:00,118_RTPV_9,12.5048
2030,sc01,05-19 08:00:00+02:00,101_CT_1,0.0
2030,sc01,05-19 08:00:00+02:00,123_CT_1,0.0
2030,sc01,05-19 08:00:00+02:00,123_STEAM_3,0.0
2030,sc01,05-19 08:00:00+02:00,101_CT_2,0.0
2030,sc01,05-19 08:00:00+02:00,116_STEAM_1,0.0
2030,sc01,05-19 08:00:00+02:00,123_STEAM_2,0.0
2030,sc01,05-19 08:00:00+02:00,118_RTPV_10,6.0367999999999995
2030,sc01,05-19 08:00:00+02:00,102_PV_2,41.395199999999996
2030,sc01,05-19 08:00:00+02:00,113_CT_3,0.0
2030,sc01,05-19 08:00:00+02:00,118_RTPV_3,12.073599999999999
2030,sc01,05-19 08:00:00+02:00,102_STEAM_4,0.0
2030,sc01,05-19 08:00:00+02:00,102_CT_1,0.0
2030,sc01,05-19 08:00:00+02:00,113_CT_1,0.0
2030,sc01,05-19 08:00:00+02:00,102_CT_2,0.0
2030,sc01,05-19 08:00:00+02:00,122_HYDRO_5,26.680500000000002
2030,sc01,05-19 08:00:00+02:00,104_PV_1,40.964
2030,sc01,05-19 08:00:00+02:00,101_PV_2,40.101600000000005
2030,sc01,05-19 08:00:00+02:00,122_HYDRO_4,26.680500000000002
2030,sc01,05-19 08:00:00+02:00,101_STEAM_3,0.0
2030,sc01,05-19 08:00:00+02:00,101_PV_1,40.748400000000004
2030,sc01,05-19 08:00:00+02:00,101_PV_3,41.8264
2030,sc01,05-19 08:00:00+02:00,118_RTPV_5,11.857999999999999
2030,sc01,05-19 08:00:00+02:00,103_PV_1,78.9096
2030,sc01,05-19 08:00:00+02:00,118_RTPV_1,11.857999999999999
2030,sc01,05-19 08:00:00+02:00,118_RTPV_6,11.857999999999999
2030,sc01,05-19 08:00:00+02:00,101_PV_4,41.610800000000005
2030,sc01,05-19 08:00:00+02:00,118_RTPV_8,14.4452
2030,sc01,05-19 08:00:00+02:00,115_STEAM_3,0.0
2030,sc01,05-19 08:00:00+02:00,118_RTPV_7,13.367200000000002
2030,sc01,05-19 08:00:00+02:00,115_STEAM_1,0.0
2030,sc01,05-19 08:00:00+02:00,122_HYDRO_3,26.680500000000002
2030,sc01,05-19 08:00:00+02:00,115_STEAM_2,0.0
2030,sc01,05-19 08:00:00+02:00,123_CT_4,0.0
2030,sc01,05-19 08:00:00+02:00,119_PV_1,71.7948
2030,sc01,05-19 08:00:00+02:00,107_CC_1,0.0
2030,sc01,06-03 20:00:00+02:00,122_WIND_1,7.98
2030,sc01,06-03 20:00:00+02:00,102_PV_1,0.0
2030,sc01,06-03 20:00:00+02:00,118_RTPV_2,0.0
2030,sc01,06-03 20:00:00+02:00,113_CT_4,0.0
2030,sc01,06-03 20:00:00+02:00,122_HYDRO_2,3.4650000000000003
2030,sc01,06-03 20:00:00+02:00,118_CC_1,15.708671980350648
2030,sc01,06-03 20:00:00+02:00,122_HYDRO_1,3.4650000000000003
2030,sc01,06-03 20:00:00+02:00,102_STEAM_3,0.0
2030,sc01,06-03 20:00:00+02:00,122_HYDRO_6,3.4650000000000003
2030,sc01,06-03 20:00:00+02:00,113_PV_1,0.0
2030,sc01,06-03 20:00:00+02:00,121_NUCLEAR_1,24.640000000000004
2030,sc01,06-03 20:00:00+02:00,113_CT_2,0.0
2030,sc01,06-03 20:00:00+02:00,118_RTPV_4,0.0
2030,sc01,06-03 20:00:00+02:00,123_CT_5,0.0
2030,sc01,06-03 20:00:00+02:00,101_STEAM_4,0.0
2030,sc01,06-03 20:00:00+02:00,118_RTPV_9,0.0
2030,sc01,06-03 20:00:00+02:00,101_CT_1,0.0
2030,sc01,06-03 20:00:00+02:00,123_CT_1,0.0
2030,sc01,06-03 20:00:00+02:00,123_STEAM_3,22.540000000000006
2030,sc01,06-03 20:00:00+02:00,101_CT_2,0.0
2030,sc01,06-03 20:00:00+02:00,116_STEAM_1,0.0
2030,sc01,06-03 20:00:00+02:00,123_STEAM_2,10.416
2030,sc01,06-03 20:00:00+02:00,118_RTPV_10,0.0
2030,sc01,06-03 20:00:00+02:00,102_PV_2,0.0
2030,sc01,06-03 20:00:00+02:00,113_CT_3,0.0
2030,sc01,06-03 20:00:00+02:00,118_RTPV_3,0.0
2030,sc01,06-03 20:00:00+02:00,102_STEAM_4,0.0
2030,sc01,06-03 20:00:00+02:00,102_CT_1,0.0
2030,sc01,06-03 20:00:00+02:00,113_CT_1,0.0
2030,sc01,06-03 20:00:00+02:00,102_CT_2,0.0
2030,sc01,06-03 20:00:00+02:00,122_HYDRO_5,3.4650000000000003
2030,sc01,06-03 20:00:00+02:00,104_PV_1,0.0
2030,sc01,06-03 20:00:00+02:00,101_PV_2,0.0
2030,sc01,06-03 20:00:00+02:00,122_HYDRO_4,3.4650000000000003
2030,sc01,06-03 20:00:00+02:00,101_STEAM_3,0.16544122494795518
2030,sc01,06-03 20:00:00+02:00,101_PV_1,0.0
2030,sc01,06-03 20:00:00+02:00,101_PV_3,0.0
2030,sc01,06-03 20:00:00+02:00,118_RTPV_5,0.0
2030,sc01,06-03 20:00:00+02:00,103_PV_1,0.0
2030,sc01,06-03 20:00:00+02:00,118_RTPV_1,0.0
2030,sc01,06-03 20:00:00+02:00,118_RTPV_6,0.0
2030,sc01,06-03 20:00:00+02:00,101_PV_4,0.0
2030,sc01,06-03 20:00:00+02:00,118_RTPV_8,0.0
2030,sc01,06-03 20:00:00+02:00,115_STEAM_3,0.0
2030,sc01,06-03 20:00:00+02:00,118_RTPV_7,0.0
2030,sc01,06-03 20:00:00+02:00,115_STEAM_1,0.0
2030,sc01,06-03 20:00:00+02:00,122_HYDRO_3,3.4650000000000003
2030,sc01,06-03 20:00:00+02:00,115_STEAM_2,0.0
2030,sc01,06-03 20:00:00+02:00,123_CT_4,0.0
2030,sc01,06-03 20:00:00+02:00,119_PV_1,0.0
2030,sc01,06-03 20:00:00+02:00,107_CC_1,17.501840055000002
2030,sc01,06-28 04:00:00+02:00,122_WIND_1,2.73
2030,sc01,06-28 04:00:00+02:00,102_PV_1,0.20800000000000002
2030,sc01,06-28 04:00:00+02:00,118_RTPV_2,0.0
2030,sc01,06-28 04:00:00+02:00,113_CT_4,0.0
2030,sc01,06-28 04:00:00+02:00,122_HYDRO_2,3.2175000000000002
2030,sc01,06-28 04:00:00+02:00,118_CC_1,22.313525
2030,sc01,06-28 04:00:00+02:00,122_HYDRO_1,3.2175000000000002
2030,sc01,06-28 04:00:00+02:00,102_STEAM_3,0.0
2030,sc01,06-28 04:00:00+02:00,122_HYDRO_6,3.2175000000000002
2030,sc01,06-28 04:00:00+02:00,113_PV_1,0.0
2030,sc01,06-28 04:00:00+02:00,121_NUCLEAR_1,22.880000000000003
2030,sc01,06-28 04:00:00+02:00,113_CT_2,0.0
2030,sc01,06-28 04:00:00+02:00,118_RTPV_4,0.0
2030,sc01,06-28 04:00:00+02:00,123_CT_5,0.0
2030,sc01,06-28 04:00:00+02:00,101_STEAM_4,0.0
2030,sc01,06-28 04:00:00+02:00,118_RTPV_9,0.0
2030,sc01,06-28 04:00:00+02:00,101_CT_1,0.0
2030,sc01,06-28 04:00:00+02:00,123_CT_1,0.0
2030,sc01,06-28 04:00:00+02:00,123_STEAM_3,4.994520545298235
2030,sc01,06-28 04:00:00+02:00,101_CT_2,0.0
2030,sc01,06-28 04:00:00+02:00,116_STEAM_1,3.8688000000000002
2030,sc01,06-28 04:00:00+02:00,123_STEAM_2,0.0
2030,sc01,06-28 04:00:00+02:00,118_RTPV_10,0.0
2030,sc01,06-28 04:00:00+02:00,102_PV_2,0.13
2030,sc01,06-28 04:00:00+02:00,113_CT_3,0.0
2030,sc01,06-28 04:00:00+02:00,118_RTPV_3,0.0
2030,sc01,06-28 04:00:00+02:00,102_STEAM_4,0.0
2030,sc01,06-28 04:00:00+02:00,102_CT_1,0.0
2030,sc01,06-28 04:00:00+02:00,113_CT_1,0.0
2030,sc01,06-28 04:00:00+02:00,102_CT_2,0.0
2030,sc01,06-28 04:00:00+02:00,122_HYDRO_5,3.2175000000000002
2030,sc01,06-28 04:00:00+02:00,104_PV_1,0.10400000000000001
2030,sc01,06-28 04:00:00+02:00,101_PV_2,0.26
2030,sc01,06-28 04:00:00+02:00,122_HYDRO_4,3.2175000000000002
2030,sc01,06-28 04:00:00+02:00,101_STEAM_3,0.0
2030,sc01,06-28 04:00:00+02:00,101_PV_1,0.026000000000000002
2030,sc01,06-28 04:00:00+02:00,101_PV_3,0.234
2030,sc01,06-28 04:00:00+02:00,118_RTPV_5,0.0
2030,sc01,06-28 04:00:00+02:00,103_PV_1,0.0
2030,sc01,06-28 04:00:00+02:00,118_RTPV_1,0.0
2030,sc01,06-28 04:00:00+02:00,118_RTPV_6,0.0
2030,sc01,06-28 04:00:00+02:00,101_PV_4,0.0
2030,sc01,06-28 04:00:00+02:00,118_RTPV_8,0.0
2030,sc01,06-28 04:00:00+02:00,115_STEAM_3,0.0
2030,sc01,06-28 04:00:00+02:00,118_RTPV_7,0.0
2030,sc01,06-28 04:00:00+02:00,115_STEAM_1,0.0
2030,sc01,06-28 04:00:00+02:00,122_HYDRO_3,3.2175000000000002
2030,sc01,06-28 04:00:00+02:00,115_STEAM_2,0.0
2030,sc01,06-28 04:00:00+02:00,123_CT_4,0.0
2030,sc01,06-28 04:00:00+02:00,119_PV_1,0.0
2030,sc01,06-28 04:00:00+02:00,107_CC_1,15.431369061550003
2030,sc01,07-07 06:00:00+02:00,122_WIND_1,4.5424
2030,sc01,07-07 06:00:00+02:00,102_PV_1,9.619200000000001
2030,sc01,07-07 06:00:00+02:00,118_RTPV_2,1.2692
2030,sc01,07-07 06:00:00+02:00,113_CT_4,0.0
2030,sc01,07-07 06:00:00+02:00,122_HYDRO_2,8.2665
2030,sc01,07-07 06:00:00+02:00,118_CC_1,18.445720996379862
2030,sc01,07-07 06:00:00+02:00,122_HYDRO_1,8.2665
2030,sc01,07-07 06:00:00+02:00,102_STEAM_3,0.0
2030,sc01,07-07 06:00:00+02:00,122_HYDRO_6,8.2665
2030,sc01,07-07 06:00:00+02:00,113_PV_1,27.054000000000002
2030,sc01,07-07 06:00:00+02:00,121_NUCLEAR_1,58.784000000000006
2030,sc01,07-07 06:00:00+02:00,113_CT_2,0.0
2030,sc01,07-07 06:00:00+02:00,118_RTPV_4,1.2024000000000001
2030,sc01,07-07 06:00:00+02:00,123_CT_5,0.0
2030,sc01,07-07 06:00:00+02:00,101_STEAM_4,0.0
2030,sc01,07-07 06:00:00+02:00,118_RTPV_9,1.1356
2030,sc01,07-07 06:00:00+02:00,101_CT_1,0.0
2030,sc01,07-07 06:00:00+02:00,123_CT_1,0.0
2030,sc01,07-07 06:00:00+02:00,123_STEAM_3,0.0
2030,sc01,07-07 06:00:00+02:00,101_CT_2,0.0
2030,sc01,07-07 06:00:00+02:00,116_STEAM_1,0.0
2030,sc01,07-07 06:00:00+02:00,123_STEAM_2,0.0
2030,sc01,07-07 06:00:00+02:00,118_RTPV_10,0.6012000000000001
2030,sc01,07-07 06:00:00+02:00,102_PV_2,9.4188
2030,sc01,07-07 06:00:00+02:00,113_CT_3,0.0
2030,sc01,07-07 06:00:00+02:00,118_RTPV_3,1.0688
2030,sc01,07-07 06:00:00+02:00,102_STEAM_4,0.0
2030,sc01,07-07 06:00:00+02:00,102_CT_1,0.0
2030,sc01,07-07 06:00:00+02:00,113_CT_1,0.0
2030,sc01,07-07 06:00:00+02:00,102_CT_2,0.0
2030,sc01,07-07 06:00:00+02:00,122_HYDRO_5,8.2665
2030,sc01,07-07 06:00:00+02:00,104_PV_1,9.8196
2030,sc01,07-07 06:00:00+02:00,101_PV_2,9.7528
2030,sc01,07-07 06:00:00+02:00,122_HYDRO_4,8.2665
2030,sc01,07-07 06:00:00+02:00,101_STEAM_3,0.0
2030,sc01,07-07 06:00:00+02:00,101_PV_1,9.619200000000001
2030,sc01,07-07 06:00:00+02:00,101_PV_3,9.9532
2030,sc01,07-07 06:00:00+02:00,118_RTPV_5,1.2024000000000001
2030,sc01,07-07 06:00:00+02:00,103_PV_1,8.2832
2030,sc01,07-07 06:00:00+02:00,118_RTPV_1,1.2692
2030,sc01,07-07 06:00:00+02:00,118_RTPV_6,1.2692
2030,sc01,07-07 06:00:00+02:00,101_PV_4,9.8864
2030,sc01,07-07 06:00:00+02:00,118_RTPV_8,1.4696
2030,sc01,07-07 06:00:00+02:00,115_STEAM_3,0.0
2030,sc01,07-07 06:00:00+02:00,118_RTPV_7,1.2692
2030,sc01,07-07 06:00:00+02:00,115_STEAM_1,0.0
2030,sc01,07-07 06:00:00+02:00,122_HYDRO_3,8.2665
2030,sc01,07-07 06:00:00+02:00,115_STEAM_2,0.0
2030,sc01,07-07 06:00:00+02:00,123_CT_4,0.0
2030,sc01,07-07 06:00:00+02:00,119_PV_1,5.0768
2030,sc01,07-07 06:00:00+02:00,107_CC_1,27.45313
2030,sc01,07-07 19:00:00+02:00,122_WIND_1,22.596
2030,sc01,07-07 19:00:00+02:00,102_PV_1,0.0
2030,sc01,07-07 19:00:00+02:00,118_RTPV_2,0.0
2030,sc01,07-07 19:00:00+02:00,113_CT_4,0.0
2030,sc01,07-07 19:00:00+02:00,122_HYDRO_2,13.3155
2030,sc01,07-07 19:00:00+02:00,118_CC_1,92.34366499999999
2030,sc01,07-07 19:00:00+02:00,122_HYDRO_1,13.3155
2030,sc01,07-07 19:00:00+02:00,102_STEAM_3,14.756680069827082
2030,sc01,07-07 19:00:00+02:00,122_HYDRO_6,13.3155
2030,sc01,07-07 19:00:00+02:00,113_PV_1,0.0
2030,sc01,07-07 19:00:00+02:00,121_NUCLEAR_1,94.688
2030,sc01,07-07 19:00:00+02:00,113_CT_2,0.0
2030,sc01,07-07 19:00:00+02:00,118_RTPV_4,0.0
2030,sc01,07-07 19:00:00+02:00,123_CT_5,0.0
2030,sc01,07-07 19:00:00+02:00,101_STEAM_4,20.03512
2030,sc01,07-07 19:00:00+02:00,118_RTPV_9,0.0
2030,sc01,07-07 19:00:00+02:00,101_CT_1,0.0
2030,sc01,07-07 19:00:00+02:00,123_CT_1,0.0
2030,sc01,07-07 19:00:00+02:00,123_STEAM_3,86.61800000000002
2030,sc01,07-07 19:00:00+02:00,101_CT_2,0.0
2030,sc01,07-07 19:00:00+02:00,116_STEAM_1,40.02720000000001
2030,sc01,07-07 19:00:00+02:00,123_STEAM_2,40.02720000000001
2030,sc01,07-07 19:00:00+02:00,118_RTPV_10,0.0
2030,sc01,07-07 19:00:00+02:00,102_PV_2,0.0
2030,sc01,07-07 19:00:00+02:00,113_CT_3,0.0
2030,sc01,07-07 19:00:00+02:00,118_RTPV_3,0.0
2030,sc01,07-07 19:00:00+02:00,102_STEAM_4,20.03512
2030,sc01,07-07 19:00:00+02:00,102_CT_1,0.0
2030,sc01,07-07 19:00:00+02:00,113_CT_1,0.0
2030,sc01,07-07 19:00:00+02:00,102_CT_2,0.0
2030,sc01,07-07 19:00:00+02:00,122_HYDRO_5,13.3155
2030,sc01,07-07 19:00:00+02:00,104_PV_1,0.0
2030,sc01,07-07 19:00:00+02:00,101_PV_2,0.0
2030,sc01,07-07 19:00:00+02:00,122_HYDRO_4,13.3155
2030,sc01,07-07 19:00:00+02:00,101_STEAM_3,20.03512
2030,sc01,07-07 19:00:00+02:00,101_PV_1,0.0
2030,sc01,07-07 19:00:00+02:00,101_PV_3,0.0
2030,sc01,07-07 19:00:00+02:00,118_RTPV_5,0.0
2030,sc01,07-07 19:00:00+02:00,103_PV_1,0.0
2030,sc01,07-07 19:00:00+02:00,118_RTPV_1,0.0
2030,sc01,07-07 19:00:00+02:00,118_RTPV_6,0.0
2030,sc01,07-07 19:00:00+02:00,101_PV_4,0.0
2030,sc01,07-07 19:00:00+02:00,118_RTPV_8,0.0
2030,sc01,07-07 19:00:00+02:00,115_STEAM_3,8.861154057892906
2030,sc01,07-07 19:00:00+02:00,118_RTPV_7,0.0
2030,sc01,07-07 19:00:00+02:00,115_STEAM_1,0.0
2030,sc01,07-07 19:00:00+02:00,122_HYDRO_3,13.3155
2030,sc01,07-07 19:00:00+02:00,115_STEAM_2,0.0
2030,sc01,07-07 19:00:00+02:00,123_CT_4,0.0
2030,sc01,07-07 19:00:00+02:00,119_PV_1,0.0
2030,sc01,07-07 19:00:00+02:00,107_CC_1,74.00120455430002
2030,sc01,07-08 13:00:00+02:00,122_WIND_1,137.60000000000002
2030,sc01,07-08 13:00:00+02:00,102_PV_1,57.60000000000001
2030,sc01,07-08 13:00:00+02:00,118_RTPV_2,20.16
2030,sc01,07-08 13:00:00+02:00,113_CT_4,0.0
2030,sc01,07-08 13:00:00+02:00,122_HYDRO_2,39.6
2030,sc01,07-08 13:00:00+02:00,118_CC_1,16.47492294400297
2030,sc01,07-08 13:00:00+02:00,122_HYDRO_1,39.6
2030,sc01,07-08 13:00:00+02:00,102_STEAM_3,0.0
2030,sc01,07-08 13:00:00+02:00,122_HYDRO_6,39.6
2030,sc01,07-08 13:00:00+02:00,113_PV_1,213.11999999999998
2030,sc01,07-08 13:00:00+02:00,121_NUCLEAR_1,281.6
2030,sc01,07-08 13:00:00+02:00,113_CT_2,0.0
2030,sc01,07-08 13:00:00+02:00,118_RTPV_4,18.880000000000003
2030,sc01,07-08 13:00:00+02:00,123_CT_5,0.0
2030,sc01,07-08 13:00:00+02:00,101_STEAM_4,0.0
2030,sc01,07-08 13:00:00+02:00,118_RTPV_9,23.36
2030,sc01,07-08 13:00:00+02:00,101_CT_1,0.0
2030,sc01,07-08 13:00:00+02:00,123_CT_1,0.0
2030,sc01,07-08 13:00:00+02:00,123_STEAM_3,0.0
2030,sc01,07-08 13:00:00+02:00,101_CT_2,0.0
2030,sc01,07-08 13:00:00+02:00,116_STEAM_1,0.0
2030,sc01,07-08 13:00:00+02:00,123_STEAM_2,0.0
2030,sc01,07-08 13:00:00+02:00,118_RTPV_10,10.24
2030,sc01,07-08 13:00:00+02:00,102_PV_2,55.67999999999999
2030,sc01,07-08 13:00:00+02:00,113_CT_3,0.0
2030,sc01,07-08 13:00:00+02:00,118_RTPV_3,1.28
2030,sc01,07-08 13:00:00+02:00,102_STEAM_4,0.0
2030,sc01,07-08 13:00:00+02:00,102_CT_1,0.0
2030,sc01,07-08 13:00:00+02:00,113_CT_1,0.0
2030,sc01,07-08 13:00:00+02:00,102_CT_2,0.0
2030,sc01,07-08 13:00:00+02:00,122_HYDRO_5,39.6
2030,sc01,07-08 13:00:00+02:00,104_PV_1,58.56
2030,sc01,07-08 13:00:00+02:00,101_PV_2,53.12
2030,sc01,07-08 13:00:00+02:00,122_HYDRO_4,39.6
2030,sc01,07-08 13:00:00+02:00,101_STEAM_3,0.0
2030,sc01,07-08 13:00:00+02:00,101_PV_1,57.92
2030,sc01,07-08 13:00:00+02:00,101_PV_3,52.800000000000004
2030,sc01,07-08 13:00:00+02:00,118_RTPV_5,14.719999999999999
2030,sc01,07-08 13:00:00+02:00,103_PV_1,134.08
2030,sc01,07-08 13:00:00+02:00,118_RTPV_1,20.16
2030,sc01,07-08 13:00:00+02:00,118_RTPV_6,19.2
2030,sc01,07-08 13:00:00+02:00,101_PV_4,40.96
2030,sc01,07-08 13:00:00+02:00,118_RTPV_8,25.28
2030,sc01,07-08 13:00:00+02:00,115_STEAM_3,0.0
2030,sc01,07-08 13:00:00+02:00,118_RTPV_7,25.6
2030,sc01,07-08 13:00:00+02:00,115_STEAM_1,0.0
2030,sc01,07-08 13:00:00+02:00,122_HYDRO_3,39.6
2030,sc01,07-08 13:00:00+02:00,115_STEAM_2,0.0
2030,sc01,07-08 13:00:00+02:00,123_CT_4,0.0
2030,sc01,07-08 13:00:00+02:00,119_PV_1,130.55999999999997
2030,sc01,07-08 13:00:00+02:00,107_CC_1,224.70435424000001
2030,sc01,07-09 22:00:00+02:00,122_WIND_1,160.30808594775237
2030,sc01,07-09 22:00:00+02:00,102_PV_1,0.0
2030,sc01,07-09 22:00:00+02:00,118_RTPV_2,0.0
2030,sc01,07-09 22:00:00+02:00,113_CT_4,0.0
2030,sc01,07-09 22:00:00+02:00,122_HYDRO_2,10.098
2030,sc01,07-09 22:00:00+02:00,118_CC_1,0.0
2030,sc01,07-09 22:00:00+02:00,122_HYDRO_1,10.098
2030,sc01,07-09 22:00:00+02:00,102_STEAM_3,0.0
2030,sc01,07-09 22:00:00+02:00,122_HYDRO_6,10.098
2030,sc01,07-09 22:00:00+02:00,113_PV_1,0.0
2030,sc01,07-09 22:00:00+02:00,121_NUCLEAR_1,0.0
2030,sc01,07-09 22:00:00+02:00,113_CT_2,0.0
2030,sc01,07-09 22:00:00+02:00,118_RTPV_4,0.0
2030,sc01,07-09 22:00:00+02:00,123_CT_5,0.0
2030,sc01,07-09 22:00:00+02:00,101_STEAM_4,5.997599999999999
2030,sc01,07-09 22:00:00+02:00,118_RTPV_9,0.0
2030,sc01,07-09 22:00:00+02:00,101_CT_1,0.0
2030,sc01,07-09 22:00:00+02:00,123_CT_1,0.0
2030,sc01,07-09 22:00:00+02:00,123_STEAM_3,42.64758052734272
2030,sc01,07-09 22:00:00+02:00,101_CT_2,0.0
2030,sc01,07-09 22:00:00+02:00,116_STEAM_1,0.0
2030,sc01,07-09 22:00:00+02:00,123_STEAM_2,12.14208
2030,sc01,07-09 22:00:00+02:00,118_RTPV_10,0.0
2030,sc01,07-09 22:00:00+02:00,102_PV_2,0.0
2030,sc01,07-09 22:00:00+02:00,113_CT_3,0.0
2030,sc01,07-09 22:00:00+02:00,118_RTPV_3,0.0
2030,sc01,07-09 22:00:00+02:00,102_STEAM_4,0.0
2030,sc01,07-09 22:00:00+02:00,102_CT_1,0.0
2030,sc01,07-09 22:00:00+02:00,113_CT_1,0.0
2030,sc01,07-09 22:00:00+02:00,102_CT_2,0.0
2030,sc01,07-09 22:00:00+02:00,122_HYDRO_5,10.098
2030,sc01,07-09 22:00:00+02:00,104_PV_1,0.0
2030,sc01,07-09 22:00:00+02:00,101_PV_2,0.0
2030,sc01,07-09 22:00:00+02:00,122_HYDRO_4,10.098
2030,sc01,07-09 22:00:00+02:00,101_STEAM_3,2.9605611944656633
2030,sc01,07-09 22:00:00+02:00,101_PV_1,0.0
2030,sc01,07-09 22:00:00+02:00,101_PV_3,0.0
2030,sc01,07-09 22:00:00+02:00,118_RTPV_5,0.0
2030,sc01,07-09 22:00:00+02:00,103_PV_1,0.0
2030,sc01,07-09 22:00:00+02:00,118_RTPV_1,0.0
2030,sc01,07-09 22:00:00+02:00,118_RTPV_6,0.0
2030,sc01,07-09 22:00:00+02:00,101_PV_4,0.0
2030,sc01,07-09 22:00:00+02:00,118_RTPV_8,0.0
2030,sc01,07-09 22:00:00+02:00,115_STEAM_3,0.0
2030,sc01,07-09 22:00:00+02:00,118_RTPV_7,0.0
2030,sc01,07-09 22:00:00+02:00,115_STEAM_1,0.0
2030,sc01,07-09 22:00:00+02:00,122_HYDRO_3,10.098
2030,sc01,07-09 22:00:00+02:00,115_STEAM_2,0.0
2030,sc01,07-09 22:00:00+02:00,123_CT_4,0.0
2030,sc01,07-09 22:00:00+02:00,119_PV_1,0.0
2030,sc01,07-09 22:00:00+02:00,107_CC_1,50.39467466784
2030,sc01,07-19 02:00:00+02:00,122_WIND_1,207.883856350276
2030,sc01,07-19 02:00:00+02:00,102_PV_1,0.0
2030,sc01,07-19 02:00:00+02:00,118_RTPV_2,0.0
2030,sc01,07-19 02:00:00+02:00,113_CT_4,0.0
2030,sc01,07-19 02:00:00+02:00,122_HYDRO_2,13.068000000000001
2030,sc01,07-19 02:00:00+02:00,118_CC_1,0.0
2030,sc01,07-19 02:00:00+02:00,122_HYDRO_1,13.068000000000001
2030,sc01,07-19 02:00:00+02:00,102_STEAM_3,0.0
2030,sc01,07-19 02:00:00+02:00,122_HYDRO_6,13.068000000000001
2030,sc01,07-19 02:00:00+02:00,113_PV_1,0.0
2030,sc01,07-19 02:00:00+02:00,121_NUCLEAR_1,0.0
2030,sc01,07-19 02:00:00+02:00,113_CT_2,0.0
2030,sc01,07-19 02:00:00+02:00,118_RTPV_4,0.0
2030,sc01,07-19 02:00:00+02:00,123_CT_5,0.0
2030,sc01,07-19 02:00:00+02:00,101_STEAM_4,14.514312096106147
2030,sc01,07-19 02:00:00+02:00,118_RTPV_9,0.0
2030,sc01,07-19 02:00:00+02:00,101_CT_1,0.0
2030,sc01,07-19 02:00:00+02:00,123_CT_1,0.0
2030,sc01,07-19 02:00:00+02:00,123_STEAM_3,80.98605702497683
2030,sc01,07-19 02:00:00+02:00,101_CT_2,0.0
2030,sc01,07-19 02:00:00+02:00,116_STEAM_1,0.0
2030,sc01,07-19 02:00:00+02:00,123_STEAM_2,15.713280000000001
2030,sc01,07-19 02:00:00+02:00,118_RTPV_10,0.0
2030,sc01,07-19 02:00:00+02:00,102_PV_2,0.0
2030,sc01,07-19 02:00:00+02:00,113_CT_3,0.0
2030,sc01,07-19 02:00:00+02:00,118_RTPV_3,0.0
2030,sc01,07-19 02:00:00+02:00,102_STEAM_4,0.0
2030,sc01,07-19 02:00:00+02:00,102_CT_1,0.0
2030,sc01,07-19 02:00:00+02:00,113_CT_1,0.0
2030,sc01,07-19 02:00:00+02:00,102_CT_2,0.0
2030,sc01,07-19 02:00:00+02:00,122_HYDRO_5,13.068000000000001
2030,sc01,07-19 02:00:00+02:00,104_PV_1,0.0
2030,sc01,07-19 02:00:00+02:00,101_PV_2,0.0
2030,sc01,07-19 02:00:00+02:00,122_HYDRO_4,13.068000000000001
2030,sc01,07-19 02:00:00+02:00,101_STEAM_3,7.761599999999999
2030,sc01,07-19 02:00:00+02:00,101_PV_1,0.0
2030,sc01,07-19 02:00:00+02:00,101_PV_3,0.0
2030,sc01,07-19 02:00:00+02:00,118_RTPV_5,0.0
2030,sc01,07-19 02:00:00+02:00,103_PV_1,0.0
2030,sc01,07-19 02:00:00+02:00,118_RTPV_1,0.0
2030,sc01,07-19 02:00:00+02:00,118_RTPV_6,0.0
2030,sc01,07-19 02:00:00+02:00,101_PV_4,0.0
2030,sc01,07-19 02:00:00+02:00,118_RTPV_8,0.0
2030,sc01,07-19 02:00:00+02:00,115_STEAM_3,0.0
2030,sc01,07-19 02:00:00+02:00,118_RTPV_7,0.0
2030,sc01,07-19 02:00:00+02:00,115_STEAM_1,0.0
2030,sc01,07-19 02:00:00+02:00,122_HYDRO_3,13.068000000000001
2030,sc01,07-19 02:00:00+02:00,115_STEAM_2,0.0
2030,sc01,07-19 02:00:00+02:00,123_CT_4,0.0
2030,sc01,07-19 02:00:00+02:00,119_PV_1,0.0
2030,sc01,07-19 02:00:00+02:00,107_CC_1,66.90950025144
2030,sc01,07-25 02:00:00+02:00,122_WIND_1,19.1488
2030,sc01,07-25 02:00:00+02:00,102_PV_1,0.0
2030,sc01,07-25 02:00:00+02:00,118_RTPV_2,0.0
2030,sc01,07-25 02:00:00+02:00,113_CT_4,0.0
2030,sc01,07-25 02:00:00+02:00,122_HYDRO_2,6.336
2030,sc01,07-25 02:00:00+02:00,118_CC_1,28.75373700578971
2030,sc01,07-25 02:00:00+02:00,122_HYDRO_1,6.336
2030,sc01,07-25 02:00:00+02:00,102_STEAM_3,0.0
2030,sc01,07-25 02:00:00+02:00,122_HYDRO_6,6.336
2030,sc01,07-25 02:00:00+02:00,113_PV_1,0.0
2030,sc01,07-25 02:00:00+02:00,121_NUCLEAR_1,45.056000000000004
2030,sc01,07-25 02:00:00+02:00,113_CT_2,0.0
2030,sc01,07-25 02:00:00+02:00,118_RTPV_4,0.0
2030,sc01,07-25 02:00:00+02:00,123_CT_5,0.0
2030,sc01,07-25 02:00:00+02:00,101_STEAM_4,0.0
2030,sc01,07-25 02:00:00+02:00,118_RTPV_9,0.0
2030,sc01,07-25 02:00:00+02:00,101_CT_1,0.0
2030,sc01,07-25 02:00:00+02:00,123_CT_1,0.0
2030,sc01,07-25 02:00:00+02:00,123_STEAM_3,38.96284565276815
2030,sc01,07-25 02:00:00+02:00,101_CT_2,0.0
2030,sc01,07-25 02:00:00+02:00,116_STEAM_1,0.0
2030,sc01,07-25 02:00:00+02:00,123_STEAM_2,7.61856
2030,sc01,07-25 02:00:00+02:00,118_RTPV_10,0.0
2030,sc01,07-25 02:00:00+02:00,102_PV_2,0.0
2030,sc01,07-25 02:00:00+02:00,113_CT_3,0.0
2030,sc01,07-25 02:00:00+02:00,118_RTPV_3,0.0
2030,sc01,07-25 02:00:00+02:00,102_STEAM_4,0.0
2030,sc01,07-25 02:00:00+02:00,102_CT_1,0.0
2030,sc01,07-25 02:00:00+02:00,113_CT_1,0.0
2030,sc01,07-25 02:00:00+02:00,102_CT_2,0.0
2030,sc01,07-25 02:00:00+02:00,122_HYDRO_5,6.336
2030,sc01,07-25 02:00:00+02:00,104_PV_1,0.0
2030,sc01,07-25 02:00:00+02:00,101_PV_2,0.0
2030,sc01,07-25 02:00:00+02:00,122_HYDRO_4,6.336
2030,sc01,07-25 02:00:00+02:00,101_STEAM_3,0.0
2030,sc01,07-25 02:00:00+02:00,101_PV_1,0.0
2030,sc01,07-25 02:00:00+02:00,101_PV_3,0.0
2030,sc01,07-25 02:00:00+02:00,118_RTPV_5,0.0
2030,sc01,07-25 02:00:00+02:00,103_PV_1,0.0
2030,sc01,07-25 02:00:00+02:00,118_RTPV_1,0.0
2030,sc01,07-25 02:00:00+02:00,118_RTPV_6,0.0
2030,sc01,07-25 02:00:00+02:00,101_PV_4,0.0
2030,sc01,07-25 02:00:00+02:00,118_RTPV_8,0.0
2030,sc01,07-25 02:00:00+02:00,115_STEAM_3,0.0
2030,sc01,07-25 02:00:00+02:00,118_RTPV_7,0.0
2030,sc01,07-25 02:00:00+02:00,115_STEAM_1,0.0
2030,sc01,07-25 02:00:00+02:00,122_HYDRO_3,6.336
2030,sc01,07-25 02:00:00+02:00,115_STEAM_2,0.0
2030,sc01,07-25 02:00:00+02:00,123_CT_4,0.0
2030,sc01,07-25 02:00:00+02:00,119_PV_1,0.0
2030,sc01,07-25 02:00:00+02:00,107_CC_1,31.572290946560003
2030,sc01,08-02 19:00:00+02:00,122_WIND_1,51.1836
2030,sc01,08-02 19:00:00+02:00,102_PV_1,0.0
2030,sc01,08-02 19:00:00+02:00,118_RTPV_2,0.0
2030,sc01,08-02 19:00:00+02:00,113_CT_4,0.0
2030,sc01,08-02 19:00:00+02:00,122_HYDRO_2,10.9395
2030,sc01,08-02 19:00:00+02:00,118_CC_1,74.23170370794013
2030,sc01,08-02 19:00:00+02:00,122_HYDRO_1,10.9395
2030,sc01,08-02 19:00:00+02:00,102_STEAM_3,7.8111395028049815
2030,sc01,08-02 19:00:00+02:00,122_HYDRO_6,10.9395
2030,sc01,08-02 19:00:00+02:00,113_PV_1,0.0
2030,sc01,08-02 19:00:00+02:00,121_NUCLEAR_1,77.792
2030,sc01,08-02 19:00:00+02:00,113_CT_2,0.0
2030,sc01,08-02 19:00:00+02:00,118_RTPV_4,0.0
2030,sc01,08-02 19:00:00+02:00,123_CT_5,0.0
2030,sc01,08-02 19:00:00+02:00,101_STEAM_4,16.460079999999998
2030,sc01,08-02 19:00:00+02:00,118_RTPV_9,0.0
2030,sc01,08-02 19:00:00+02:00,101_CT_1,0.0
2030,sc01,08-02 19:00:00+02:00,123_CT_1,0.0
2030,sc01,08-02 19:00:00+02:00,123_STEAM_3,71.16200000000002
2030,sc01,08-02 19:00:00+02:00,101_CT_2,0.0
2030,sc01,08-02 19:00:00+02:00,116_STEAM_1,0.0
2030,sc01,08-02 19:00:00+02:00,123_STEAM_2,32.884800000000006
2030,sc01,08-02 19:00:00+02:00,118_RTPV_10,0.0
2030,sc01,08-02 19:00:00+02:00,102_PV_2,0.0
2030,sc01,08-02 19:00:00+02:00,113_CT_3,0.0
2030,sc01,08-02 19:00:00+02:00,118_RTPV_3,0.0
2030,sc01,08-02 19:00:00+02:00,102_STEAM_4,16.460079999999998
2030,sc01,08-02 19:00:00+02:00,102_CT_1,0.0
2030,sc01,08-02 19:00:00+02:00,113_CT_1,0.0
2030,sc01,08-02 19:00:00+02:00,102_CT_2,0.0
2030,sc01,08-02 19:00:00+02:00,122_HYDRO_5,10.9395
2030,sc01,08-02 19:00:00+02:00,104_PV_1,0.0
2030,sc01,08-02 19:00:00+02:00,101_PV_2,0.0
2030,sc01,08-02 19:00:00+02:00,122_HYDRO_4,10.9395
2030,sc01,08-02 19:00:00+02:00,101_STEAM_3,16.460079999999998
2030,sc01,08-02 19:00:00+02:00,101_PV_1,0.0
2030,sc01,08-02 19:00:00+02:00,101_PV_3,0.0
2030,sc01,08-02 19:00:00+02:00,118_RTPV_5,0.0
2030,sc01,08-02 19:00:00+02:00,103_PV_1,0.0
2030,sc01,08-02 19:00:00+02:00,118_RTPV_1,0.0
2030,sc01,08-02 19:00:00+02:00,118_RTPV_6,0.0
2030,sc01,08-02 19:00:00+02:00,101_PV_4,0.0
2030,sc01,08-02 19:00:00+02:00,118_RTPV_8,0.0
2030,sc01,08-02 19:00:00+02:00,115_STEAM_3,0.6263959569649806
2030,sc01,08-02 19:00:00+02:00,118_RTPV_7,0.0
2030,sc01,08-02 19:00:00+02:00,115_STEAM_1,0.0
2030,sc01,08-02 19:00:00+02:00,122_HYDRO_3,10.9395
2030,sc01,08-02 19:00:00+02:00,115_STEAM_2,0.0
2030,sc01,08-02 19:00:00+02:00,123_CT_4,0.0
2030,sc01,08-02 19:00:00+02:00,119_PV_1,0.0
2030,sc01,08-02 19:00:00+02:00,107_CC_1,60.2063706023
2030,sc01,09-07 16:00:00+02:00,122_WIND_1,18.262800000000002
2030,sc01,09-07 16:00:00+02:00,102_PV_1,6.498
2030,sc01,09-07 16:00:00+02:00,118_RTPV_2,0.8892000000000001
2030,sc01,09-07 16:00:00+02:00,113_CT_4,0.0
2030,sc01,09-07 16:00:00+02:00,122_HYDRO_2,8.464500000000001
2030,sc01,09-07 16:00:00+02:00,118_CC_1,58.70173499999999
2030,sc01,09-07 16:00:00+02:00,122_HYDRO_1,8.464500000000001
2030,sc01,09-07 16:00:00+02:00,102_STEAM_3,0.0
2030,sc01,09-07 16:00:00+02:00,122_HYDRO_6,8.464500000000001
2030,sc01,09-07 16:00:00+02:00,113_PV_1,20.7936
2030,sc01,09-07 16:00:00+02:00,121_NUCLEAR_1,60.19200000000001
2030,sc01,09-07 16:00:00+02:00,113_CT_2,0.0
2030,sc01,09-07 16:00:00+02:00,118_RTPV_4,0.9576
2030,sc01,09-07 16:00:00+02:00,123_CT_5,0.0
2030,sc01,09-07 16:00:00+02:00,101_STEAM_4,0.0
2030,sc01,09-07 16:00:00+02:00,118_RTPV_9,1.1627999999999998
2030,sc01,09-07 16:00:00+02:00,101_CT_1,0.0
2030,sc01,09-07 16:00:00+02:00,123_CT_1,0.0
2030,sc01,09-07 16:00:00+02:00,123_STEAM_3,20.703355326270366
2030,sc01,09-07 16:00:00+02:00,101_CT_2,0.0
2030,sc01,09-07 16:00:00+02:00,116_STEAM_1,25.444800000000004
2030,sc01,09-07 16:00:00+02:00,123_STEAM_2,10.17792
2030,sc01,09-07 16:00:00+02:00,118_RTPV_10,0.5472
2030,sc01,09-07 16:00:00+02:00,102_PV_2,6.703200000000001
2030,sc01,09-07 16:00:00+02:00,113_CT_3,0.0
2030,sc01,09-07 16:00:00+02:00,118_RTPV_3,1.1627999999999998
2030,sc01,09-07 16:00:00+02:00,102_STEAM_4,0.0
2030,sc01,09-07 16:00:00+02:00,102_CT_1,0.0
2030,sc01,09-07 16:00:00+02:00,113_CT_1,0.0
2030,sc01,09-07 16:00:00+02:00,102_CT_2,0.0
2030,sc01,09-07 16:00:00+02:00,122_HYDRO_5,8.464500000000001
2030,sc01,09-07 16:00:00+02:00,104_PV_1,5.8824
2030,sc01,09-07 16:00:00+02:00,101_PV_2,6.429600000000001
2030,sc01,09-07 16:00:00+02:00,122_HYDRO_4,8.464500000000001
2030,sc01,09-07 16:00:00+02:00,101_STEAM_3,0.0
2030,sc01,09-07 16:00:00+02:00,101_PV_1,5.6772
2030,sc01,09-07 16:00:00+02:00,101_PV_3,5.472
2030,sc01,09-07 16:00:00+02:00,118_RTPV_5,1.026
2030,sc01,09-07 16:00:00+02:00,103_PV_1,5.0616
2030,sc01,09-07 16:00:00+02:00,118_RTPV_1,0.8892000000000001
2030,sc01,09-07 16:00:00+02:00,118_RTPV_6,0.8892000000000001
2030,sc01,09-07 16:00:00+02:00,101_PV_4,5.5404
2030,sc01,09-07 16:00:00+02:00,118_RTPV_8,1.2996
2030,sc01,09-07 16:00:00+02:00,115_STEAM_3,10.17792
2030,sc01,09-07 16:00:00+02:00,118_RTPV_7,1.2996
2030,sc01,09-07 16:00:00+02:00,115_STEAM_1,0.0
2030,sc01,09-07 16:00:00+02:00,122_HYDRO_3,8.464500000000001
2030,sc01,09-07 16:00:00+02:00,115_STEAM_2,0.0
2030,sc01,09-07 16:00:00+02:00,123_CT_4,0.0
2030,sc01,09-07 16:00:00+02:00,119_PV_1,6.0876
2030,sc01,09-07 16:00:00+02:00,107_CC_1,46.835152768170005
2030,sc01,09-14 23:00:00+02:00,122_WIND_1,106.86200000000001
2030,sc01,09-14 23:00:00+02:00,102_PV_1,0.0
2030,sc01,09-14 23:00:00+02:00,118_RTPV_2,0.0
2030,sc01,09-14 23:00:00+02:00,113_CT_4,0.0
2030,sc01,09-14 23:00:00+02:00,122_HYDRO_2,29.4525
2030,sc01,09-14 23:00:00+02:00,118_CC_1,185.24147135039868
2030,sc01,09-14 23:00:00+02:00,122_HYDRO_1,29.4525
2030,sc01,09-14 23:00:00+02:00,102_STEAM_3,0.0
2030,sc01,09-14 23:00:00+02:00,122_HYDRO_6,29.4525
2030,sc01,09-14 23:00:00+02:00,113_PV_1,0.0
2030,sc01,09-14 23:00:00+02:00,121_NUCLEAR_1,209.44000000000003
2030,sc01,09-14 23:00:00+02:00,113_CT_2,0.0
2030,sc01,09-14 23:00:00+02:00,118_RTPV_4,0.0
2030,sc01,09-14 23:00:00+02:00,123_CT_5,0.0
2030,sc01,09-14 23:00:00+02:00,101_STEAM_4,0.0
2030,sc01,09-14 23:00:00+02:00,118_RTPV_9,0.0
2030,sc01,09-14 23:00:00+02:00,101_CT_1,0.0
2030,sc01,09-14 23:00:00+02:00,123_CT_1,0.0
2030,sc01,09-14 23:00:00+02:00,123_STEAM_3,29.72804674894485
2030,sc01,09-14 23:00:00+02:00,101_CT_2,0.0
2030,sc01,09-14 23:00:00+02:00,116_STEAM_1,0.0
2030,sc01,09-14 23:00:00+02:00,123_STEAM_2,0.0
2030,sc01,09-14 23:00:00+02:00,118_RTPV_10,0.0
2030,sc01,09-14 23:00:00+02:00,102_PV_2,0.0
2030,sc01,09-14 23:00:00+02:00,113_CT_3,0.0
2030,sc01,09-14 23:00:00+02:00,118_RTPV_3,0.0
2030,sc01,09-14 23:00:00+02:00,102_STEAM_4,0.0
2030,sc01,09-14 23:00:00+02:00,102_CT_1,0.0
2030,sc01,09-14 23:00:00+02:00,113_CT_1,0.0
2030,sc01,09-14 23:00:00+02:00,102_CT_2,0.0
2030,sc01,09-14 23:00:00+02:00,122_HYDRO_5,29.4525
2030,sc01,09-14 23:00:00+02:00,104_PV_1,0.0
2030,sc01,09-14 23:00:00+02:00,101_PV_2,0.0
2030,sc01,09-14 23:00:00+02:00,122_HYDRO_4,29.4525
2030,sc01,09-14 23:00:00+02:00,101_STEAM_3,0.0
2030,sc01,09-14 23:00:00+02:00,101_PV_1,0.0
2030,sc01,09-14 23:00:00+02:00,101_PV_3,0.0
2030,sc01,09-14 23:00:00+02:00,118_RTPV_5,0.0
2030,sc01,09-14 23:00:00+02:00,103_PV_1,0.0
2030,sc01,09-14 23:00:00+02:00,118_RTPV_1,0.0
2030,sc01,09-14 23:00:00+02:00,118_RTPV_6,0.0
2030,sc01,09-14 23:00:00+02:00,101_PV_4,0.0
2030,sc01,09-14 23:00:00+02:00,118_RTPV_8,0.0
2030,sc01,09-14 23:00:00+02:00,115_STEAM_3,0.0
2030,sc01,09-14 23:00:00+02:00,118_RTPV_7,0.0
2030,sc01,09-14 23:00:00+02:00,115_STEAM_1,0.0
2030,sc01,09-14 23:00:00+02:00,122_HYDRO_3,29.4525
2030,sc01,09-14 23:00:00+02:00,115_STEAM_2,0.0
2030,sc01,09-14 23:00:00+02:00,123_CT_4,0.0
2030,sc01,09-14 23:00:00+02:00,119_PV_1,0.0
2030,sc01,09-14 23:00:00+02:00,107_CC_1,141.37782192625002
2030,sc01,10-22 14:00:00+02:00,122_WIND_1,0.0
2030,sc01,10-22 14:00:00+02:00,102_PV_1,33.60669950463365
2030,sc01,10-22 14:00:00+02:00,118_RTPV_2,10.224000000000002
2030,sc01,10-22 14:00:00+02:00,113_CT_4,0.0
2030,sc01,10-22 14:00:00+02:00,122_HYDRO_2,28.116
2030,sc01,10-22 14:00:00+02:00,118_CC_1,0.0
2030,sc01,10-22 14:00:00+02:00,122_HYDRO_1,28.116
2030,sc01,10-22 14:00:00+02:00,102_STEAM_3,0.0
2030,sc01,10-22 14:00:00+02:00,122_HYDRO_6,28.116
2030,sc01,10-22 14:00:00+02:00,113_PV_1,137.456
2030,sc01,10-22 14:00:00+02:00,121_NUCLEAR_1,0.0
2030,sc01,10-22 14:00:00+02:00,113_CT_2,0.0
2030,sc01,10-22 14:00:00+02:00,118_RTPV_4,9.7696
2030,sc01,10-22 14:00:00+02:00,123_CT_5,0.0
2030,sc01,10-22 14:00:00+02:00,101_STEAM_4,0.0
2030,sc01,10-22 14:00:00+02:00,118_RTPV_9,11.5872
2030,sc01,10-22 14:00:00+02:00,101_CT_1,0.0
2030,sc01,10-22 14:00:00+02:00,123_CT_1,0.0
2030,sc01,10-22 14:00:00+02:00,123_STEAM_3,0.0
2030,sc01,10-22 14:00:00+02:00,101_CT_2,0.0
2030,sc01,10-22 14:00:00+02:00,116_STEAM_1,0.0
2030,sc01,10-22 14:00:00+02:00,123_STEAM_2,0.0
2030,sc01,10-22 14:00:00+02:00,118_RTPV_10,5.2256
2030,sc01,10-22 14:00:00+02:00,102_PV_2,0.0
2030,sc01,10-22 14:00:00+02:00,113_CT_3,0.0
2030,sc01,10-22 14:00:00+02:00,118_RTPV_3,11.132800000000001
2030,sc01,10-22 14:00:00+02:00,102_STEAM_4,0.0
2030,sc01,10-22 14:00:00+02:00,102_CT_1,0.0
2030,sc01,10-22 14:00:00+02:00,113_CT_1,0.0
2030,sc01,10-22 14:00:00+02:00,102_CT_2,0.0
2030,sc01,10-22 14:00:00+02:00,122_HYDRO_5,28.116
2030,sc01,10-22 14:00:00+02:00,104_PV_1,39.760000000000005
2030,sc01,10-22 14:00:00+02:00,101_PV_2,39.760000000000005
2030,sc01,10-22 14:00:00+02:00,122_HYDRO_4,28.116
2030,sc01,10-22 14:00:00+02:00,101_STEAM_3,0.0
2030,sc01,10-22 14:00:00+02:00,101_PV_1,40.2144
2030,sc01,10-22 14:00:00+02:00,101_PV_3,40.2144
2030,sc01,10-22 14:00:00+02:00,118_RTPV_5,10.6784
2030,sc01,10-22 14:00:00+02:00,103_PV_1,70.432
2030,sc01,10-22 14:00:00+02:00,118_RTPV_1,10.224000000000002
2030,sc01,10-22 14:00:00+02:00,118_RTPV_6,9.315199999999999
2030,sc01,10-22 14:00:00+02:00,101_PV_4,40.2144
2030,sc01,10-22 14:00:00+02:00,118_RTPV_8,12.9504
2030,sc01,10-22 14:00:00+02:00,115_STEAM_3,0.0
2030,sc01,10-22 14:00:00+02:00,118_RTPV_7,12.9504
2030,sc01,10-22 14:00:00+02:00,115_STEAM_1,0.0
2030,sc01,10-22 14:00:00+02:00,122_HYDRO_3,28.116
2030,sc01,10-22 14:00:00+02:00,115_STEAM_2,0.0
2030,sc01,10-22 14:00:00+02:00,123_CT_4,0.0
2030,sc01,10-22 14:00:00+02:00,119_PV_1,69.9776
2030,sc01,10-22 14:00:00+02:00,107_CC_1,0.0
2030,sc01,11-03 18:00:00+01:00,122_WIND_1,12.441600000000001
2030,sc01,11-03 18:00:00+01:00,102_PV_1,0.0
2030,sc01,11-03 18:00:00+01:00,118_RTPV_2,0.0
2030,sc01,11-03 18:00:00+01:00,113_CT_4,0.0
2030,sc01,11-03 18:00:00+01:00,122_HYDRO_2,7.128
2030,sc01,11-03 18:00:00+01:00,118_CC_1,49.43303999999999
2030,sc01,11-03 18:00:00+01:00,122_HYDRO_1,7.128
2030,sc01,11-03 18:00:00+01:00,102_STEAM_3,0.0
2030,sc01,11-03 18:00:00+01:00,122_HYDRO_6,7.128
2030,sc01,11-03 18:00:00+01:00,113_PV_1,0.0
2030,sc01,11-03 18:00:00+01:00,121_NUCLEAR_1,50.688
2030,sc01,11-03 18:00:00+01:00,113_CT_2,0.0
2030,sc01,11-03 18:00:00+01:00,118_RTPV_4,0.0
2030,sc01,11-03 18:00:00+01:00,123_CT_5,0.0
2030,sc01,11-03 18:00:00+01:00,101_STEAM_4,0.0
2030,sc01,11-03 18:00:00+01:00,118_RTPV_9,0.0
2030,sc01,11-03 18:00:00+01:00,101_CT_1,0.0
2030,sc01,11-03 18:00:00+01:00,123_CT_1,0.0
2030,sc01,11-03 18:00:00+01:00,123_STEAM_3,18.547200000000004
2030,sc01,11-03 18:00:00+01:00,101_CT_2,0.0
2030,sc01,11-03 18:00:00+01:00,116_STEAM_1,0.0
2030,sc01,11-03 18:00:00+01:00,123_STEAM_2,0.0
2030,sc01,11-03 18:00:00+01:00,118_RTPV_10,0.0
2030,sc01,11-03 18:00:00+01:00,102_PV_2,0.0
2030,sc01,11-03 18:00:00+01:00,113_CT_3,0.0
2030,sc01,11-03 18:00:00+01:00,118_RTPV_3,0.0
2030,sc01,11-03 18:00:00+01:00,102_STEAM_4,0.0
2030,sc01,11-03 18:00:00+01:00,102_CT_1,0.0
2030,sc01,11-03 18:00:00+01:00,113_CT_1,0.0
2030,sc01,11-03 18:00:00+01:00,102_CT_2,0.0
2030,sc01,11-03 18:00:00+01:00,122_HYDRO_5,7.128
2030,sc01,11-03 18:00:00+01:00,104_PV_1,0.0
2030,sc01,11-03 18:00:00+01:00,101_PV_2,0.0
2030,sc01,11-03 18:00:00+01:00,122_HYDRO_4,7.128
2030,sc01,11-03 18:00:00+01:00,101_STEAM_3,0.0
2030,sc01,11-03 18:00:00+01:00,101_PV_1,0.0
2030,sc01,11-03 18:00:00+01:00,101_PV_3,0.0
2030,sc01,11-03 18:00:00+01:00,118_RTPV_5,0.0
2030,sc01,11-03 18:00:00+01:00,103_PV_1,0.0
2030,sc01,11-03 18:00:00+01:00,118_RTPV_1,0.0
2030,sc01,11-03 18:00:00+01:00,118_RTPV_6,0.0
2030,sc01,11-03 18:00:00+01:00,101_PV_4,0.0
2030,sc01,11-03 18:00:00+01:00,118_RTPV_8,0.0
2030,sc01,11-03 18:00:00+01:00,115_STEAM_3,4.4080630617596395
2030,sc01,11-03 18:00:00+01:00,118_RTPV_7,0.0
2030,sc01,11-03 18:00:00+01:00,115_STEAM_1,0.0
2030,sc01,11-03 18:00:00+01:00,122_HYDRO_3,7.128
2030,sc01,11-03 18:00:00+01:00,115_STEAM_2,0.0
2030,sc01,11-03 18:00:00+01:00,123_CT_4,0.0
2030,sc01,11-03 18:00:00+01:00,119_PV_1,0.0
2030,sc01,11-03 18:00:00+01:00,107_CC_1,34.53421573728001
2030,sc01,11-07 05:00:00+01:00,122_WIND_1,537.2785188702035
2030,sc01,11-07 05:00:00+01:00,102_PV_1,0.0
2030,sc01,11-07 05:00:00+01:00,118_RTPV_2,0.0
2030,sc01,11-07 05:00:00+01:00,113_CT_4,0.0
2030,sc01,11-07 05:00:00+01:00,122_HYDRO_2,33.9075
2030,sc01,11-07 05:00:00+01:00,118_CC_1,0.0
2030,sc01,11-07 05:00:00+01:00,122_HYDRO_1,33.9075
2030,sc01,11-07 05:00:00+01:00,102_STEAM_3,0.0
2030,sc01,11-07 05:00:00+01:00,122_HYDRO_6,33.9075
2030,sc01,11-07 05:00:00+01:00,113_PV_1,0.0
2030,sc01,11-07 05:00:00+01:00,121_NUCLEAR_1,0.0
2030,sc01,11-07 05:00:00+01:00,113_CT_2,0.0
2030,sc01,11-07 05:00:00+01:00,118_RTPV_4,0.0
2030,sc01,11-07 05:00:00+01:00,123_CT_5,0.0
2030,sc01,11-07 05:00:00+01:00,101_STEAM_4,0.0
2030,sc01,11-07 05:00:00+01:00,118_RTPV_9,0.0
2030,sc01,11-07 05:00:00+01:00,101_CT_1,0.0
2030,sc01,11-07 05:00:00+01:00,123_CT_1,0.0
2030,sc01,11-07 05:00:00+01:00,123_STEAM_3,0.0
2030,sc01,11-07 05:00:00+01:00,101_CT_2,0.0
2030,sc01,11-07 05:00:00+01:00,116_STEAM_1,0.0
2030,sc01,11-07 05:00:00+01:00,123_STEAM_2,0.0
2030,sc01,11-07 05:00:00+01:00,118_RTPV_10,0.0
2030,sc01,11-07 05:00:00+01:00,102_PV_2,0.0
2030,sc01,11-07 05:00:00+01:00,113_CT_3,0.0
2030,sc01,11-07 05:00:00+01:00,118_RTPV_3,0.0
2030,sc01,11-07 05:00:00+01:00,102_STEAM_4,0.0
2030,sc01,11-07 05:00:00+01:00,102_CT_1,0.0
2030,sc01,11-07 05:00:00+01:00,113_CT_1,0.0
2030,sc01,11-07 05:00:00+01:00,102_CT_2,0.0
2030,sc01,11-07 05:00:00+01:00,122_HYDRO_5,33.9075
2030,sc01,11-07 05:00:00+01:00,104_PV_1,0.0
2030,sc01,11-07 05:00:00+01:00,101_PV_2,0.0
2030,sc01,11-07 05:00:00+01:00,122_HYDRO_4,33.9075
2030,sc01,11-07 05:00:00+01:00,101_STEAM_3,0.0
2030,sc01,11-07 05:00:00+01:00,101_PV_1,0.0
2030,sc01,11-07 05:00:00+01:00,101_PV_3,0.0
2030,sc01,11-07 05:00:00+01:00,118_RTPV_5,0.0
2030,sc01,11-07 05:00:00+01:00,103_PV_1,0.0
2030,sc01,11-07 05:00:00+01:00,118_RTPV_1,0.0
2030,sc01,11-07 05:00:00+01:00,118_RTPV_6,0.0
2030,sc01,11-07 05:00:00+01:00,101_PV_4,0.0
2030,sc01,11-07 05:00:00+01:00,118_RTPV_8,0.0
2030,sc01,11-07 05:00:00+01:00,115_STEAM_3,4.045722089722847
2030,sc01,11-07 05:00:00+01:00,118_RTPV_7,0.0
2030,sc01,11-07 05:00:00+01:00,115_STEAM_1,0.0
2030,sc01,11-07 05:00:00+01:00,122_HYDRO_3,33.9075
2030,sc01,11-07 05:00:00+01:00,115_STEAM_2,0.0
2030,sc01,11-07 05:00:00+01:00,123_CT_4,0.0
2030,sc01,11-07 05:00:00+01:00,119_PV_1,0.0
2030,sc01,11-07 05:00:00+01:00,107_CC_1,84.30912088082593
2030,sc01,11-19 21:00:00+01:00,122_WIND_1,234.58603076200185
2030,sc01,11-19 21:00:00+01:00,102_PV_1,0.0
2030,sc01,11-19 21:00:00+01:00,118_RTPV_2,0.0
2030,sc01,11-19 21:00:00+01:00,113_CT_4,0.0
2030,sc01,11-19 21:00:00+01:00,122_HYDRO_2,14.949
2030,sc01,11-19 21:00:00+01:00,118_CC_1,0.0
2030,sc01,11-19 21:00:00+01:00,122_HYDRO_1,14.949
2030,sc01,11-19 21:00:00+01:00,102_STEAM_3,0.0
2030,sc01,11-19 21:00:00+01:00,122_HYDRO_6,14.949
2030,sc01,11-19 21:00:00+01:00,113_PV_1,0.0
2030,sc01,11-19 21:00:00+01:00,121_NUCLEAR_1,0.0
2030,sc01,11-19 21:00:00+01:00,113_CT_2,0.0
2030,sc01,11-19 21:00:00+01:00,118_RTPV_4,0.0
2030,sc01,11-19 21:00:00+01:00,123_CT_5,0.0
2030,sc01,11-19 21:00:00+01:00,101_STEAM_4,0.0
2030,sc01,11-19 21:00:00+01:00,118_RTPV_9,0.0
2030,sc01,11-19 21:00:00+01:00,101_CT_1,0.0
2030,sc01,11-19 21:00:00+01:00,123_CT_1,0.0
2030,sc01,11-19 21:00:00+01:00,123_STEAM_3,0.0
2030,sc01,11-19 21:00:00+01:00,101_CT_2,0.0
2030,sc01,11-19 21:00:00+01:00,116_STEAM_1,0.0
2030,sc01,11-19 21:00:00+01:00,123_STEAM_2,0.0
2030,sc01,11-19 21:00:00+01:00,118_RTPV_10,0.0
2030,sc01,11-19 21:00:00+01:00,102_PV_2,0.0
2030,sc01,11-19 21:00:00+01:00,113_CT_3,0.0
2030,sc01,11-19 21:00:00+01:00,118_RTPV_3,0.0
2030,sc01,11-19 21:00:00+01:00,102_STEAM_4,0.0
2030,sc01,11-19 21:00:00+01:00,102_CT_1,0.0
2030,sc01,11-19 21:00:00+01:00,113_CT_1,0.0
2030,sc01,11-19 21:00:00+01:00,102_CT_2,0.0
2030,sc01,11-19 21:00:00+01:00,122_HYDRO_5,14.949
2030,sc01,11-19 21:00:00+01:00,104_PV_1,0.0
2030,sc01,11-19 21:00:00+01:00,101_PV_2,0.0
2030,sc01,11-19 21:00:00+01:00,122_HYDRO_4,14.949
2030,sc01,11-19 21:00:00+01:00,101_STEAM_3,0.0
2030,sc01,11-19 21:00:00+01:00,101_PV_1,0.0
2030,sc01,11-19 21:00:00+01:00,101_PV_3,0.0
2030,sc01,11-19 21:00:00+01:00,118_RTPV_5,0.0
2030,sc01,11-19 21:00:00+01:00,103_PV_1,0.0
2030,sc01,11-19 21:00:00+01:00,118_RTPV_1,0.0
2030,sc01,11-19 21:00:00+01:00,118_RTPV_6,0.0
2030,sc01,11-19 21:00:00+01:00,101_PV_4,0.0
2030,sc01,11-19 21:00:00+01:00,118_RTPV_8,0.0
2030,sc01,11-19 21:00:00+01:00,115_STEAM_3,0.0
2030,sc01,11-19 21:00:00+01:00,118_RTPV_7,0.0
2030,sc01,11-19 21:00:00+01:00,115_STEAM_1,0.0
2030,sc01,11-19 21:00:00+01:00,122_HYDRO_3,14.949
2030,sc01,11-19 21:00:00+01:00,115_STEAM_2,0.0
2030,sc01,11-19 21:00:00+01:00,123_CT_4,0.0
2030,sc01,11-19 21:00:00+01:00,119_PV_1,0.0
2030,sc01,11-19 21:00:00+01:00,107_CC_1,27.88936433061774
2030,sc01,11-21 21:00:00+01:00,122_WIND_1,8.584
2030,sc01,11-21 21:00:00+01:00,102_PV_1,0.0
2030,sc01,11-21 21:00:00+01:00,118_RTPV_2,0.0
2030,sc01,11-21 21:00:00+01:00,113_CT_4,0.0
2030,sc01,11-21 21:00:00+01:00,122_HYDRO_2,2.871
2030,sc01,11-21 21:00:00+01:00,118_CC_1,9.53462
2030,sc01,11-21 21:00:00+01:00,122_HYDRO_1,2.871
2030,sc01,11-21 21:00:00+01:00,102_STEAM_3,0.0
2030,sc01,11-21 21:00:00+01:00,122_HYDRO_6,2.871
2030,sc01,11-21 21:00:00+01:00,113_PV_1,0.0
2030,sc01,11-21 21:00:00+01:00,121_NUCLEAR_1,20.416
2030,sc01,11-21 21:00:00+01:00,113_CT_2,0.0
2030,sc01,11-21 21:00:00+01:00,118_RTPV_4,0.0
2030,sc01,11-21 21:00:00+01:00,123_CT_5,0.0
2030,sc01,11-21 21:00:00+01:00,101_STEAM_4,0.0
2030,sc01,11-21 21:00:00+01:00,118_RTPV_9,0.0
2030,sc01,11-21 21:00:00+01:00,101_CT_1,0.0
2030,sc01,11-21 21:00:00+01:00,123_CT_1,0.0
2030,sc01,11-21 21:00:00+01:00,123_STEAM_3,0.0
2030,sc01,11-21 21:00:00+01:00,101_CT_2,0.0
2030,sc01,11-21 21:00:00+01:00,116_STEAM_1,0.0
2030,sc01,11-21 21:00:00+01:00,123_STEAM_2,0.0
2030,sc01,11-21 21:00:00+01:00,118_RTPV_10,0.0
2030,sc01,11-21 21:00:00+01:00,102_PV_2,0.0
2030,sc01,11-21 21:00:00+01:00,113_CT_3,0.0
2030,sc01,11-21 21:00:00+01:00,118_RTPV_3,0.0
2030,sc01,11-21 21:00:00+01:00,102_STEAM_4,0.0
2030,sc01,11-21 21:00:00+01:00,102_CT_1,0.0
2030,sc01,11-21 21:00:00+01:00,113_CT_1,0.0
2030,sc01,11-21 21:00:00+01:00,102_CT_2,0.0
2030,sc01,11-21 21:00:00+01:00,122_HYDRO_5,2.871
2030,sc01,11-21 21:00:00+01:00,104_PV_1,0.0
2030,sc01,11-21 21:00:00+01:00,101_PV_2,0.0
2030,sc01,11-21 21:00:00+01:00,122_HYDRO_4,2.871
2030,sc01,11-21 21:00:00+01:00,101_STEAM_3,0.0
2030,sc01,11-21 21:00:00+01:00,101_PV_1,0.0
2030,sc01,11-21 21:00:00+01:00,101_PV_3,0.0
2030,sc01,11-21 21:00:00+01:00,118_RTPV_5,0.0
2030,sc01,11-21 21:00:00+01:00,103_PV_1,0.0
2030,sc01,11-21 21:00:00+01:00,118_RTPV_1,0.0
2030,sc01,11-21 21:00:00+01:00,118_RTPV_6,0.0
2030,sc01,11-21 21:00:00+01:00,101_PV_4,0.0
2030,sc01,11-21 21:00:00+01:00,118_RTPV_8,0.0
2030,sc01,11-21 21:00:00+01:00,115_STEAM_3,0.0
2030,sc01,11-21 21:00:00+01:00,118_RTPV_7,0.0
2030,sc01,11-21 21:00:00+01:00,115_STEAM_1,0.0
2030,sc01,11-21 21:00:00+01:00,122_HYDRO_3,2.871
2030,sc01,11-21 21:00:00+01:00,115_STEAM_2,0.0
2030,sc01,11-21 21:00:00+01:00,123_CT_4,0.0
2030,sc01,11-21 21:00:00+01:00,119_PV_1,0.0
2030,sc01,11-21 21:00:00+01:00,107_CC_1,11.469695469860602
2030,sc01,11-28 18:00:00+01:00,122_WIND_1,154.5334997662154
2030,sc01,11-28 18:00:00+01:00,102_PV_1,0.0
2030,sc01,11-28 18:00:00+01:00,118_RTPV_2,0.0
2030,sc01,11-28 18:00:00+01:00,113_CT_4,0.0
2030,sc01,11-28 18:00:00+01:00,122_HYDRO_2,9.6525
2030,sc01,11-28 18:00:00+01:00,118_CC_1,0.0
2030,sc01,11-28 18:00:00+01:00,122_HYDRO_1,9.6525
2030,sc01,11-28 18:00:00+01:00,102_STEAM_3,0.0
2030,sc01,11-28 18:00:00+01:00,122_HYDRO_6,9.6525
2030,sc01,11-28 18:00:00+01:00,113_PV_1,0.0
2030,sc01,11-28 18:00:00+01:00,121_NUCLEAR_1,0.0
2030,sc01,11-28 18:00:00+01:00,113_CT_2,0.0
2030,sc01,11-28 18:00:00+01:00,118_RTPV_4,0.0
2030,sc01,11-28 18:00:00+01:00,123_CT_5,0.0
2030,sc01,11-28 18:00:00+01:00,101_STEAM_4,0.0
2030,sc01,11-28 18:00:00+01:00,118_RTPV_9,0.0
2030,sc01,11-28 18:00:00+01:00,101_CT_1,0.0
2030,sc01,11-28 18:00:00+01:00,123_CT_1,0.0
2030,sc01,11-28 18:00:00+01:00,123_STEAM_3,0.0
2030,sc01,11-28 18:00:00+01:00,101_CT_2,0.0
2030,sc01,11-28 18:00:00+01:00,116_STEAM_1,0.0
2030,sc01,11-28 18:00:00+01:00,123_STEAM_2,0.0
2030,sc01,11-28 18:00:00+01:00,118_RTPV_10,0.0
2030,sc01,11-28 18:00:00+01:00,102_PV_2,0.0
2030,sc01,11-28 18:00:00+01:00,113_CT_3,0.0
2030,sc01,11-28 18:00:00+01:00,118_RTPV_3,0.0
2030,sc01,11-28 18:00:00+01:00,102_STEAM_4,0.0
2030,sc01,11-28 18:00:00+01:00,102_CT_1,0.0
2030,sc01,11-28 18:00:00+01:00,113_CT_1,0.0
2030,sc01,11-28 18:00:00+01:00,102_CT_2,0.0
2030,sc01,11-28 18:00:00+01:00,122_HYDRO_5,9.6525
2030,sc01,11-28 18:00:00+01:00,104_PV_1,0.0
2030,sc01,11-28 18:00:00+01:00,101_PV_2,0.0
2030,sc01,11-28 18:00:00+01:00,122_HYDRO_4,9.6525
2030,sc01,11-28 18:00:00+01:00,101_STEAM_3,0.0
2030,sc01,11-28 18:00:00+01:00,101_PV_1,0.0
2030,sc01,11-28 18:00:00+01:00,101_PV_3,0.0
2030,sc01,11-28 18:00:00+01:00,118_RTPV_5,0.0
2030,sc01,11-28 18:00:00+01:00,103_PV_1,0.0
2030,sc01,11-28 18:00:00+01:00,118_RTPV_1,0.0
2030,sc01,11-28 18:00:00+01:00,118_RTPV_6,0.0
2030,sc01,11-28 18:00:00+01:00,101_PV_4,0.0
2030,sc01,11-28 18:00:00+01:00,118_RTPV_8,0.0
2030,sc01,11-28 18:00:00+01:00,115_STEAM_3,3.7204545660166075
2030,sc01,11-28 18:00:00+01:00,118_RTPV_7,0.0
2030,sc01,11-28 18:00:00+01:00,115_STEAM_1,0.0
2030,sc01,11-28 18:00:00+01:00,122_HYDRO_3,9.6525
2030,sc01,11-28 18:00:00+01:00,115_STEAM_2,0.0
2030,sc01,11-28 18:00:00+01:00,123_CT_4,0.0
2030,sc01,11-28 18:00:00+01:00,119_PV_1,0.0
2030,sc01,11-28 18:00:00+01:00,107_CC_1,33.60918456376736
