Period,Scenario,LoadLevel,InitialNode,FinalNode,Circuit,GWh
2030,sc01,01-10 09:00:00+01:00,N_118,N_121,cac3,0.0
2030,sc01,01-10 09:00:00+01:00,N_104,N_109,eac1,-0.012027836944026565
2030,sc01,01-10 09:00:00+01:00,N_103,N_124,eac1,-0.17500000000000002
2030,sc01,01-10 09:00:00+01:00,N_112,N_113,eac1,0.01089297489318164
2030,sc01,01-10 09:00:00+01:00,N_109,N_111,cac1,0.0
2030,sc01,01-10 09:00:00+01:00,N_117,N_118,cac1,0.0
2030,sc01,01-10 09:00:00+01:00,N_110,N_111,eac1,-0.10295099302967486
2030,sc01,01-10 09:00:00+01:00,N_115,N_116,eac1,0.10514987620000005
2030,sc01,01-10 09:00:00+01:00,N_118,N_121,cac2,0.0
2030,sc01,01-10 09:00:00+01:00,N_115,N_124,eac1,0.17500000000000002
2030,sc01,01-10 09:00:00+01:00,N_106,N_108,cac3,0.0
2030,sc01,01-10 09:00:00+01:00,N_103,N_109,eac1,0.025589998758300203
2030,sc01,01-10 09:00:00+01:00,N_117,N_122,eac1,-0.09809816106117175
2030,sc01,01-10 09:00:00+01:00,N_110,N_112,eac1,-0.11073941972261991
2030,sc01,01-10 09:00:00+01:00,N_106,N_110,eac1,-0.0640005168882008
2030,sc01,01-10 09:00:00+01:00,N_116,N_117,cac1,0.0
2030,sc01,01-10 09:00:00+01:00,N_115,N_121,eac1,-0.17500000000000002
2030,sc01,01-10 09:00:00+01:00,N_106,N_108,cac2,0.0
2030,sc01,01-10 09:00:00+01:00,N_109,N_111,cac3,0.0
2030,sc01,01-10 09:00:00+01:00,N_101,N_103,eac1,-0.0022402475016998213
2030,sc01,01-10 09:00:00+01:00,N_116,N_119,eac1,0.1560901513930366
2030,sc01,01-10 09:00:00+01:00,N_119,N_120,eac1,-0.009659008654963386
2030,sc01,01-10 09:00:00+01:00,N_118,N_121,eac1,-0.23120470983882824
2030,sc01,01-10 09:00:00+01:00,N_103,N_124,cac1,0.0
2030,sc01,01-10 09:00:00+01:00,N_117,N_118,cac3,0.0
2030,sc01,01-10 09:00:00+01:00,N_121,N_122,eac1,-0.05420470983882819
2030,sc01,01-10 09:00:00+01:00,N_115,N_116,cac1,0.0
2030,sc01,01-10 09:00:00+01:00,N_113,N_123,eac1,-0.22
2030,sc01,01-10 09:00:00+01:00,N_102,N_106,eac1,0.0485126045117992
2030,sc01,01-10 09:00:00+01:00,N_109,N_111,cac2,0.0
2030,sc01,01-10 09:00:00+01:00,N_120,N_123,eac1,-0.12112934525496338
2030,sc01,01-10 09:00:00+01:00,N_117,N_118,cac2,0.0
2030,sc01,01-10 09:00:00+01:00,N_116,N_117,cac3,0.0
2030,sc01,01-10 09:00:00+01:00,N_101,N_105,eac1,0.06380847316476126
2030,sc01,01-10 09:00:00+01:00,N_102,N_104,eac1,0.025820590945973443
2030,sc01,01-10 09:00:00+01:00,N_114,N_116,eac1,-0.33384383231645637
2030,sc01,01-10 09:00:00+01:00,N_107,N_108,eac1,0.17500000000000002
2030,sc01,01-10 09:00:00+01:00,N_103,N_124,cac3,0.0
2030,sc01,01-10 09:00:00+01:00,N_109,N_112,eac1,-0.0699979821449081
2030,sc01,01-10 09:00:00+01:00,N_118,N_121,cac1,0.0
2030,sc01,01-10 09:00:00+01:00,N_109,N_111,eac1,-0.062209555451963106
2030,sc01,01-10 09:00:00+01:00,N_116,N_117,cac2,0.0
2030,sc01,01-10 09:00:00+01:00,N_115,N_116,cac3,0.0
2030,sc01,01-10 09:00:00+01:00,N_103,N_124,cac2,0.0
2030,sc01,01-10 09:00:00+01:00,N_101,N_102,eac1,0.03941635957693854
2030,sc01,01-10 09:00:00+01:00,N_117,N_118,eac1,-0.0462816005446649
2030,sc01,01-10 09:00:00+01:00,N_108,N_110,eac1,0.03503212181114482
2030,sc01,01-10 09:00:00+01:00,N_112,N_123,eac1,-0.19163037676070965
2030,sc01,01-10 09:00:00+01:00,N_111,N_113,eac1,-0.0028349452651815765
2030,sc01,01-10 09:00:00+01:00,N_111,N_114,eac1,-0.16232560321645634
2030,sc01,01-10 09:00:00+01:00,N_106,N_108,cac1,0.0
2030,sc01,01-10 09:00:00+01:00,N_115,N_116,cac2,0.0
2030,sc01,01-10 09:00:00+01:00,N_108,N_109,eac1,0.01432826588885519
2030,sc01,01-10 09:00:00+01:00,N_105,N_110,eac1,0.006777578824761238
2030,sc01,01-10 09:00:00+01:00,N_116,N_117,eac1,-0.14437976160583665
2030,sc01,01-10 19:00:00+01:00,N_118,N_121,cac3,0.0
2030,sc01,01-10 19:00:00+01:00,N_104,N_109,eac1,0.021465007660759206
2030,sc01,01-10 19:00:00+01:00,N_103,N_124,eac1,-0.06803375644498566
2030,sc01,01-10 19:00:00+01:00,N_112,N_113,eac1,-0.0844978255503892
2030,sc01,01-10 19:00:00+01:00,N_109,N_111,cac1,0.0
2030,sc01,01-10 19:00:00+01:00,N_117,N_118,cac1,0.0
2030,sc01,01-10 19:00:00+01:00,N_110,N_111,eac1,-0.11597929388395767
2030,sc01,01-10 19:00:00+01:00,N_115,N_116,eac1,0.11536454339396107
2030,sc01,01-10 19:00:00+01:00,N_118,N_121,cac2,0.0
2030,sc01,01-10 19:00:00+01:00,N_115,N_124,eac1,0.06803375644498566
2030,sc01,01-10 19:00:00+01:00,N_106,N_108,cac3,0.0
2030,sc01,01-10 19:00:00+01:00,N_103,N_109,eac1,0.08032401813895765
2030,sc01,01-10 19:00:00+01:00,N_117,N_122,eac1,-0.16320183124378662
2030,sc01,01-10 19:00:00+01:00,N_110,N_112,eac1,-0.10596473625507014
2030,sc01,01-10 19:00:00+01:00,N_106,N_110,eac1,-0.062121945732706546
2030,sc01,01-10 19:00:00+01:00,N_116,N_117,cac1,0.0
2030,sc01,01-10 19:00:00+01:00,N_115,N_121,eac1,-0.17500000000000002
2030,sc01,01-10 19:00:00+01:00,N_106,N_108,cac2,0.0
2030,sc01,01-10 19:00:00+01:00,N_109,N_111,cac3,0.0
2030,sc01,01-10 19:00:00+01:00,N_101,N_103,eac1,-0.05752275880602799
2030,sc01,01-10 19:00:00+01:00,N_116,N_119,eac1,0.07470290626976395
2030,sc01,01-10 19:00:00+01:00,N_119,N_120,eac1,0.168085559569764
2030,sc01,01-10 19:00:00+01:00,N_118,N_121,eac1,-0.03615776529926673
2030,sc01,01-10 19:00:00+01:00,N_103,N_124,cac1,0.0
2030,sc01,01-10 19:00:00+01:00,N_117,N_118,cac3,0.0
2030,sc01,01-10 19:00:00+01:00,N_121,N_122,eac1,-0.21115776529926672
2030,sc01,01-10 19:00:00+01:00,N_115,N_116,cac1,0.0
2030,sc01,01-10 19:00:00+01:00,N_113,N_123,eac1,-0.00891657293053344
2030,sc01,01-10 19:00:00+01:00,N_102,N_106,eac1,0.04710293876729346
2030,sc01,01-10 19:00:00+01:00,N_109,N_111,cac2,0.0
2030,sc01,01-10 19:00:00+01:00,N_120,N_123,eac1,0.05853748446976392
2030,sc01,01-10 19:00:00+01:00,N_117,N_118,cac2,0.0
2030,sc01,01-10 19:00:00+01:00,N_116,N_117,cac3,0.0
2030,sc01,01-10 19:00:00+01:00,N_101,N_105,eac1,0.05395771765597529
2030,sc01,01-10 19:00:00+01:00,N_102,N_104,eac1,-0.027378496209240794
2030,sc01,01-10 19:00:00+01:00,N_114,N_116,eac1,-0.2557887156672505
2030,sc01,01-10 19:00:00+01:00,N_107,N_108,eac1,0.17500000000000002
2030,sc01,01-10 19:00:00+01:00,N_103,N_124,cac3,0.0
2030,sc01,01-10 19:00:00+01:00,N_109,N_112,eac1,-0.02815400083454961
2030,sc01,01-10 19:00:00+01:00,N_118,N_121,cac1,0.0
2030,sc01,01-10 19:00:00+01:00,N_109,N_111,eac1,-0.038168558463437086
2030,sc01,01-10 19:00:00+01:00,N_116,N_117,cac2,0.0
2030,sc01,01-10 19:00:00+01:00,N_115,N_116,cac3,0.0
2030,sc01,01-10 19:00:00+01:00,N_103,N_124,cac2,0.0
2030,sc01,01-10 19:00:00+01:00,N_101,N_102,eac1,-0.09692908820194734
2030,sc01,01-10 19:00:00+01:00,N_117,N_118,eac1,-0.13417848759926676
2030,sc01,01-10 19:00:00+01:00,N_108,N_110,eac1,0.02852780729770346
2030,sc01,01-10 19:00:00+01:00,N_112,N_123,eac1,-0.04962091153923054
2030,sc01,01-10 19:00:00+01:00,N_111,N_113,eac1,-0.06684611578014421
2030,sc01,01-10 19:00:00+01:00,N_111,N_114,eac1,-0.08730173656725049
2030,sc01,01-10 19:00:00+01:00,N_106,N_108,cac1,0.0
2030,sc01,01-10 19:00:00+01:00,N_115,N_116,cac2,0.0
2030,sc01,01-10 19:00:00+01:00,N_108,N_109,eac1,-0.011013808097703442
2030,sc01,01-10 19:00:00+01:00,N_105,N_110,eac1,-0.007036862304024727
2030,sc01,01-10 19:00:00+01:00,N_116,N_117,eac1,-0.29738031884305327
2030,sc01,01-21 19:00:00+01:00,N_118,N_121,cac3,0.0
2030,sc01,01-21 19:00:00+01:00,N_104,N_109,eac1,0.027945915459332005
2030,sc01,01-21 19:00:00+01:00,N_103,N_124,eac1,-0.05241626175170683
2030,sc01,01-21 19:00:00+01:00,N_112,N_113,eac1,-0.07636081455477217
2030,sc01,01-21 19:00:00+01:00,N_109,N_111,cac1,0.0
2030,sc01,01-21 19:00:00+01:00,N_117,N_118,cac1,0.0
2030,sc01,01-21 19:00:00+01:00,N_110,N_111,eac1,-0.10700480866917694
2030,sc01,01-21 19:00:00+01:00,N_115,N_116,eac1,0.09536286036099617
2030,sc01,01-21 19:00:00+01:00,N_118,N_121,cac2,0.0
2030,sc01,01-21 19:00:00+01:00,N_115,N_124,eac1,0.05241626175170683
2030,sc01,01-21 19:00:00+01:00,N_106,N_108,cac3,0.0
2030,sc01,01-21 19:00:00+01:00,N_103,N_109,eac1,0.07176805792633803
2030,sc01,01-21 19:00:00+01:00,N_117,N_122,eac1,-0.13094254425039764
2030,sc01,01-21 19:00:00+01:00,N_110,N_112,eac1,-0.09650444031939098
2030,sc01,01-21 19:00:00+01:00,N_106,N_110,eac1,-0.0581792534611848
2030,sc01,01-21 19:00:00+01:00,N_116,N_117,cac1,0.0
2030,sc01,01-21 19:00:00+01:00,N_115,N_121,eac1,-0.17500000000000002
2030,sc01,01-21 19:00:00+01:00,N_106,N_108,cac2,0.0
2030,sc01,01-21 19:00:00+01:00,N_109,N_111,cac3,0.0
2030,sc01,01-21 19:00:00+01:00,N_101,N_103,eac1,-0.04998173022536881
2030,sc01,01-21 19:00:00+01:00,N_116,N_119,eac1,0.06201555751076637
2030,sc01,01-21 19:00:00+01:00,N_119,N_120,eac1,0.15792345111076633
2030,sc01,01-21 19:00:00+01:00,N_118,N_121,eac1,-0.047833981292899286
2030,sc01,01-21 19:00:00+01:00,N_103,N_124,cac1,0.0
2030,sc01,01-21 19:00:00+01:00,N_117,N_118,cac3,0.0
2030,sc01,01-21 19:00:00+01:00,N_121,N_122,eac1,-0.15560965834960228
2030,sc01,01-21 19:00:00+01:00,N_115,N_116,cac1,0.0
2030,sc01,01-21 19:00:00+01:00,N_113,N_123,eac1,-0.002014328613177907
2030,sc01,01-21 19:00:00+01:00,N_102,N_106,eac1,0.04916505513881522
2030,sc01,01-21 19:00:00+01:00,N_109,N_111,cac2,0.0
2030,sc01,01-21 19:00:00+01:00,N_120,N_123,eac1,0.0414451174107664
2030,sc01,01-21 19:00:00+01:00,N_117,N_118,cac2,0.0
2030,sc01,01-21 19:00:00+01:00,N_116,N_117,cac3,0.0
2030,sc01,01-21 19:00:00+01:00,N_101,N_105,eac1,0.05699426183122158
2030,sc01,01-21 19:00:00+01:00,N_102,N_104,eac1,-0.027282361840668012
2030,sc01,01-21 19:00:00+01:00,N_114,N_116,eac1,-0.2110515067935268
2030,sc01,01-21 19:00:00+01:00,N_107,N_108,eac1,0.17500000000000002
2030,sc01,01-21 19:00:00+01:00,N_103,N_124,cac3,0.0
2030,sc01,01-21 19:00:00+01:00,N_109,N_112,eac1,-0.019287163032969623
2030,sc01,01-21 19:00:00+01:00,N_118,N_121,cac1,0.0
2030,sc01,01-21 19:00:00+01:00,N_109,N_111,eac1,-0.029787531382755583
2030,sc01,01-21 19:00:00+01:00,N_116,N_117,cac2,0.0
2030,sc01,01-21 19:00:00+01:00,N_115,N_116,cac3,0.0
2030,sc01,01-21 19:00:00+01:00,N_103,N_124,cac2,0.0
2030,sc01,01-21 19:00:00+01:00,N_101,N_102,eac1,-0.1048243682218528
2030,sc01,01-21 19:00:00+01:00,N_117,N_118,eac1,-0.1388204831928993
2030,sc01,01-21 19:00:00+01:00,N_108,N_110,eac1,0.03172397330139537
2030,sc01,01-21 19:00:00+01:00,N_112,N_123,eac1,-0.03943078879758846
2030,sc01,01-21 19:00:00+01:00,N_111,N_113,eac1,-0.057852812358405725
2030,sc01,01-21 19:00:00+01:00,N_111,N_114,eac1,-0.07893952769352675
2030,sc01,01-21 19:00:00+01:00,N_106,N_108,cac1,0.0
2030,sc01,01-21 19:00:00+01:00,N_115,N_116,cac2,0.0
2030,sc01,01-21 19:00:00+01:00,N_108,N_109,eac1,-0.0075160604013953525
2030,sc01,01-21 19:00:00+01:00,N_105,N_110,eac1,-0.004000318128778435
2030,sc01,01-21 19:00:00+01:00,N_116,N_117,eac1,-0.26976302744329694
2030,sc01,01-25 19:00:00+01:00,N_118,N_121,cac3,0.0
2030,sc01,01-25 19:00:00+01:00,N_104,N_109,eac1,-0.03520870719299632
2030,sc01,01-25 19:00:00+01:00,N_103,N_124,eac1,-0.06260156324709115
2030,sc01,01-25 19:00:00+01:00,N_112,N_113,eac1,-0.0921518624516845
2030,sc01,01-25 19:00:00+01:00,N_109,N_111,cac1,0.0
2030,sc01,01-25 19:00:00+01:00,N_117,N_118,cac1,0.0
2030,sc01,01-25 19:00:00+01:00,N_110,N_111,eac1,-0.10953641878498904
2030,sc01,01-25 19:00:00+01:00,N_115,N_116,eac1,0.10493616482587753
2030,sc01,01-25 19:00:00+01:00,N_118,N_121,cac2,0.0
2030,sc01,01-25 19:00:00+01:00,N_115,N_124,eac1,0.06260156324709115
2030,sc01,01-25 19:00:00+01:00,N_106,N_108,cac3,0.0
2030,sc01,01-25 19:00:00+01:00,N_103,N_109,eac1,0.08295033526870546
2030,sc01,01-25 19:00:00+01:00,N_117,N_122,eac1,-0.15929477697087285
2030,sc01,01-25 19:00:00+01:00,N_110,N_112,eac1,-0.10134622748777711
2030,sc01,01-25 19:00:00+01:00,N_106,N_110,eac1,-0.06748773403900077
2030,sc01,01-25 19:00:00+01:00,N_116,N_117,cac1,0.0
2030,sc01,01-25 19:00:00+01:00,N_115,N_121,eac1,-0.17500000000000002
2030,sc01,01-25 19:00:00+01:00,N_106,N_108,cac2,0.0
2030,sc01,01-25 19:00:00+01:00,N_109,N_111,cac3,0.0
2030,sc01,01-25 19:00:00+01:00,N_101,N_103,eac1,-0.0583849234783857
2030,sc01,01-25 19:00:00+01:00,N_116,N_119,eac1,0.06699132163637889
2030,sc01,01-25 19:00:00+01:00,N_119,N_120,eac1,0.16205046713637883
2030,sc01,01-25 19:00:00+01:00,N_118,N_121,eac1,-0.03162102911815823
2030,sc01,01-25 19:00:00+01:00,N_103,N_124,cac1,0.0
2030,sc01,01-25 19:00:00+01:00,N_117,N_118,cac3,0.0
2030,sc01,01-25 19:00:00+01:00,N_121,N_122,eac1,-0.20662102911815822
2030,sc01,01-25 19:00:00+01:00,N_115,N_116,cac1,0.0
2030,sc01,01-25 19:00:00+01:00,N_113,N_123,eac1,-0.0009216876278209385
2030,sc01,01-25 19:00:00+01:00,N_102,N_106,eac1,0.041777791660999236
2030,sc01,01-25 19:00:00+01:00,N_109,N_111,cac2,0.0
2030,sc01,01-25 19:00:00+01:00,N_120,N_123,eac1,0.0471551724363789
2030,sc01,01-25 19:00:00+01:00,N_117,N_118,cac2,0.0
2030,sc01,01-25 19:00:00+01:00,N_116,N_117,cac3,0.0
2030,sc01,01-25 19:00:00+01:00,N_101,N_105,eac1,0.049355668238382805
2030,sc01,01-25 19:00:00+01:00,N_102,N_104,eac1,0.017317321927003665
2030,sc01,01-25 19:00:00+01:00,N_114,N_116,eac1,-0.24528431487852975
2030,sc01,01-25 19:00:00+01:00,N_107,N_108,eac1,0.17500000000000002
2030,sc01,01-25 19:00:00+01:00,N_103,N_124,cac3,0.0
2030,sc01,01-25 19:00:00+01:00,N_109,N_112,eac1,-0.03703911977246527
2030,sc01,01-25 19:00:00+01:00,N_118,N_121,cac1,0.0
2030,sc01,01-25 19:00:00+01:00,N_109,N_111,eac1,-0.04522931106967726
2030,sc01,01-25 19:00:00+01:00,N_116,N_117,cac2,0.0
2030,sc01,01-25 19:00:00+01:00,N_115,N_116,cac3,0.0
2030,sc01,01-25 19:00:00+01:00,N_103,N_124,cac2,0.0
2030,sc01,01-25 19:00:00+01:00,N_101,N_102,eac1,-0.07214156071199708
2030,sc01,01-25 19:00:00+01:00,N_117,N_118,eac1,-0.13512844351815823
2030,sc01,01-25 19:00:00+01:00,N_108,N_110,eac1,0.03916141271785181
2030,sc01,01-25 19:00:00+01:00,N_112,N_123,eac1,-0.046233484808557906
2030,sc01,01-25 19:00:00+01:00,N_111,N_113,eac1,-0.07771578997613648
2030,sc01,01-25 19:00:00+01:00,N_111,N_114,eac1,-0.0770499398785297
2030,sc01,01-25 19:00:00+01:00,N_106,N_108,cac1,0.0
2030,sc01,01-25 19:00:00+01:00,N_115,N_116,cac2,0.0
2030,sc01,01-25 19:00:00+01:00,N_108,N_109,eac1,0.006482028482148211
2030,sc01,01-25 19:00:00+01:00,N_105,N_110,eac1,-0.013986337151617206
2030,sc01,01-25 19:00:00+01:00,N_116,N_117,eac1,-0.2944232204890311
2030,sc01,02-11 18:00:00+01:00,N_118,N_121,cac3,0.0
2030,sc01,02-11 18:00:00+01:00,N_104,N_109,eac1,0.009892222128545902
2030,sc01,02-11 18:00:00+01:00,N_103,N_124,eac1,-0.17500000000000002
2030,sc01,02-11 18:00:00+01:00,N_112,N_113,eac1,-0.0965935325464124
2030,sc01,02-11 18:00:00+01:00,N_109,N_111,cac1,0.0
2030,sc01,02-11 18:00:00+01:00,N_117,N_118,cac1,0.0
2030,sc01,02-11 18:00:00+01:00,N_110,N_111,eac1,-0.1278850138644989
2030,sc01,02-11 18:00:00+01:00,N_115,N_116,eac1,0.13932965187250712
2030,sc01,02-11 18:00:00+01:00,N_118,N_121,cac2,0.0
2030,sc01,02-11 18:00:00+01:00,N_115,N_124,eac1,0.17500000000000002
2030,sc01,02-11 18:00:00+01:00,N_106,N_108,cac3,0.0
2030,sc01,02-11 18:00:00+01:00,N_103,N_109,eac1,0.0030552506786828693
2030,sc01,02-11 18:00:00+01:00,N_117,N_122,eac1,-0.17625371741503953
2030,sc01,02-11 18:00:00+01:00,N_110,N_112,eac1,-0.10920277134771444
2030,sc01,02-11 18:00:00+01:00,N_106,N_110,eac1,-0.07964167332401989
2030,sc01,02-11 18:00:00+01:00,N_116,N_117,cac1,0.0
2030,sc01,02-11 18:00:00+01:00,N_115,N_121,eac1,-0.17500000000000002
2030,sc01,02-11 18:00:00+01:00,N_106,N_108,cac2,0.0
2030,sc01,02-11 18:00:00+01:00,N_109,N_111,cac3,0.0
2030,sc01,02-11 18:00:00+01:00,N_101,N_103,eac1,-0.023114770933317152
2030,sc01,02-11 18:00:00+01:00,N_116,N_119,eac1,0.08902194449051037
2030,sc01,02-11 18:00:00+01:00,N_119,N_120,eac1,0.19956748659051038
2030,sc01,02-11 18:00:00+01:00,N_118,N_121,eac1,-0.052109015546749904
2030,sc01,02-11 18:00:00+01:00,N_103,N_124,cac1,0.0
2030,sc01,02-11 18:00:00+01:00,N_117,N_118,cac3,0.0
2030,sc01,02-11 18:00:00+01:00,N_121,N_122,eac1,-0.2271090155467499
2030,sc01,02-11 18:00:00+01:00,N_115,N_116,cac1,0.0
2030,sc01,02-11 18:00:00+01:00,N_113,N_123,eac1,-0.015784667836559657
2030,sc01,02-11 18:00:00+01:00,N_102,N_106,eac1,0.02457326827598011
2030,sc01,02-11 18:00:00+01:00,N_109,N_111,cac2,0.0
2030,sc01,02-11 18:00:00+01:00,N_120,N_123,eac1,0.07751578499051037
2030,sc01,02-11 18:00:00+01:00,N_117,N_118,cac2,0.0
2030,sc01,02-11 18:00:00+01:00,N_116,N_117,cac3,0.0
2030,sc01,02-11 18:00:00+01:00,N_101,N_105,eac1,0.03153711963223202
2030,sc01,02-11 18:00:00+01:00,N_102,N_104,eac1,-0.04867296041145411
2030,sc01,02-11 18:00:00+01:00,N_114,N_116,eac1,-0.2701994961437849
2030,sc01,02-11 18:00:00+01:00,N_107,N_108,eac1,0.1486080320402641
2030,sc01,02-11 18:00:00+01:00,N_103,N_124,cac3,0.0
2030,sc01,02-11 18:00:00+01:00,N_109,N_112,eac1,-0.04912187835264881
2030,sc01,02-11 18:00:00+01:00,N_118,N_121,cac1,0.0
2030,sc01,02-11 18:00:00+01:00,N_109,N_111,eac1,-0.06780412086943333
2030,sc01,02-11 18:00:00+01:00,N_116,N_117,cac2,0.0
2030,sc01,02-11 18:00:00+01:00,N_115,N_116,cac3,0.0
2030,sc01,02-11 18:00:00+01:00,N_103,N_124,cac2,0.0
2030,sc01,02-11 18:00:00+01:00,N_101,N_102,eac1,0.044804018636526
2030,sc01,02-11 18:00:00+01:00,N_117,N_118,eac1,-0.12582650604674994
2030,sc01,02-11 18:00:00+01:00,N_108,N_110,eac1,0.03589750916957482
2030,sc01,02-11 18:00:00+01:00,N_112,N_123,eac1,-0.061731117153950715
2030,sc01,02-11 18:00:00+01:00,N_111,N_113,eac1,-0.06366411769014724
2030,sc01,02-11 18:00:00+01:00,N_111,N_114,eac1,-0.1320250170437849
2030,sc01,02-11 18:00:00+01:00,N_106,N_108,cac1,0.0
2030,sc01,02-11 18:00:00+01:00,N_115,N_116,cac2,0.0
2030,sc01,02-11 18:00:00+01:00,N_108,N_109,eac1,0.005365789470689247
2030,sc01,02-11 18:00:00+01:00,N_105,N_110,eac1,-0.024262338357767976
2030,sc01,02-11 18:00:00+01:00,N_116,N_117,eac1,-0.3020802234617895
2030,sc01,03-24 21:00:00+01:00,N_118,N_121,cac3,0.0
2030,sc01,03-24 21:00:00+01:00,N_104,N_109,eac1,0.0796165768072842
2030,sc01,03-24 21:00:00+01:00,N_103,N_124,eac1,0.04873297501130436
2030,sc01,03-24 21:00:00+01:00,N_112,N_113,eac1,-0.03265941673515804
2030,sc01,03-24 21:00:00+01:00,N_109,N_111,cac1,0.0
2030,sc01,03-24 21:00:00+01:00,N_117,N_118,cac1,0.0
2030,sc01,03-24 21:00:00+01:00,N_110,N_111,eac1,-0.03552170047506359
2030,sc01,03-24 21:00:00+01:00,N_115,N_116,eac1,-0.06447473182904051
2030,sc01,03-24 21:00:00+01:00,N_118,N_121,cac2,0.0
2030,sc01,03-24 21:00:00+01:00,N_115,N_124,eac1,-0.04873297501130433
2030,sc01,03-24 21:00:00+01:00,N_106,N_108,cac3,0.0
2030,sc01,03-24 21:00:00+01:00,N_103,N_109,eac1,0.07830892277591547
2030,sc01,03-24 21:00:00+01:00,N_117,N_122,eac1,0.0016305086642647293
2030,sc01,03-24 21:00:00+01:00,N_110,N_112,eac1,-0.04580585553054406
2030,sc01,03-24 21:00:00+01:00,N_106,N_110,eac1,0.009842905797930485
2030,sc01,03-24 21:00:00+01:00,N_116,N_117,cac1,0.0
2030,sc01,03-24 21:00:00+01:00,N_115,N_121,eac1,-0.08582221495965513
2030,sc01,03-24 21:00:00+01:00,N_106,N_108,cac2,0.0
2030,sc01,03-24 21:00:00+01:00,N_109,N_111,cac3,0.0
2030,sc01,03-24 21:00:00+01:00,N_101,N_103,eac1,-0.0116994417127802
2030,sc01,03-24 21:00:00+01:00,N_116,N_119,eac1,-0.11329870998903685
2030,sc01,03-24 21:00:00+01:00,N_119,N_120,eac1,0.07829268808096312
2030,sc01,03-24 21:00:00+01:00,N_118,N_121,eac1,0.08419170629539041
2030,sc01,03-24 21:00:00+01:00,N_103,N_124,cac1,0.0
2030,sc01,03-24 21:00:00+01:00,N_117,N_118,cac3,0.0
2030,sc01,03-24 21:00:00+01:00,N_121,N_122,eac1,-0.0016305086642647848
2030,sc01,03-24 21:00:00+01:00,N_115,N_116,cac1,0.0
2030,sc01,03-24 21:00:00+01:00,N_113,N_123,eac1,-0.005843072495988588
2030,sc01,03-24 21:00:00+01:00,N_102,N_106,eac1,0.056144236897930466
2030,sc01,03-24 21:00:00+01:00,N_109,N_111,cac2,0.0
2030,sc01,03-24 21:00:00+01:00,N_120,N_123,eac1,0.027168269260963163
2030,sc01,03-24 21:00:00+01:00,N_117,N_118,cac2,0.0
2030,sc01,03-24 21:00:00+01:00,N_116,N_117,cac3,0.0
2030,sc01,03-24 21:00:00+01:00,N_101,N_105,eac1,0.07453389246956554
2030,sc01,03-24 21:00:00+01:00,N_102,N_104,eac1,-0.00029963074271582846
2030,sc01,03-24 21:00:00+01:00,N_114,N_116,eac1,-0.12130967060034126
2030,sc01,03-24 21:00:00+01:00,N_107,N_108,eac1,-0.05832662913
2030,sc01,03-24 21:00:00+01:00,N_103,N_124,cac3,0.0
2030,sc01,03-24 21:00:00+01:00,N_109,N_112,eac1,-0.008178757969588557
2030,sc01,03-24 21:00:00+01:00,N_118,N_121,cac1,0.0
2030,sc01,03-24 21:00:00+01:00,N_109,N_111,eac1,0.002105397085891858
2030,sc01,03-24 21:00:00+01:00,N_116,N_117,cac2,0.0
2030,sc01,03-24 21:00:00+01:00,N_115,N_116,cac3,0.0
2030,sc01,03-24 21:00:00+01:00,N_103,N_124,cac2,0.0
2030,sc01,03-24 21:00:00+01:00,N_101,N_102,eac1,-0.09859252368478537
2030,sc01,03-24 21:00:00+01:00,N_117,N_118,eac1,-0.13182806550460968
2030,sc01,03-24 21:00:00+01:00,N_108,N_110,eac1,-0.05971844638310367
2030,sc01,03-24 21:00:00+01:00,N_112,N_123,eac1,-0.02132519676497452
2030,sc01,03-24 21:00:00+01:00,N_111,N_113,eac1,-0.05078632028883051
2030,sc01,03-24 21:00:00+01:00,N_111,N_114,eac1,0.01737001689965878
2030,sc01,03-24 21:00:00+01:00,N_106,N_108,cac1,0.0
2030,sc01,03-24 21:00:00+01:00,N_115,N_116,cac2,0.0
2030,sc01,03-24 21:00:00+01:00,N_108,N_109,eac1,-0.07883966676689633
2030,sc01,03-24 21:00:00+01:00,N_105,N_110,eac1,0.04197779492956555
2030,sc01,03-24 21:00:00+01:00,N_116,N_117,eac1,-0.1301975568403449
2030,sc01,03-28 13:00:00+01:00,N_118,N_121,cac3,0.0
2030,sc01,03-28 13:00:00+01:00,N_104,N_109,eac1,0.08424072912788563
2030,sc01,03-28 13:00:00+01:00,N_103,N_124,eac1,0.06430683270005894
2030,sc01,03-28 13:00:00+01:00,N_112,N_113,eac1,0.016927590317183605
2030,sc01,03-28 13:00:00+01:00,N_109,N_111,cac1,0.0
2030,sc01,03-28 13:00:00+01:00,N_117,N_118,cac1,0.0
2030,sc01,03-28 13:00:00+01:00,N_110,N_111,eac1,0.0071669301379524986
2030,sc01,03-28 13:00:00+01:00,N_115,N_116,eac1,0.05291740350005891
2030,sc01,03-28 13:00:00+01:00,N_118,N_121,cac2,0.0
2030,sc01,03-28 13:00:00+01:00,N_115,N_124,eac1,-0.06430683270005894
2030,sc01,03-28 13:00:00+01:00,N_106,N_108,cac3,0.0
2030,sc01,03-28 13:00:00+01:00,N_103,N_109,eac1,0.08655896352051964
2030,sc01,03-28 13:00:00+01:00,N_117,N_122,eac1,-0.2005986697509412
2030,sc01,03-28 13:00:00+01:00,N_110,N_112,eac1,0.00790537867696639
2030,sc01,03-28 13:00:00+01:00,N_106,N_110,eac1,0.03198908779241527
2030,sc01,03-28 13:00:00+01:00,N_116,N_117,cac1,0.0
2030,sc01,03-28 13:00:00+01:00,N_115,N_121,eac1,-0.17500000000000002
2030,sc01,03-28 13:00:00+01:00,N_106,N_108,cac2,0.0
2030,sc01,03-28 13:00:00+01:00,N_109,N_111,cac3,0.0
2030,sc01,03-28 13:00:00+01:00,N_101,N_103,eac1,0.054231345420578586
2030,sc01,03-28 13:00:00+01:00,N_116,N_119,eac1,0.14391859027503862
2030,sc01,03-28 13:00:00+01:00,N_119,N_120,eac1,0.06615862847503862
2030,sc01,03-28 13:00:00+01:00,N_118,N_121,eac1,-0.0914598255377439
2030,sc01,03-28 13:00:00+01:00,N_103,N_124,cac1,0.0
2030,sc01,03-28 13:00:00+01:00,N_117,N_118,cac3,0.0
2030,sc01,03-28 13:00:00+01:00,N_121,N_122,eac1,-0.26645982553774394
2030,sc01,03-28 13:00:00+01:00,N_115,N_116,cac1,0.0
2030,sc01,03-28 13:00:00+01:00,N_113,N_123,eac1,0.014066864652503147
2030,sc01,03-28 13:00:00+01:00,N_102,N_106,eac1,0.1077145971724153
2030,sc01,03-28 13:00:00+01:00,N_109,N_111,cac2,0.0
2030,sc01,03-28 13:00:00+01:00,N_120,N_123,eac1,-0.03500410162496137
2030,sc01,03-28 13:00:00+01:00,N_117,N_118,cac2,0.0
2030,sc01,03-28 13:00:00+01:00,N_116,N_117,cac3,0.0
2030,sc01,03-28 13:00:00+01:00,N_101,N_105,eac1,0.15528129704912055
2030,sc01,03-28 13:00:00+01:00,N_102,N_104,eac1,0.0949521893478856
2030,sc01,03-28 13:00:00+01:00,N_114,N_116,eac1,-0.09930219072370539
2030,sc01,03-28 13:00:00+01:00,N_107,N_108,eac1,0.032297656971314925
2030,sc01,03-28 13:00:00+01:00,N_103,N_124,cac3,0.0
2030,sc01,03-28 13:00:00+01:00,N_109,N_112,eac1,0.02995944861267552
2030,sc01,03-28 13:00:00+01:00,N_118,N_121,cac1,0.0
2030,sc01,03-28 13:00:00+01:00,N_109,N_111,eac1,0.02922100007366163
2030,sc01,03-28 13:00:00+01:00,N_116,N_117,cac2,0.0
2030,sc01,03-28 13:00:00+01:00,N_115,N_116,cac3,0.0
2030,sc01,03-28 13:00:00+01:00,N_103,N_124,cac2,0.0
2030,sc01,03-28 13:00:00+01:00,N_101,N_102,eac1,0.07107703675030089
2030,sc01,03-28 13:00:00+01:00,N_117,N_118,eac1,-0.0477954355477439
2030,sc01,03-28 13:00:00+01:00,N_108,N_110,eac1,-0.025868733446616915
2030,sc01,03-28 13:00:00+01:00,N_112,N_123,eac1,0.020937236972458223
2030,sc01,03-28 13:00:00+01:00,N_111,N_113,eac1,0.01822918343531954
2030,sc01,03-28 13:00:00+01:00,N_111,N_114,eac1,0.018158746776294588
2030,sc01,03-28 13:00:00+01:00,N_106,N_108,cac1,0.0
2030,sc01,03-28 13:00:00+01:00,N_115,N_116,cac2,0.0
2030,sc01,03-28 13:00:00+01:00,N_108,N_109,eac1,-0.037076101512068166
2030,sc01,03-28 13:00:00+01:00,N_105,N_110,eac1,0.11872303146912053
2030,sc01,03-28 13:00:00+01:00,N_116,N_117,eac1,-0.2483941052986851
2030,sc01,09-06 15:00:00+02:00,N_118,N_121,cac3,0.0
2030,sc01,09-06 15:00:00+02:00,N_104,N_109,eac1,0.06455478305612122
2030,sc01,09-06 15:00:00+02:00,N_103,N_124,eac1,0.028924467847423807
2030,sc01,09-06 15:00:00+02:00,N_112,N_113,eac1,-0.010090229152229513
2030,sc01,09-06 15:00:00+02:00,N_109,N_111,cac1,0.0
2030,sc01,09-06 15:00:00+02:00,N_117,N_118,cac1,0.0
2030,sc01,09-06 15:00:00+02:00,N_110,N_111,eac1,-0.025105340791913455
2030,sc01,09-06 15:00:00+02:00,N_115,N_116,eac1,0.04640625804742382
2030,sc01,09-06 15:00:00+02:00,N_118,N_121,cac2,0.0
2030,sc01,09-06 15:00:00+02:00,N_115,N_124,eac1,-0.02892446784742378
2030,sc01,09-06 15:00:00+02:00,N_106,N_108,cac3,0.0
2030,sc01,09-06 15:00:00+02:00,N_103,N_109,eac1,0.0801249216749019
2030,sc01,09-06 15:00:00+02:00,N_117,N_122,eac1,-0.1899432966332404
2030,sc01,09-06 15:00:00+02:00,N_110,N_112,eac1,-0.02343667805415456
2030,sc01,09-06 15:00:00+02:00,N_106,N_110,eac1,-0.0014204126455321653
2030,sc01,09-06 15:00:00+02:00,N_116,N_117,cac1,0.0
2030,sc01,09-06 15:00:00+02:00,N_115,N_121,eac1,-0.17500000000000002
2030,sc01,09-06 15:00:00+02:00,N_106,N_108,cac2,0.0
2030,sc01,09-06 15:00:00+02:00,N_109,N_111,cac3,0.0
2030,sc01,09-06 15:00:00+02:00,N_101,N_103,eac1,0.0329473760423257
2030,sc01,09-06 15:00:00+02:00,N_116,N_119,eac1,0.1172315813991529
2030,sc01,09-06 15:00:00+02:00,N_119,N_120,eac1,0.074330023919153
2030,sc01,09-06 15:00:00+02:00,N_118,N_121,eac1,-0.07748189150269952
2030,sc01,09-06 15:00:00+02:00,N_103,N_124,cac1,0.0
2030,sc01,09-06 15:00:00+02:00,N_117,N_118,cac3,0.0
2030,sc01,09-06 15:00:00+02:00,N_121,N_122,eac1,-0.2524818915026995
2030,sc01,09-06 15:00:00+02:00,N_115,N_116,cac1,0.0
2030,sc01,09-06 15:00:00+02:00,N_113,N_123,eac1,0.0036160303505403946
2030,sc01,09-06 15:00:00+02:00,N_102,N_106,eac1,0.09444092937446782
2030,sc01,09-06 15:00:00+02:00,N_109,N_111,cac2,0.0
2030,sc01,09-06 15:00:00+02:00,N_120,N_123,eac1,-0.0018819901608470024
2030,sc01,09-06 15:00:00+02:00,N_117,N_118,cac2,0.0
2030,sc01,09-06 15:00:00+02:00,N_116,N_117,cac3,0.0
2030,sc01,09-06 15:00:00+02:00,N_101,N_105,eac1,0.13207043099708518
2030,sc01,09-06 15:00:00+02:00,N_102,N_104,eac1,0.06639127144612122
2030,sc01,09-06 15:00:00+02:00,N_114,N_116,eac1,-0.1363354756202107
2030,sc01,09-06 15:00:00+02:00,N_107,N_108,eac1,0.024049935718060134
2030,sc01,09-06 15:00:00+02:00,N_103,N_124,cac3,0.0
2030,sc01,09-06 15:00:00+02:00,N_109,N_112,eac1,0.011612408712231626
2030,sc01,09-06 15:00:00+02:00,N_118,N_121,cac1,0.0
2030,sc01,09-06 15:00:00+02:00,N_109,N_111,eac1,0.009943745974472673
2030,sc01,09-06 15:00:00+02:00,N_116,N_117,cac2,0.0
2030,sc01,09-06 15:00:00+02:00,N_115,N_116,cac3,0.0
2030,sc01,09-06 15:00:00+02:00,N_103,N_124,cac2,0.0
2030,sc01,09-06 15:00:00+02:00,N_101,N_102,eac1,0.09980189959058908
2030,sc01,09-06 15:00:00+02:00,N_117,N_118,eac1,-0.06083165983869948
2030,sc01,09-06 15:00:00+02:00,N_108,N_110,eac1,-0.03683558761762107
2030,sc01,09-06 15:00:00+02:00,N_112,N_123,eac1,-0.0017340401896933921
2030,sc01,09-06 15:00:00+02:00,N_111,N_113,eac1,-0.0071490357972300855
2030,sc01,09-06 15:00:00+02:00,N_111,N_114,eac1,-0.008012559020210697
2030,sc01,09-06 15:00:00+02:00,N_106,N_108,cac1,0.0
2030,sc01,09-06 15:00:00+02:00,N_115,N_116,cac2,0.0
2030,sc01,09-06 15:00:00+02:00,N_108,N_109,eac1,-0.05464672256431882
2030,sc01,09-06 15:00:00+02:00,N_105,N_110,eac1,0.09370349331708519
2030,sc01,09-06 15:00:00+02:00,N_116,N_117,eac1,-0.25077495647193987
2030,sc01,10-22 23:00:00+02:00,N_118,N_121,cac3,0.0
2030,sc01,10-22 23:00:00+02:00,N_104,N_109,eac1,0.03583279449724264
2030,sc01,10-22 23:00:00+02:00,N_103,N_124,eac1,-0.05242417036288327
2030,sc01,10-22 23:00:00+02:00,N_112,N_113,eac1,-0.1155322954991363
2030,sc01,10-22 23:00:00+02:00,N_109,N_111,cac1,0.0
2030,sc01,10-22 23:00:00+02:00,N_117,N_118,cac1,0.0
2030,sc01,10-22 23:00:00+02:00,N_110,N_111,eac1,-0.07400174378227758
2030,sc01,10-22 23:00:00+02:00,N_115,N_116,eac1,-0.15620205887546762
2030,sc01,10-22 23:00:00+02:00,N_118,N_121,cac2,0.0
2030,sc01,10-22 23:00:00+02:00,N_115,N_124,eac1,0.05242417036288327
2030,sc01,10-22 23:00:00+02:00,N_106,N_108,cac3,0.0
2030,sc01,10-22 23:00:00+02:00,N_103,N_109,eac1,-0.04638217686461102
2030,sc01,10-22 23:00:00+02:00,N_117,N_122,eac1,0.004619740432116437
2030,sc01,10-22 23:00:00+02:00,N_110,N_112,eac1,-0.08051268697294733
2030,sc01,10-22 23:00:00+02:00,N_106,N_110,eac1,-0.03758131185141575
2030,sc01,10-22 23:00:00+02:00,N_116,N_117,cac1,0.0
2030,sc01,10-22 23:00:00+02:00,N_115,N_121,eac1,-0.05358219498741565
2030,sc01,10-22 23:00:00+02:00,N_106,N_108,cac2,0.0
2030,sc01,10-22 23:00:00+02:00,N_109,N_111,cac3,0.0
2030,sc01,10-22 23:00:00+02:00,N_101,N_103,eac1,0.0030653012725057327
2030,sc01,10-22 23:00:00+02:00,N_116,N_119,eac1,-0.16716380876647596
2030,sc01,10-22 23:00:00+02:00,N_119,N_120,eac1,0.03172264606352393
2030,sc01,10-22 23:00:00+02:00,N_118,N_121,eac1,0.04896245455529924
2030,sc01,10-22 23:00:00+02:00,N_103,N_124,cac1,0.0
2030,sc01,10-22 23:00:00+02:00,N_117,N_118,cac3,0.0
2030,sc01,10-22 23:00:00+02:00,N_121,N_122,eac1,-0.004619740432116437
2030,sc01,10-22 23:00:00+02:00,N_115,N_116,cac1,0.0
2030,sc01,10-22 23:00:00+02:00,N_113,N_123,eac1,0.03720304747556788
2030,sc01,10-22 23:00:00+02:00,N_102,N_106,eac1,-0.0019538193014157212
2030,sc01,10-22 23:00:00+02:00,N_109,N_111,cac2,0.0
2030,sc01,10-22 23:00:00+02:00,N_120,N_123,eac1,-0.013587378126476035
2030,sc01,10-22 23:00:00+02:00,N_117,N_118,cac2,0.0
2030,sc01,10-22 23:00:00+02:00,N_116,N_117,cac3,0.0
2030,sc01,10-22 23:00:00+02:00,N_101,N_105,eac1,-0.01070991136633262
2030,sc01,10-22 23:00:00+02:00,N_102,N_104,eac1,-0.06472121614475737
2030,sc01,10-22 23:00:00+02:00,N_114,N_116,eac1,0.0008824383284072868
2030,sc01,10-22 23:00:00+02:00,N_107,N_108,eac1,-0.026707627250000004
2030,sc01,10-22 23:00:00+02:00,N_103,N_124,cac3,0.0
2030,sc01,10-22 23:00:00+02:00,N_109,N_112,eac1,-0.05863527787528078
2030,sc01,10-22 23:00:00+02:00,N_118,N_121,cac1,0.0
2030,sc01,10-22 23:00:00+02:00,N_109,N_111,eac1,-0.05212433468461097
2030,sc01,10-22 23:00:00+02:00,N_116,N_117,cac2,0.0
2030,sc01,10-22 23:00:00+02:00,N_115,N_116,cac3,0.0
2030,sc01,10-22 23:00:00+02:00,N_103,N_124,cac2,0.0
2030,sc01,10-22 23:00:00+02:00,N_101,N_102,eac1,-0.027897131076173087
2030,sc01,10-22 23:00:00+02:00,N_117,N_118,eac1,-0.032531285012700806
2030,sc01,10-22 23:00:00+02:00,N_108,N_110,eac1,-0.04056211709747662
2030,sc01,10-22 23:00:00+02:00,N_112,N_123,eac1,-0.023615669349091817
2030,sc01,10-22 23:00:00+02:00,N_111,N_113,eac1,-0.12700851679529584
2030,sc01,10-22 23:00:00+02:00,N_111,N_114,eac1,0.0008824383284072868
2030,sc01,10-22 23:00:00+02:00,N_106,N_108,cac1,0.0
2030,sc01,10-22 23:00:00+02:00,N_115,N_116,cac2,0.0
2030,sc01,10-22 23:00:00+02:00,N_108,N_109,eac1,-0.051679710212523405
2030,sc01,10-22 23:00:00+02:00,N_105,N_110,eac1,-0.024140263696332626
2030,sc01,10-22 23:00:00+02:00,N_116,N_117,eac1,-0.027911544580584313
2030,sc01,12-11 17:00:00+01:00,N_118,N_121,cac3,0.0
2030,sc01,12-11 17:00:00+01:00,N_104,N_109,eac1,0.04029178210310469
2030,sc01,12-11 17:00:00+01:00,N_103,N_124,eac1,-0.018337094458899916
2030,sc01,12-11 17:00:00+01:00,N_112,N_113,eac1,-0.07299454581383369
2030,sc01,12-11 17:00:00+01:00,N_109,N_111,cac1,0.0
2030,sc01,12-11 17:00:00+01:00,N_117,N_118,cac1,0.0
2030,sc01,12-11 17:00:00+01:00,N_110,N_111,eac1,-0.08978310414307322
2030,sc01,12-11 17:00:00+01:00,N_115,N_116,eac1,0.04927940317418267
2030,sc01,12-11 17:00:00+01:00,N_118,N_121,cac2,0.0
2030,sc01,12-11 17:00:00+01:00,N_115,N_124,eac1,0.018337094458899944
2030,sc01,12-11 17:00:00+01:00,N_106,N_108,cac3,0.0
2030,sc01,12-11 17:00:00+01:00,N_103,N_109,eac1,0.07256523811875484
2030,sc01,12-11 17:00:00+01:00,N_117,N_122,eac1,-0.16498369895071407
2030,sc01,12-11 17:00:00+01:00,N_110,N_112,eac1,-0.08727458338512362
2030,sc01,12-11 17:00:00+01:00,N_106,N_110,eac1,-0.053854164636280455
2030,sc01,12-11 17:00:00+01:00,N_116,N_117,cac1,0.0
2030,sc01,12-11 17:00:00+01:00,N_115,N_121,eac1,-0.17500000000000002
2030,sc01,12-11 17:00:00+01:00,N_106,N_108,cac2,0.0
2030,sc01,12-11 17:00:00+01:00,N_109,N_111,cac3,0.0
2030,sc01,12-11 17:00:00+01:00,N_101,N_103,eac1,-0.037989759740145096
2030,sc01,12-11 17:00:00+01:00,N_116,N_119,eac1,0.040989429343468387
2030,sc01,12-11 17:00:00+01:00,N_119,N_120,eac1,0.13644113624346832
2030,sc01,12-11 17:00:00+01:00,N_118,N_121,eac1,-0.0434125767222035
2030,sc01,12-11 17:00:00+01:00,N_103,N_124,cac1,0.0
2030,sc01,12-11 17:00:00+01:00,N_117,N_118,cac3,0.0
2030,sc01,12-11 17:00:00+01:00,N_121,N_122,eac1,-0.2184125767222035
2030,sc01,12-11 17:00:00+01:00,N_115,N_116,cac1,0.0
2030,sc01,12-11 17:00:00+01:00,N_113,N_123,eac1,0.010604369608298442
2030,sc01,12-11 17:00:00+01:00,N_102,N_106,eac1,0.059043200263719564
2030,sc01,12-11 17:00:00+01:00,N_109,N_111,cac2,0.0
2030,sc01,12-11 17:00:00+01:00,N_120,N_123,eac1,0.015868326143468336
2030,sc01,12-11 17:00:00+01:00,N_117,N_118,cac2,0.0
2030,sc01,12-11 17:00:00+01:00,N_116,N_117,cac3,0.0
2030,sc01,12-11 17:00:00+01:00,N_101,N_105,eac1,0.06888225486732086
2030,sc01,12-11 17:00:00+01:00,N_102,N_104,eac1,-0.0189385464768953
2030,sc01,12-11 17:00:00+01:00,N_114,N_116,eac1,-0.19378887270363176
2030,sc01,12-11 17:00:00+01:00,N_107,N_108,eac1,0.17500000000000002
2030,sc01,12-11 17:00:00+01:00,N_103,N_124,cac3,0.0
2030,sc01,12-11 17:00:00+01:00,N_109,N_112,eac1,-0.012192658180476879
2030,sc01,12-11 17:00:00+01:00,N_118,N_121,cac1,0.0
2030,sc01,12-11 17:00:00+01:00,N_109,N_111,eac1,-0.014701178938426429
2030,sc01,12-11 17:00:00+01:00,N_116,N_117,cac2,0.0
2030,sc01,12-11 17:00:00+01:00,N_115,N_116,cac3,0.0
2030,sc01,12-11 17:00:00+01:00,N_103,N_124,cac2,0.0
2030,sc01,12-11 17:00:00+01:00,N_101,N_102,eac1,-0.08395092708317575
2030,sc01,12-11 17:00:00+01:00,N_117,N_118,eac1,-0.10000174032220355
2030,sc01,12-11 17:00:00+01:00,N_108,N_110,eac1,0.04158885524076278
2030,sc01,12-11 17:00:00+01:00,N_112,N_123,eac1,-0.02647269575176675
2030,sc01,12-11 17:00:00+01:00,N_111,N_113,eac1,-0.0685730144778679
2030,sc01,12-11 17:00:00+01:00,N_111,N_114,eac1,-0.03591126860363175
2030,sc01,12-11 17:00:00+01:00,N_106,N_108,cac1,0.0
2030,sc01,12-11 17:00:00+01:00,N_115,N_116,cac2,0.0
2030,sc01,12-11 17:00:00+01:00,N_108,N_109,eac1,0.003433958059237241
2030,sc01,12-11 17:00:00+01:00,N_105,N_110,eac1,0.012351631567320859
2030,sc01,12-11 17:00:00+01:00,N_116,N_117,eac1,-0.26498543927291746
