Period,Scenario,LoadLevel,Unit,tCO2
2030,sc01,01-13 22:00:00+01:00,118_CC_1,0.0
2030,sc01,01-13 22:00:00+01:00,101_CT_2,0.0
2030,sc01,01-13 22:00:00+01:00,123_STEAM_3,0.0
2030,sc01,01-13 22:00:00+01:00,107_CC_1,3.9464636825645942
2030,sc01,01-13 22:00:00+01:00,102_CT_2,0.0
2030,sc01,01-13 22:00:00+01:00,102_STEAM_4,0.0
2030,sc01,01-13 22:00:00+01:00,113_CT_1,0.0
2030,sc01,01-13 22:00:00+01:00,101_STEAM_4,0.0
2030,sc01,01-13 22:00:00+01:00,115_STEAM_1,0.0
2030,sc01,01-13 22:00:00+01:00,123_CT_4,0.0
2030,sc01,01-13 22:00:00+01:00,121_NUCLEAR_1,0.0
2030,sc01,01-13 22:00:00+01:00,113_CT_3,0.0
2030,sc01,01-13 22:00:00+01:00,102_CT_1,0.0
2030,sc01,01-13 22:00:00+01:00,102_STEAM_3,0.0
2030,sc01,01-13 22:00:00+01:00,115_STEAM_3,0.0
2030,sc01,01-13 22:00:00+01:00,101_STEAM_3,0.0
2030,sc01,01-13 22:00:00+01:00,123_CT_5,0.0
2030,sc01,01-13 22:00:00+01:00,123_STEAM_2,0.0
2030,sc01,01-13 22:00:00+01:00,101_CT_1,0.0
2030,sc01,01-13 22:00:00+01:00,115_STEAM_2,0.0
2030,sc01,01-13 22:00:00+01:00,123_CT_1,0.0
2030,sc01,01-13 22:00:00+01:00,113_CT_4,0.0
2030,sc01,01-13 22:00:00+01:00,116_STEAM_1,0.0
2030,sc01,01-13 22:00:00+01:00,113_CT_2,0.0
2030,sc01,01-18 17:00:00+01:00,118_CC_1,55.75153259171283
2030,sc01,01-18 17:00:00+01:00,101_CT_2,0.0
2030,sc01,01-18 17:00:00+01:00,123_STEAM_3,53.78963526132464
2030,sc01,01-18 17:00:00+01:00,107_CC_1,56.25710216043055
2030,sc01,01-18 17:00:00+01:00,102_CT_2,0.0
2030,sc01,01-18 17:00:00+01:00,102_STEAM_4,26.684318797359996
2030,sc01,01-18 17:00:00+01:00,113_CT_1,0.0
2030,sc01,01-18 17:00:00+01:00,101_STEAM_4,26.684318797359996
2030,sc01,01-18 17:00:00+01:00,115_STEAM_1,0.0
2030,sc01,01-18 17:00:00+01:00,123_CT_4,0.0
2030,sc01,01-18 17:00:00+01:00,121_NUCLEAR_1,0.0
2030,sc01,01-18 17:00:00+01:00,113_CT_3,0.0
2030,sc01,01-18 17:00:00+01:00,102_CT_1,0.0
2030,sc01,01-18 17:00:00+01:00,102_STEAM_3,26.684318797359996
2030,sc01,01-18 17:00:00+01:00,115_STEAM_3,114.42524012111835
2030,sc01,01-18 17:00:00+01:00,101_STEAM_3,26.684318797359996
2030,sc01,01-18 17:00:00+01:00,123_CT_5,0.0
2030,sc01,01-18 17:00:00+01:00,123_STEAM_2,21.324525440640002
2030,sc01,01-18 17:00:00+01:00,101_CT_1,0.0
2030,sc01,01-18 17:00:00+01:00,115_STEAM_2,0.0
2030,sc01,01-18 17:00:00+01:00,123_CT_1,0.0
2030,sc01,01-18 17:00:00+01:00,113_CT_4,0.0
2030,sc01,01-18 17:00:00+01:00,116_STEAM_1,0.0
2030,sc01,01-18 17:00:00+01:00,113_CT_2,0.0
2030,sc01,01-29 01:00:00+01:00,118_CC_1,0.0
2030,sc01,01-29 01:00:00+01:00,101_CT_2,0.0
2030,sc01,01-29 01:00:00+01:00,123_STEAM_3,0.0
2030,sc01,01-29 01:00:00+01:00,107_CC_1,0.0
2030,sc01,01-29 01:00:00+01:00,102_CT_2,0.0
2030,sc01,01-29 01:00:00+01:00,102_STEAM_4,0.0
2030,sc01,01-29 01:00:00+01:00,113_CT_1,0.0
2030,sc01,01-29 01:00:00+01:00,101_STEAM_4,0.0
2030,sc01,01-29 01:00:00+01:00,115_STEAM_1,0.0
2030,sc01,01-29 01:00:00+01:00,123_CT_4,0.0
2030,sc01,01-29 01:00:00+01:00,121_NUCLEAR_1,0.0
2030,sc01,01-29 01:00:00+01:00,113_CT_3,0.0
2030,sc01,01-29 01:00:00+01:00,102_CT_1,0.0
2030,sc01,01-29 01:00:00+01:00,102_STEAM_3,0.0
2030,sc01,01-29 01:00:00+01:00,115_STEAM_3,0.0
2030,sc01,01-29 01:00:00+01:00,101_STEAM_3,0.0
2030,sc01,01-29 01:00:00+01:00,123_CT_5,0.0
2030,sc01,01-29 01:00:00+01:00,123_STEAM_2,0.0
2030,sc01,01-29 01:00:00+01:00,101_CT_1,0.0
2030,sc01,01-29 01:00:00+01:00,115_STEAM_2,0.0
2030,sc01,01-29 01:00:00+01:00,123_CT_1,0.0
2030,sc01,01-29 01:00:00+01:00,113_CT_4,0.0
2030,sc01,01-29 01:00:00+01:00,116_STEAM_1,0.0
2030,sc01,01-29 01:00:00+01:00,113_CT_2,0.0
2030,sc01,01-30 22:00:00+01:00,118_CC_1,0.0
2030,sc01,01-30 22:00:00+01:00,101_CT_2,0.0
2030,sc01,01-30 22:00:00+01:00,123_STEAM_3,0.0
2030,sc01,01-30 22:00:00+01:00,107_CC_1,1.1619850687667148
2030,sc01,01-30 22:00:00+01:00,102_CT_2,0.0
2030,sc01,01-30 22:00:00+01:00,102_STEAM_4,0.0
2030,sc01,01-30 22:00:00+01:00,113_CT_1,0.0
2030,sc01,01-30 22:00:00+01:00,101_STEAM_4,0.0
2030,sc01,01-30 22:00:00+01:00,115_STEAM_1,0.0
2030,sc01,01-30 22:00:00+01:00,123_CT_4,0.0
2030,sc01,01-30 22:00:00+01:00,121_NUCLEAR_1,0.0
2030,sc01,01-30 22:00:00+01:00,113_CT_3,0.0
2030,sc01,01-30 22:00:00+01:00,102_CT_1,0.0
2030,sc01,01-30 22:00:00+01:00,102_STEAM_3,0.0
2030,sc01,01-30 22:00:00+01:00,115_STEAM_3,0.0
2030,sc01,01-30 22:00:00+01:00,101_STEAM_3,0.0
2030,sc01,01-30 22:00:00+01:00,123_CT_5,0.0
2030,sc01,01-30 22:00:00+01:00,123_STEAM_2,0.0
2030,sc01,01-30 22:00:00+01:00,101_CT_1,0.0
2030,sc01,01-30 22:00:00+01:00,115_STEAM_2,0.0
2030,sc01,01-30 22:00:00+01:00,123_CT_1,0.0
2030,sc01,01-30 22:00:00+01:00,113_CT_4,0.0
2030,sc01,01-30 22:00:00+01:00,116_STEAM_1,0.0
2030,sc01,01-30 22:00:00+01:00,113_CT_2,0.0
2030,sc01,02-01 06:00:00+01:00,118_CC_1,0.0
2030,sc01,02-01 06:00:00+01:00,101_CT_2,0.0
2030,sc01,02-01 06:00:00+01:00,123_STEAM_3,0.0
2030,sc01,02-01 06:00:00+01:00,107_CC_1,0.0
2030,sc01,02-01 06:00:00+01:00,102_CT_2,0.0
2030,sc01,02-01 06:00:00+01:00,102_STEAM_4,0.0
2030,sc01,02-01 06:00:00+01:00,113_CT_1,0.0
2030,sc01,02-01 06:00:00+01:00,101_STEAM_4,0.0
2030,sc01,02-01 06:00:00+01:00,115_STEAM_1,0.0
2030,sc01,02-01 06:00:00+01:00,123_CT_4,0.0
2030,sc01,02-01 06:00:00+01:00,121_NUCLEAR_1,0.0
2030,sc01,02-01 06:00:00+01:00,113_CT_3,0.0
2030,sc01,02-01 06:00:00+01:00,102_CT_1,0.0
2030,sc01,02-01 06:00:00+01:00,102_STEAM_3,0.0
2030,sc01,02-01 06:00:00+01:00,115_STEAM_3,0.0
2030,sc01,02-01 06:00:00+01:00,101_STEAM_3,0.0
2030,sc01,02-01 06:00:00+01:00,123_CT_5,0.0
2030,sc01,02-01 06:00:00+01:00,123_STEAM_2,0.0
2030,sc01,02-01 06:00:00+01:00,101_CT_1,0.0
2030,sc01,02-01 06:00:00+01:00,115_STEAM_2,0.0
2030,sc01,02-01 06:00:00+01:00,123_CT_1,0.0
2030,sc01,02-01 06:00:00+01:00,113_CT_4,0.0
2030,sc01,02-01 06:00:00+01:00,116_STEAM_1,0.0
2030,sc01,02-01 06:00:00+01:00,113_CT_2,0.0
2030,sc01,02-09 06:00:00+01:00,118_CC_1,0.0
2030,sc01,02-09 06:00:00+01:00,101_CT_2,0.0
2030,sc01,02-09 06:00:00+01:00,123_STEAM_3,0.0
2030,sc01,02-09 06:00:00+01:00,107_CC_1,0.0
2030,sc01,02-09 06:00:00+01:00,102_CT_2,0.0
2030,sc01,02-09 06:00:00+01:00,102_STEAM_4,0.0
2030,sc01,02-09 06:00:00+01:00,113_CT_1,0.0
2030,sc01,02-09 06:00:00+01:00,101_STEAM_4,0.0
2030,sc01,02-09 06:00:00+01:00,115_STEAM_1,0.0
2030,sc01,02-09 06:00:00+01:00,123_CT_4,0.0
2030,sc01,02-09 06:00:00+01:00,121_NUCLEAR_1,0.0
2030,sc01,02-09 06:00:00+01:00,113_CT_3,0.0
2030,sc01,02-09 06:00:00+01:00,102_CT_1,0.0
2030,sc01,02-09 06:00:00+01:00,102_STEAM_3,0.0
2030,sc01,02-09 06:00:00+01:00,115_STEAM_3,0.0
2030,sc01,02-09 06:00:00+01:00,101_STEAM_3,0.0
2030,sc01,02-09 06:00:00+01:00,123_CT_5,0.0
2030,sc01,02-09 06:00:00+01:00,123_STEAM_2,0.0
2030,sc01,02-09 06:00:00+01:00,101_CT_1,0.0
2030,sc01,02-09 06:00:00+01:00,115_STEAM_2,0.0
2030,sc01,02-09 06:00:00+01:00,123_CT_1,0.0
2030,sc01,02-09 06:00:00+01:00,113_CT_4,0.0
2030,sc01,02-09 06:00:00+01:00,116_STEAM_1,0.0
2030,sc01,02-09 06:00:00+01:00,113_CT_2,0.0
2030,sc01,02-12 03:00:00+01:00,118_CC_1,0.0
2030,sc01,02-12 03:00:00+01:00,101_CT_2,0.0
2030,sc01,02-12 03:00:00+01:00,123_STEAM_3,0.0
2030,sc01,02-12 03:00:00+01:00,107_CC_1,0.0
2030,sc01,02-12 03:00:00+01:00,102_CT_2,0.0
2030,sc01,02-12 03:00:00+01:00,102_STEAM_4,0.0
2030,sc01,02-12 03:00:00+01:00,113_CT_1,0.0
2030,sc01,02-12 03:00:00+01:00,101_STEAM_4,0.0
2030,sc01,02-12 03:00:00+01:00,115_STEAM_1,0.0
2030,sc01,02-12 03:00:00+01:00,123_CT_4,0.0
2030,sc01,02-12 03:00:00+01:00,121_NUCLEAR_1,0.0
2030,sc01,02-12 03:00:00+01:00,113_CT_3,0.0
2030,sc01,02-12 03:00:00+01:00,102_CT_1,0.0
2030,sc01,02-12 03:00:00+01:00,102_STEAM_3,0.0
2030,sc01,02-12 03:00:00+01:00,115_STEAM_3,0.0
2030,sc01,02-12 03:00:00+01:00,101_STEAM_3,0.0
2030,sc01,02-12 03:00:00+01:00,123_CT_5,0.0
2030,sc01,02-12 03:00:00+01:00,123_STEAM_2,0.0
2030,sc01,02-12 03:00:00+01:00,101_CT_1,0.0
2030,sc01,02-12 03:00:00+01:00,115_STEAM_2,0.0
2030,sc01,02-12 03:00:00+01:00,123_CT_1,0.0
2030,sc01,02-12 03:00:00+01:00,113_CT_4,0.0
2030,sc01,02-12 03:00:00+01:00,116_STEAM_1,0.0
2030,sc01,02-12 03:00:00+01:00,113_CT_2,0.0
2030,sc01,02-13 05:00:00+01:00,118_CC_1,0.0
2030,sc01,02-13 05:00:00+01:00,101_CT_2,0.0
2030,sc01,02-13 05:00:00+01:00,123_STEAM_3,0.0
2030,sc01,02-13 05:00:00+01:00,107_CC_1,0.0
2030,sc01,02-13 05:00:00+01:00,102_CT_2,0.0
2030,sc01,02-13 05:00:00+01:00,102_STEAM_4,0.0
2030,sc01,02-13 05:00:00+01:00,113_CT_1,0.0
2030,sc01,02-13 05:00:00+01:00,101_STEAM_4,0.0
2030,sc01,02-13 05:00:00+01:00,115_STEAM_1,0.0
2030,sc01,02-13 05:00:00+01:00,123_CT_4,0.0
2030,sc01,02-13 05:00:00+01:00,121_NUCLEAR_1,0.0
2030,sc01,02-13 05:00:00+01:00,113_CT_3,0.0
2030,sc01,02-13 05:00:00+01:00,102_CT_1,0.0
2030,sc01,02-13 05:00:00+01:00,102_STEAM_3,0.0
2030,sc01,02-13 05:00:00+01:00,115_STEAM_3,0.0
2030,sc01,02-13 05:00:00+01:00,101_STEAM_3,0.0
2030,sc01,02-13 05:00:00+01:00,123_CT_5,0.0
2030,sc01,02-13 05:00:00+01:00,123_STEAM_2,0.0
2030,sc01,02-13 05:00:00+01:00,101_CT_1,0.0
2030,sc01,02-13 05:00:00+01:00,115_STEAM_2,0.0
2030,sc01,02-13 05:00:00+01:00,123_CT_1,0.0
2030,sc01,02-13 05:00:00+01:00,113_CT_4,0.0
2030,sc01,02-13 05:00:00+01:00,116_STEAM_1,0.0
2030,sc01,02-13 05:00:00+01:00,113_CT_2,0.0
2030,sc01,02-28 23:00:00+01:00,118_CC_1,0.0
2030,sc01,02-28 23:00:00+01:00,101_CT_2,0.0
2030,sc01,02-28 23:00:00+01:00,123_STEAM_3,0.0
2030,sc01,02-28 23:00:00+01:00,107_CC_1,0.0
2030,sc01,02-28 23:00:00+01:00,102_CT_2,0.0
2030,sc01,02-28 23:00:00+01:00,102_STEAM_4,0.0
2030,sc01,02-28 23:00:00+01:00,113_CT_1,0.0
2030,sc01,02-28 23:00:00+01:00,101_STEAM_4,0.0
2030,sc01,02-28 23:00:00+01:00,115_STEAM_1,0.0
2030,sc01,02-28 23:00:00+01:00,123_CT_4,0.0
2030,sc01,02-28 23:00:00+01:00,121_NUCLEAR_1,0.0
2030,sc01,02-28 23:00:00+01:00,113_CT_3,0.0
2030,sc01,02-28 23:00:00+01:00,102_CT_1,0.0
2030,sc01,02-28 23:00:00+01:00,102_STEAM_3,0.0
2030,sc01,02-28 23:00:00+01:00,115_STEAM_3,0.0
2030,sc01,02-28 23:00:00+01:00,101_STEAM_3,0.0
2030,sc01,02-28 23:00:00+01:00,123_CT_5,0.0
2030,sc01,02-28 23:00:00+01:00,123_STEAM_2,0.0
2030,sc01,02-28 23:00:00+01:00,101_CT_1,0.0
2030,sc01,02-28 23:00:00+01:00,115_STEAM_2,0.0
2030,sc01,02-28 23:00:00+01:00,123_CT_1,0.0
2030,sc01,02-28 23:00:00+01:00,113_CT_4,0.0
2030,sc01,02-28 23:00:00+01:00,116_STEAM_1,0.0
2030,sc01,02-28 23:00:00+01:00,113_CT_2,0.0
2030,sc01,03-10 00:00:00+01:00,118_CC_1,0.0
2030,sc01,03-10 00:00:00+01:00,101_CT_2,0.0
2030,sc01,03-10 00:00:00+01:00,123_STEAM_3,0.0
2030,sc01,03-10 00:00:00+01:00,107_CC_1,0.0
2030,sc01,03-10 00:00:00+01:00,102_CT_2,0.0
2030,sc01,03-10 00:00:00+01:00,102_STEAM_4,0.0
2030,sc01,03-10 00:00:00+01:00,113_CT_1,0.0
2030,sc01,03-10 00:00:00+01:00,101_STEAM_4,0.0
2030,sc01,03-10 00:00:00+01:00,115_STEAM_1,0.0
2030,sc01,03-10 00:00:00+01:00,123_CT_4,0.0
2030,sc01,03-10 00:00:00+01:00,121_NUCLEAR_1,0.0
2030,sc01,03-10 00:00:00+01:00,113_CT_3,0.0
2030,sc01,03-10 00:00:00+01:00,102_CT_1,0.0
2030,sc01,03-10 00:00:00+01:00,102_STEAM_3,0.0
2030,sc01,03-10 00:00:00+01:00,115_STEAM_3,0.0
2030,sc01,03-10 00:00:00+01:00,101_STEAM_3,0.0
2030,sc01,03-10 00:00:00+01:00,123_CT_5,0.0
2030,sc01,03-10 00:00:00+01:00,123_STEAM_2,0.0
2030,sc01,03-10 00:00:00+01:00,101_CT_1,0.0
2030,sc01,03-10 00:00:00+01:00,115_STEAM_2,0.0
2030,sc01,03-10 00:00:00+01:00,123_CT_1,0.0
2030,sc01,03-10 00:00:00+01:00,113_CT_4,0.0
2030,sc01,03-10 00:00:00+01:00,116_STEAM_1,0.0
2030,sc01,03-10 00:00:00+01:00,113_CT_2,0.0
2030,sc01,03-14 10:00:00+01:00,118_CC_1,0.0
2030,sc01,03-14 10:00:00+01:00,101_CT_2,0.0
2030,sc01,03-14 10:00:00+01:00,123_STEAM_3,0.0
2030,sc01,03-14 10:00:00+01:00,107_CC_1,51.06784828193474
2030,sc01,03-14 10:00:00+01:00,102_CT_2,0.0
2030,sc01,03-14 10:00:00+01:00,102_STEAM_4,0.0
2030,sc01,03-14 10:00:00+01:00,113_CT_1,0.0
2030,sc01,03-14 10:00:00+01:00,101_STEAM_4,0.0
2030,sc01,03-14 10:00:00+01:00,115_STEAM_1,0.0
2030,sc01,03-14 10:00:00+01:00,123_CT_4,0.0
2030,sc01,03-14 10:00:00+01:00,121_NUCLEAR_1,0.0
2030,sc01,03-14 10:00:00+01:00,113_CT_3,0.0
2030,sc01,03-14 10:00:00+01:00,102_CT_1,0.0
2030,sc01,03-14 10:00:00+01:00,102_STEAM_3,0.0
2030,sc01,03-14 10:00:00+01:00,115_STEAM_3,35.34043484792543
2030,sc01,03-14 10:00:00+01:00,101_STEAM_3,0.0
2030,sc01,03-14 10:00:00+01:00,123_CT_5,0.0
2030,sc01,03-14 10:00:00+01:00,123_STEAM_2,0.0
2030,sc01,03-14 10:00:00+01:00,101_CT_1,0.0
2030,sc01,03-14 10:00:00+01:00,115_STEAM_2,0.0
2030,sc01,03-14 10:00:00+01:00,123_CT_1,0.0
2030,sc01,03-14 10:00:00+01:00,113_CT_4,0.0
2030,sc01,03-14 10:00:00+01:00,116_STEAM_1,0.0
2030,sc01,03-14 10:00:00+01:00,113_CT_2,0.0
2030,sc01,03-16 23:00:00+01:00,118_CC_1,0.0
2030,sc01,03-16 23:00:00+01:00,101_CT_2,0.0
2030,sc01,03-16 23:00:00+01:00,123_STEAM_3,0.0
2030,sc01,03-16 23:00:00+01:00,107_CC_1,0.0
2030,sc01,03-16 23:00:00+01:00,102_CT_2,0.0
2030,sc01,03-16 23:00:00+01:00,102_STEAM_4,0.0
2030,sc01,03-16 23:00:00+01:00,113_CT_1,0.0
2030,sc01,03-16 23:00:00+01:00,101_STEAM_4,0.0
2030,sc01,03-16 23:00:00+01:00,115_STEAM_1,0.0
2030,sc01,03-16 23:00:00+01:00,123_CT_4,0.0
2030,sc01,03-16 23:00:00+01:00,121_NUCLEAR_1,0.0
2030,sc01,03-16 23:00:00+01:00,113_CT_3,0.0
2030,sc01,03-16 23:00:00+01:00,102_CT_1,0.0
2030,sc01,03-16 23:00:00+01:00,102_STEAM_3,0.0
2030,sc01,03-16 23:00:00+01:00,115_STEAM_3,0.0
2030,sc01,03-16 23:00:00+01:00,101_STEAM_3,0.0
2030,sc01,03-16 23:00:00+01:00,123_CT_5,0.0
2030,sc01,03-16 23:00:00+01:00,123_STEAM_2,0.0
2030,sc01,03-16 23:00:00+01:00,101_CT_1,0.0
2030,sc01,03-16 23:00:00+01:00,115_STEAM_2,0.0
2030,sc01,03-16 23:00:00+01:00,123_CT_1,0.0
2030,sc01,03-16 23:00:00+01:00,113_CT_4,0.0
2030,sc01,03-16 23:00:00+01:00,116_STEAM_1,0.0
2030,sc01,03-16 23:00:00+01:00,113_CT_2,0.0
2030,sc01,03-20 03:00:00+01:00,118_CC_1,0.0
2030,sc01,03-20 03:00:00+01:00,101_CT_2,0.0
2030,sc01,03-20 03:00:00+01:00,123_STEAM_3,0.0
2030,sc01,03-20 03:00:00+01:00,107_CC_1,0.0
2030,sc01,03-20 03:00:00+01:00,102_CT_2,0.0
2030,sc01,03-20 03:00:00+01:00,102_STEAM_4,0.0
2030,sc01,03-20 03:00:00+01:00,113_CT_1,0.0
2030,sc01,03-20 03:00:00+01:00,101_STEAM_4,0.0
2030,sc01,03-20 03:00:00+01:00,115_STEAM_1,0.0
2030,sc01,03-20 03:00:00+01:00,123_CT_4,0.0
2030,sc01,03-20 03:00:00+01:00,121_NUCLEAR_1,0.0
2030,sc01,03-20 03:00:00+01:00,113_CT_3,0.0
2030,sc01,03-20 03:00:00+01:00,102_CT_1,0.0
2030,sc01,03-20 03:00:00+01:00,102_STEAM_3,0.0
2030,sc01,03-20 03:00:00+01:00,115_STEAM_3,0.0
2030,sc01,03-20 03:00:00+01:00,101_STEAM_3,0.0
2030,sc01,03-20 03:00:00+01:00,123_CT_5,0.0
2030,sc01,03-20 03:00:00+01:00,123_STEAM_2,0.0
2030,sc01,03-20 03:00:00+01:00,101_CT_1,0.0
2030,sc01,03-20 03:00:00+01:00,115_STEAM_2,0.0
2030,sc01,03-20 03:00:00+01:00,123_CT_1,0.0
2030,sc01,03-20 03:00:00+01:00,113_CT_4,0.0
2030,sc01,03-20 03:00:00+01:00,116_STEAM_1,0.0
2030,sc01,03-20 03:00:00+01:00,113_CT_2,0.0
2030,sc01,04-08 08:00:00+02:00,118_CC_1,0.0
2030,sc01,04-08 08:00:00+02:00,101_CT_2,0.0
2030,sc01,04-08 08:00:00+02:00,123_STEAM_3,0.0
2030,sc01,04-08 08:00:00+02:00,107_CC_1,39.782365024847046
2030,sc01,04-08 08:00:00+02:00,102_CT_2,0.0
2030,sc01,04-08 08:00:00+02:00,102_STEAM_4,0.0
2030,sc01,04-08 08:00:00+02:00,113_CT_1,0.0
2030,sc01,04-08 08:00:00+02:00,101_STEAM_4,0.0
2030,sc01,04-08 08:00:00+02:00,115_STEAM_1,0.0
2030,sc01,04-08 08:00:00+02:00,123_CT_4,0.0
2030,sc01,04-08 08:00:00+02:00,121_NUCLEAR_1,0.0
2030,sc01,04-08 08:00:00+02:00,113_CT_3,0.0
2030,sc01,04-08 08:00:00+02:00,102_CT_1,0.0
2030,sc01,04-08 08:00:00+02:00,102_STEAM_3,0.0
2030,sc01,04-08 08:00:00+02:00,115_STEAM_3,72.437235179389
2030,sc01,04-08 08:00:00+02:00,101_STEAM_3,0.0
2030,sc01,04-08 08:00:00+02:00,123_CT_5,0.0
2030,sc01,04-08 08:00:00+02:00,123_STEAM_2,0.0
2030,sc01,04-08 08:00:00+02:00,101_CT_1,0.0
2030,sc01,04-08 08:00:00+02:00,115_STEAM_2,0.0
2030,sc01,04-08 08:00:00+02:00,123_CT_1,0.0
2030,sc01,04-08 08:00:00+02:00,113_CT_4,0.0
2030,sc01,04-08 08:00:00+02:00,116_STEAM_1,0.0
2030,sc01,04-08 08:00:00+02:00,113_CT_2,0.0
2030,sc01,04-15 23:00:00+02:00,118_CC_1,0.0
2030,sc01,04-15 23:00:00+02:00,101_CT_2,0.0
2030,sc01,04-15 23:00:00+02:00,123_STEAM_3,0.0
2030,sc01,04-15 23:00:00+02:00,107_CC_1,0.0
2030,sc01,04-15 23:00:00+02:00,102_CT_2,0.0
2030,sc01,04-15 23:00:00+02:00,102_STEAM_4,0.0
2030,sc01,04-15 23:00:00+02:00,113_CT_1,0.0
2030,sc01,04-15 23:00:00+02:00,101_STEAM_4,0.0
2030,sc01,04-15 23:00:00+02:00,115_STEAM_1,0.0
2030,sc01,04-15 23:00:00+02:00,123_CT_4,0.0
2030,sc01,04-15 23:00:00+02:00,121_NUCLEAR_1,0.0
2030,sc01,04-15 23:00:00+02:00,113_CT_3,0.0
2030,sc01,04-15 23:00:00+02:00,102_CT_1,0.0
2030,sc01,04-15 23:00:00+02:00,102_STEAM_3,0.0
2030,sc01,04-15 23:00:00+02:00,115_STEAM_3,0.0
2030,sc01,04-15 23:00:00+02:00,101_STEAM_3,0.0
2030,sc01,04-15 23:00:00+02:00,123_CT_5,0.0
2030,sc01,04-15 23:00:00+02:00,123_STEAM_2,0.0
2030,sc01,04-15 23:00:00+02:00,101_CT_1,0.0
2030,sc01,04-15 23:00:00+02:00,115_STEAM_2,0.0
2030,sc01,04-15 23:00:00+02:00,123_CT_1,0.0
2030,sc01,04-15 23:00:00+02:00,113_CT_4,0.0
2030,sc01,04-15 23:00:00+02:00,116_STEAM_1,0.0
2030,sc01,04-15 23:00:00+02:00,113_CT_2,0.0
2030,sc01,04-17 22:00:00+02:00,118_CC_1,0.0
2030,sc01,04-17 22:00:00+02:00,101_CT_2,0.0
2030,sc01,04-17 22:00:00+02:00,123_STEAM_3,0.0
2030,sc01,04-17 22:00:00+02:00,107_CC_1,0.0
2030,sc01,04-17 22:00:00+02:00,102_CT_2,0.0
2030,sc01,04-17 22:00:00+02:00,102_STEAM_4,0.0
2030,sc01,04-17 22:00:00+02:00,113_CT_1,0.0
2030,sc01,04-17 22:00:00+02:00,101_STEAM_4,0.0
2030,sc01,04-17 22:00:00+02:00,115_STEAM_1,0.0
2030,sc01,04-17 22:00:00+02:00,123_CT_4,0.0
2030,sc01,04-17 22:00:00+02:00,121_NUCLEAR_1,0.0
2030,sc01,04-17 22:00:00+02:00,113_CT_3,0.0
2030,sc01,04-17 22:00:00+02:00,102_CT_1,0.0
2030,sc01,04-17 22:00:00+02:00,102_STEAM_3,0.0
2030,sc01,04-17 22:00:00+02:00,115_STEAM_3,0.0
2030,sc01,04-17 22:00:00+02:00,101_STEAM_3,0.0
2030,sc01,04-17 22:00:00+02:00,123_CT_5,0.0
2030,sc01,04-17 22:00:00+02:00,123_STEAM_2,0.0
2030,sc01,04-17 22:00:00+02:00,101_CT_1,0.0
2030,sc01,04-17 22:00:00+02:00,115_STEAM_2,0.0
2030,sc01,04-17 22:00:00+02:00,123_CT_1,0.0
2030,sc01,04-17 22:00:00+02:00,113_CT_4,0.0
2030,sc01,04-17 22:00:00+02:00,116_STEAM_1,0.0
2030,sc01,04-17 22:00:00+02:00,113_CT_2,0.0
2030,sc01,04-25 16:00:00+02:00,118_CC_1,0.0
2030,sc01,04-25 16:00:00+02:00,101_CT_2,0.0
2030,sc01,04-25 16:00:00+02:00,123_STEAM_3,0.0
2030,sc01,04-25 16:00:00+02:00,107_CC_1,31.93195049966452
2030,sc01,04-25 16:00:00+02:00,102_CT_2,0.0
2030,sc01,04-25 16:00:00+02:00,102_STEAM_4,0.0
2030,sc01,04-25 16:00:00+02:00,113_CT_1,0.0
2030,sc01,04-25 16:00:00+02:00,101_STEAM_4,0.0
2030,sc01,04-25 16:00:00+02:00,115_STEAM_1,0.0
2030,sc01,04-25 16:00:00+02:00,123_CT_4,0.0
2030,sc01,04-25 16:00:00+02:00,121_NUCLEAR_1,0.0
2030,sc01,04-25 16:00:00+02:00,113_CT_3,0.0
2030,sc01,04-25 16:00:00+02:00,102_CT_1,0.0
2030,sc01,04-25 16:00:00+02:00,102_STEAM_3,0.0
2030,sc01,04-25 16:00:00+02:00,115_STEAM_3,0.0
2030,sc01,04-25 16:00:00+02:00,101_STEAM_3,0.0
2030,sc01,04-25 16:00:00+02:00,123_CT_5,0.0
2030,sc01,04-25 16:00:00+02:00,123_STEAM_2,0.0
2030,sc01,04-25 16:00:00+02:00,101_CT_1,0.0
2030,sc01,04-25 16:00:00+02:00,115_STEAM_2,0.0
2030,sc01,04-25 16:00:00+02:00,123_CT_1,0.0
2030,sc01,04-25 16:00:00+02:00,113_CT_4,0.0
2030,sc01,04-25 16:00:00+02:00,116_STEAM_1,0.0
2030,sc01,04-25 16:00:00+02:00,113_CT_2,0.0
2030,sc01,04-27 01:00:00+02:00,118_CC_1,0.0
2030,sc01,04-27 01:00:00+02:00,101_CT_2,0.0
2030,sc01,04-27 01:00:00+02:00,123_STEAM_3,0.0
2030,sc01,04-27 01:00:00+02:00,107_CC_1,0.0
2030,sc01,04-27 01:00:00+02:00,102_CT_2,0.0
2030,sc01,04-27 01:00:00+02:00,102_STEAM_4,0.0
2030,sc01,04-27 01:00:00+02:00,113_CT_1,0.0
2030,sc01,04-27 01:00:00+02:00,101_STEAM_4,0.0
2030,sc01,04-27 01:00:00+02:00,115_STEAM_1,0.0
2030,sc01,04-27 01:00:00+02:00,123_CT_4,0.0
2030,sc01,04-27 01:00:00+02:00,121_NUCLEAR_1,0.0
2030,sc01,04-27 01:00:00+02:00,113_CT_3,0.0
2030,sc01,04-27 01:00:00+02:00,102_CT_1,0.0
2030,sc01,04-27 01:00:00+02:00,102_STEAM_3,0.0
2030,sc01,04-27 01:00:00+02:00,115_STEAM_3,0.0
2030,sc01,04-27 01:00:00+02:00,101_STEAM_3,0.0
2030,sc01,04-27 01:00:00+02:00,123_CT_5,0.0
2030,sc01,04-27 01:00:00+02:00,123_STEAM_2,0.0
2030,sc01,04-27 01:00:00+02:00,101_CT_1,0.0
2030,sc01,04-27 01:00:00+02:00,115_STEAM_2,0.0
2030,sc01,04-27 01:00:00+02:00,123_CT_1,0.0
2030,sc01,04-27 01:00:00+02:00,113_CT_4,0.0
2030,sc01,04-27 01:00:00+02:00,116_STEAM_1,0.0
2030,sc01,04-27 01:00:00+02:00,113_CT_2,0.0
2030,sc01,05-03 19:00:00+02:00,118_CC_1,0.0
2030,sc01,05-03 19:00:00+02:00,101_CT_2,0.0
2030,sc01,05-03 19:00:00+02:00,123_STEAM_3,0.0
2030,sc01,05-03 19:00:00+02:00,107_CC_1,42.021091850642314
2030,sc01,05-03 19:00:00+02:00,102_CT_2,0.0
2030,sc01,05-03 19:00:00+02:00,102_STEAM_4,0.0
2030,sc01,05-03 19:00:00+02:00,113_CT_1,0.0
2030,sc01,05-03 19:00:00+02:00,101_STEAM_4,0.0
2030,sc01,05-03 19:00:00+02:00,115_STEAM_1,0.0
2030,sc01,05-03 19:00:00+02:00,123_CT_4,0.0
2030,sc01,05-03 19:00:00+02:00,121_NUCLEAR_1,0.0
2030,sc01,05-03 19:00:00+02:00,113_CT_3,0.0
2030,sc01,05-03 19:00:00+02:00,102_CT_1,0.0
2030,sc01,05-03 19:00:00+02:00,102_STEAM_3,0.0
2030,sc01,05-03 19:00:00+02:00,115_STEAM_3,32.30559677342844
2030,sc01,05-03 19:00:00+02:00,101_STEAM_3,0.0
2030,sc01,05-03 19:00:00+02:00,123_CT_5,0.0
2030,sc01,05-03 19:00:00+02:00,123_STEAM_2,0.0
2030,sc01,05-03 19:00:00+02:00,101_CT_1,0.0
2030,sc01,05-03 19:00:00+02:00,115_STEAM_2,0.0
2030,sc01,05-03 19:00:00+02:00,123_CT_1,0.0
2030,sc01,05-03 19:00:00+02:00,113_CT_4,0.0
2030,sc01,05-03 19:00:00+02:00,116_STEAM_1,0.0
2030,sc01,05-03 19:00:00+02:00,113_CT_2,0.0
2030,sc01,05-09 05:00:00+02:00,118_CC_1,0.0
2030,sc01,05-09 05:00:00+02:00,101_CT_2,0.0
2030,sc01,05-09 05:00:00+02:00,123_STEAM_3,0.0
2030,sc01,05-09 05:00:00+02:00,107_CC_1,29.722086461794962
2030,sc01,05-09 05:00:00+02:00,102_CT_2,0.0
2030,sc01,05-09 05:00:00+02:00,102_STEAM_4,0.0
2030,sc01,05-09 05:00:00+02:00,113_CT_1,0.0
2030,sc01,05-09 05:00:00+02:00,101_STEAM_4,0.0
2030,sc01,05-09 05:00:00+02:00,115_STEAM_1,0.0
2030,sc01,05-09 05:00:00+02:00,123_CT_4,0.0
2030,sc01,05-09 05:00:00+02:00,121_NUCLEAR_1,0.0
2030,sc01,05-09 05:00:00+02:00,113_CT_3,0.0
2030,sc01,05-09 05:00:00+02:00,102_CT_1,0.0
2030,sc01,05-09 05:00:00+02:00,102_STEAM_3,0.0
2030,sc01,05-09 05:00:00+02:00,115_STEAM_3,47.214987167960864
2030,sc01,05-09 05:00:00+02:00,101_STEAM_3,0.0
2030,sc01,05-09 05:00:00+02:00,123_CT_5,0.0
2030,sc01,05-09 05:00:00+02:00,123_STEAM_2,0.0
2030,sc01,05-09 05:00:00+02:00,101_CT_1,0.0
2030,sc01,05-09 05:00:00+02:00,115_STEAM_2,0.0
2030,sc01,05-09 05:00:00+02:00,123_CT_1,0.0
2030,sc01,05-09 05:00:00+02:00,113_CT_4,0.0
2030,sc01,05-09 05:00:00+02:00,116_STEAM_1,0.0
2030,sc01,05-09 05:00:00+02:00,113_CT_2,0.0
2030,sc01,05-10 03:00:00+02:00,118_CC_1,0.0
2030,sc01,05-10 03:00:00+02:00,101_CT_2,0.0
2030,sc01,05-10 03:00:00+02:00,123_STEAM_3,0.0
2030,sc01,05-10 03:00:00+02:00,107_CC_1,0.0
2030,sc01,05-10 03:00:00+02:00,102_CT_2,0.0
2030,sc01,05-10 03:00:00+02:00,102_STEAM_4,0.0
2030,sc01,05-10 03:00:00+02:00,113_CT_1,0.0
2030,sc01,05-10 03:00:00+02:00,101_STEAM_4,0.0
2030,sc01,05-10 03:00:00+02:00,115_STEAM_1,0.0
2030,sc01,05-10 03:00:00+02:00,123_CT_4,0.0
2030,sc01,05-10 03:00:00+02:00,121_NUCLEAR_1,0.0
2030,sc01,05-10 03:00:00+02:00,113_CT_3,0.0
2030,sc01,05-10 03:00:00+02:00,102_CT_1,0.0
2030,sc01,05-10 03:00:00+02:00,102_STEAM_3,0.0
2030,sc01,05-10 03:00:00+02:00,115_STEAM_3,0.0
2030,sc01,05-10 03:00:00+02:00,101_STEAM_3,0.0
2030,sc01,05-10 03:00:00+02:00,123_CT_5,0.0
2030,sc01,05-10 03:00:00+02:00,123_STEAM_2,0.0
2030,sc01,05-10 03:00:00+02:00,101_CT_1,0.0
2030,sc01,05-10 03:00:00+02:00,115_STEAM_2,0.0
2030,sc01,05-10 03:00:00+02:00,123_CT_1,0.0
2030,sc01,05-10 03:00:00+02:00,113_CT_4,0.0
2030,sc01,05-10 03:00:00+02:00,116_STEAM_1,0.0
2030,sc01,05-10 03:00:00+02:00,113_CT_2,0.0
2030,sc01,05-12 07:00:00+02:00,118_CC_1,0.0
2030,sc01,05-12 07:00:00+02:00,101_CT_2,0.0
2030,sc01,05-12 07:00:00+02:00,123_STEAM_3,0.0
2030,sc01,05-12 07:00:00+02:00,107_CC_1,0.0
2030,sc01,05-12 07:00:00+02:00,102_CT_2,0.0
2030,sc01,05-12 07:00:00+02:00,102_STEAM_4,0.0
2030,sc01,05-12 07:00:00+02:00,113_CT_1,0.0
2030,sc01,05-12 07:00:00+02:00,101_STEAM_4,0.0
2030,sc01,05-12 07:00:00+02:00,115_STEAM_1,0.0
2030,sc01,05-12 07:00:00+02:00,123_CT_4,0.0
2030,sc01,05-12 07:00:00+02:00,121_NUCLEAR_1,0.0
2030,sc01,05-12 07:00:00+02:00,113_CT_3,0.0
2030,sc01,05-12 07:00:00+02:00,102_CT_1,0.0
2030,sc01,05-12 07:00:00+02:00,102_STEAM_3,0.0
2030,sc01,05-12 07:00:00+02:00,115_STEAM_3,0.0
2030,sc01,05-12 07:00:00+02:00,101_STEAM_3,0.0
2030,sc01,05-12 07:00:00+02:00,123_CT_5,0.0
2030,sc01,05-12 07:00:00+02:00,123_STEAM_2,0.0
2030,sc01,05-12 07:00:00+02:00,101_CT_1,0.0
2030,sc01,05-12 07:00:00+02:00,115_STEAM_2,0.0
2030,sc01,05-12 07:00:00+02:00,123_CT_1,0.0
2030,sc01,05-12 07:00:00+02:00,113_CT_4,0.0
2030,sc01,05-12 07:00:00+02:00,116_STEAM_1,0.0
2030,sc01,05-12 07:00:00+02:00,113_CT_2,0.0
2030,sc01,05-22 01:00:00+02:00,118_CC_1,0.0
2030,sc01,05-22 01:00:00+02:00,101_CT_2,0.0
2030,sc01,05-22 01:00:00+02:00,123_STEAM_3,0.0
2030,sc01,05-22 01:00:00+02:00,107_CC_1,0.0
2030,sc01,05-22 01:00:00+02:00,102_CT_2,0.0
2030,sc01,05-22 01:00:00+02:00,102_STEAM_4,0.0
2030,sc01,05-22 01:00:00+02:00,113_CT_1,0.0
2030,sc01,05-22 01:00:00+02:00,101_STEAM_4,0.0
2030,sc01,05-22 01:00:00+02:00,115_STEAM_1,0.0
2030,sc01,05-22 01:00:00+02:00,123_CT_4,0.0
2030,sc01,05-22 01:00:00+02:00,121_NUCLEAR_1,0.0
2030,sc01,05-22 01:00:00+02:00,113_CT_3,0.0
2030,sc01,05-22 01:00:00+02:00,102_CT_1,0.0
2030,sc01,05-22 01:00:00+02:00,102_STEAM_3,0.0
2030,sc01,05-22 01:00:00+02:00,115_STEAM_3,0.0
2030,sc01,05-22 01:00:00+02:00,101_STEAM_3,0.0
2030,sc01,05-22 01:00:00+02:00,123_CT_5,0.0
2030,sc01,05-22 01:00:00+02:00,123_STEAM_2,0.0
2030,sc01,05-22 01:00:00+02:00,101_CT_1,0.0
2030,sc01,05-22 01:00:00+02:00,115_STEAM_2,0.0
2030,sc01,05-22 01:00:00+02:00,123_CT_1,0.0
2030,sc01,05-22 01:00:00+02:00,113_CT_4,0.0
2030,sc01,05-22 01:00:00+02:00,116_STEAM_1,0.0
2030,sc01,05-22 01:00:00+02:00,113_CT_2,0.0
2030,sc01,05-27 20:00:00+02:00,118_CC_1,0.0
2030,sc01,05-27 20:00:00+02:00,101_CT_2,0.0
2030,sc01,05-27 20:00:00+02:00,123_STEAM_3,0.0
2030,sc01,05-27 20:00:00+02:00,107_CC_1,42.4159058835649
2030,sc01,05-27 20:00:00+02:00,102_CT_2,0.0
2030,sc01,05-27 20:00:00+02:00,102_STEAM_4,0.0
2030,sc01,05-27 20:00:00+02:00,113_CT_1,0.0
2030,sc01,05-27 20:00:00+02:00,101_STEAM_4,0.0
2030,sc01,05-27 20:00:00+02:00,115_STEAM_1,0.0
2030,sc01,05-27 20:00:00+02:00,123_CT_4,0.0
2030,sc01,05-27 20:00:00+02:00,121_NUCLEAR_1,0.0
2030,sc01,05-27 20:00:00+02:00,113_CT_3,0.0
2030,sc01,05-27 20:00:00+02:00,102_CT_1,0.0
2030,sc01,05-27 20:00:00+02:00,102_STEAM_3,0.0
2030,sc01,05-27 20:00:00+02:00,115_STEAM_3,36.54929754492849
2030,sc01,05-27 20:00:00+02:00,101_STEAM_3,0.0
2030,sc01,05-27 20:00:00+02:00,123_CT_5,0.0
2030,sc01,05-27 20:00:00+02:00,123_STEAM_2,0.0
2030,sc01,05-27 20:00:00+02:00,101_CT_1,0.0
2030,sc01,05-27 20:00:00+02:00,115_STEAM_2,0.0
2030,sc01,05-27 20:00:00+02:00,123_CT_1,0.0
2030,sc01,05-27 20:00:00+02:00,113_CT_4,0.0
2030,sc01,05-27 20:00:00+02:00,116_STEAM_1,0.0
2030,sc01,05-27 20:00:00+02:00,113_CT_2,0.0
2030,sc01,06-05 05:00:00+02:00,118_CC_1,0.0
2030,sc01,06-05 05:00:00+02:00,101_CT_2,0.0
2030,sc01,06-05 05:00:00+02:00,123_STEAM_3,0.0
2030,sc01,06-05 05:00:00+02:00,107_CC_1,23.143334192211633
2030,sc01,06-05 05:00:00+02:00,102_CT_2,0.0
2030,sc01,06-05 05:00:00+02:00,102_STEAM_4,0.0
2030,sc01,06-05 05:00:00+02:00,113_CT_1,0.0
2030,sc01,06-05 05:00:00+02:00,101_STEAM_4,0.0
2030,sc01,06-05 05:00:00+02:00,115_STEAM_1,0.0
2030,sc01,06-05 05:00:00+02:00,123_CT_4,0.0
2030,sc01,06-05 05:00:00+02:00,121_NUCLEAR_1,0.0
2030,sc01,06-05 05:00:00+02:00,113_CT_3,0.0
2030,sc01,06-05 05:00:00+02:00,102_CT_1,0.0
2030,sc01,06-05 05:00:00+02:00,102_STEAM_3,0.0
2030,sc01,06-05 05:00:00+02:00,115_STEAM_3,9.707313004225671
2030,sc01,06-05 05:00:00+02:00,101_STEAM_3,0.0
2030,sc01,06-05 05:00:00+02:00,123_CT_5,0.0
2030,sc01,06-05 05:00:00+02:00,123_STEAM_2,0.0
2030,sc01,06-05 05:00:00+02:00,101_CT_1,0.0
2030,sc01,06-05 05:00:00+02:00,115_STEAM_2,0.0
2030,sc01,06-05 05:00:00+02:00,123_CT_1,0.0
2030,sc01,06-05 05:00:00+02:00,113_CT_4,0.0
2030,sc01,06-05 05:00:00+02:00,116_STEAM_1,0.0
2030,sc01,06-05 05:00:00+02:00,113_CT_2,0.0
2030,sc01,06-10 23:00:00+02:00,118_CC_1,0.0
2030,sc01,06-10 23:00:00+02:00,101_CT_2,0.0
2030,sc01,06-10 23:00:00+02:00,123_STEAM_3,0.0
2030,sc01,06-10 23:00:00+02:00,107_CC_1,0.0
2030,sc01,06-10 23:00:00+02:00,102_CT_2,0.0
2030,sc01,06-10 23:00:00+02:00,102_STEAM_4,0.0
2030,sc01,06-10 23:00:00+02:00,113_CT_1,0.0
2030,sc01,06-10 23:00:00+02:00,101_STEAM_4,0.0
2030,sc01,06-10 23:00:00+02:00,115_STEAM_1,0.0
2030,sc01,06-10 23:00:00+02:00,123_CT_4,0.0
2030,sc01,06-10 23:00:00+02:00,121_NUCLEAR_1,0.0
2030,sc01,06-10 23:00:00+02:00,113_CT_3,0.0
2030,sc01,06-10 23:00:00+02:00,102_CT_1,0.0
2030,sc01,06-10 23:00:00+02:00,102_STEAM_3,0.0
2030,sc01,06-10 23:00:00+02:00,115_STEAM_3,0.0
2030,sc01,06-10 23:00:00+02:00,101_STEAM_3,0.0
2030,sc01,06-10 23:00:00+02:00,123_CT_5,0.0
2030,sc01,06-10 23:00:00+02:00,123_STEAM_2,0.0
2030,sc01,06-10 23:00:00+02:00,101_CT_1,0.0
2030,sc01,06-10 23:00:00+02:00,115_STEAM_2,0.0
2030,sc01,06-10 23:00:00+02:00,123_CT_1,0.0
2030,sc01,06-10 23:00:00+02:00,113_CT_4,0.0
2030,sc01,06-10 23:00:00+02:00,116_STEAM_1,0.0
2030,sc01,06-10 23:00:00+02:00,113_CT_2,0.0
2030,sc01,06-16 11:00:00+02:00,118_CC_1,0.0
2030,sc01,06-16 11:00:00+02:00,101_CT_2,0.0
2030,sc01,06-16 11:00:00+02:00,123_STEAM_3,0.0
2030,sc01,06-16 11:00:00+02:00,107_CC_1,0.0
2030,sc01,06-16 11:00:00+02:00,102_CT_2,0.0
2030,sc01,06-16 11:00:00+02:00,102_STEAM_4,0.0
2030,sc01,06-16 11:00:00+02:00,113_CT_1,0.0
2030,sc01,06-16 11:00:00+02:00,101_STEAM_4,0.0
2030,sc01,06-16 11:00:00+02:00,115_STEAM_1,0.0
2030,sc01,06-16 11:00:00+02:00,123_CT_4,0.0
2030,sc01,06-16 11:00:00+02:00,121_NUCLEAR_1,0.0
2030,sc01,06-16 11:00:00+02:00,113_CT_3,0.0
2030,sc01,06-16 11:00:00+02:00,102_CT_1,0.0
2030,sc01,06-16 11:00:00+02:00,102_STEAM_3,0.0
2030,sc01,06-16 11:00:00+02:00,115_STEAM_3,0.0
2030,sc01,06-16 11:00:00+02:00,101_STEAM_3,0.0
2030,sc01,06-16 11:00:00+02:00,123_CT_5,0.0
2030,sc01,06-16 11:00:00+02:00,123_STEAM_2,0.0
2030,sc01,06-16 11:00:00+02:00,101_CT_1,0.0
2030,sc01,06-16 11:00:00+02:00,115_STEAM_2,0.0
2030,sc01,06-16 11:00:00+02:00,123_CT_1,0.0
2030,sc01,06-16 11:00:00+02:00,113_CT_4,0.0
2030,sc01,06-16 11:00:00+02:00,116_STEAM_1,0.0
2030,sc01,06-16 11:00:00+02:00,113_CT_2,0.0
2030,sc01,06-17 02:00:00+02:00,118_CC_1,0.0
2030,sc01,06-17 02:00:00+02:00,101_CT_2,0.0
2030,sc01,06-17 02:00:00+02:00,123_STEAM_3,0.0
2030,sc01,06-17 02:00:00+02:00,107_CC_1,0.0
2030,sc01,06-17 02:00:00+02:00,102_CT_2,0.0
2030,sc01,06-17 02:00:00+02:00,102_STEAM_4,0.0
2030,sc01,06-17 02:00:00+02:00,113_CT_1,0.0
2030,sc01,06-17 02:00:00+02:00,101_STEAM_4,0.0
2030,sc01,06-17 02:00:00+02:00,115_STEAM_1,0.0
2030,sc01,06-17 02:00:00+02:00,123_CT_4,0.0
2030,sc01,06-17 02:00:00+02:00,121_NUCLEAR_1,0.0
2030,sc01,06-17 02:00:00+02:00,113_CT_3,0.0
2030,sc01,06-17 02:00:00+02:00,102_CT_1,0.0
2030,sc01,06-17 02:00:00+02:00,102_STEAM_3,0.0
2030,sc01,06-17 02:00:00+02:00,115_STEAM_3,0.0
2030,sc01,06-17 02:00:00+02:00,101_STEAM_3,0.0
2030,sc01,06-17 02:00:00+02:00,123_CT_5,0.0
2030,sc01,06-17 02:00:00+02:00,123_STEAM_2,0.0
2030,sc01,06-17 02:00:00+02:00,101_CT_1,0.0
2030,sc01,06-17 02:00:00+02:00,115_STEAM_2,0.0
2030,sc01,06-17 02:00:00+02:00,123_CT_1,0.0
2030,sc01,06-17 02:00:00+02:00,113_CT_4,0.0
2030,sc01,06-17 02:00:00+02:00,116_STEAM_1,0.0
2030,sc01,06-17 02:00:00+02:00,113_CT_2,0.0
2030,sc01,06-17 10:00:00+02:00,118_CC_1,0.0
2030,sc01,06-17 10:00:00+02:00,101_CT_2,0.0
2030,sc01,06-17 10:00:00+02:00,123_STEAM_3,0.0
2030,sc01,06-17 10:00:00+02:00,107_CC_1,0.0
2030,sc01,06-17 10:00:00+02:00,102_CT_2,0.0
2030,sc01,06-17 10:00:00+02:00,102_STEAM_4,0.0
2030,sc01,06-17 10:00:00+02:00,113_CT_1,0.0
2030,sc01,06-17 10:00:00+02:00,101_STEAM_4,0.0
2030,sc01,06-17 10:00:00+02:00,115_STEAM_1,0.0
2030,sc01,06-17 10:00:00+02:00,123_CT_4,0.0
2030,sc01,06-17 10:00:00+02:00,121_NUCLEAR_1,0.0
2030,sc01,06-17 10:00:00+02:00,113_CT_3,0.0
2030,sc01,06-17 10:00:00+02:00,102_CT_1,0.0
2030,sc01,06-17 10:00:00+02:00,102_STEAM_3,0.0
2030,sc01,06-17 10:00:00+02:00,115_STEAM_3,0.0
2030,sc01,06-17 10:00:00+02:00,101_STEAM_3,0.0
2030,sc01,06-17 10:00:00+02:00,123_CT_5,0.0
2030,sc01,06-17 10:00:00+02:00,123_STEAM_2,0.0
2030,sc01,06-17 10:00:00+02:00,101_CT_1,0.0
2030,sc01,06-17 10:00:00+02:00,115_STEAM_2,0.0
2030,sc01,06-17 10:00:00+02:00,123_CT_1,0.0
2030,sc01,06-17 10:00:00+02:00,113_CT_4,0.0
2030,sc01,06-17 10:00:00+02:00,116_STEAM_1,0.0
2030,sc01,06-17 10:00:00+02:00,113_CT_2,0.0
2030,sc01,06-19 08:00:00+02:00,118_CC_1,48.06909132486706
2030,sc01,06-19 08:00:00+02:00,101_CT_2,0.0
2030,sc01,06-19 08:00:00+02:00,123_STEAM_3,0.0
2030,sc01,06-19 08:00:00+02:00,107_CC_1,33.09440381795
2030,sc01,06-19 08:00:00+02:00,102_CT_2,0.0
2030,sc01,06-19 08:00:00+02:00,102_STEAM_4,0.0
2030,sc01,06-19 08:00:00+02:00,113_CT_1,0.0
2030,sc01,06-19 08:00:00+02:00,101_STEAM_4,0.0
2030,sc01,06-19 08:00:00+02:00,115_STEAM_1,0.0
2030,sc01,06-19 08:00:00+02:00,123_CT_4,0.0
2030,sc01,06-19 08:00:00+02:00,121_NUCLEAR_1,0.0
2030,sc01,06-19 08:00:00+02:00,113_CT_3,0.0
2030,sc01,06-19 08:00:00+02:00,102_CT_1,0.0
2030,sc01,06-19 08:00:00+02:00,102_STEAM_3,0.0
2030,sc01,06-19 08:00:00+02:00,115_STEAM_3,0.0
2030,sc01,06-19 08:00:00+02:00,101_STEAM_3,0.0
2030,sc01,06-19 08:00:00+02:00,123_CT_5,0.0
2030,sc01,06-19 08:00:00+02:00,123_STEAM_2,0.0
2030,sc01,06-19 08:00:00+02:00,101_CT_1,0.0
2030,sc01,06-19 08:00:00+02:00,115_STEAM_2,0.0
2030,sc01,06-19 08:00:00+02:00,123_CT_1,0.0
2030,sc01,06-19 08:00:00+02:00,113_CT_4,0.0
2030,sc01,06-19 08:00:00+02:00,116_STEAM_1,0.0
2030,sc01,06-19 08:00:00+02:00,113_CT_2,0.0
2030,sc01,07-01 10:00:00+02:00,118_CC_1,0.0
2030,sc01,07-01 10:00:00+02:00,101_CT_2,0.0
2030,sc01,07-01 10:00:00+02:00,123_STEAM_3,0.0
2030,sc01,07-01 10:00:00+02:00,107_CC_1,0.0
2030,sc01,07-01 10:00:00+02:00,102_CT_2,0.0
2030,sc01,07-01 10:00:00+02:00,102_STEAM_4,0.0
2030,sc01,07-01 10:00:00+02:00,113_CT_1,0.0
2030,sc01,07-01 10:00:00+02:00,101_STEAM_4,0.0
2030,sc01,07-01 10:00:00+02:00,115_STEAM_1,0.0
2030,sc01,07-01 10:00:00+02:00,123_CT_4,0.0
2030,sc01,07-01 10:00:00+02:00,121_NUCLEAR_1,0.0
2030,sc01,07-01 10:00:00+02:00,113_CT_3,0.0
2030,sc01,07-01 10:00:00+02:00,102_CT_1,0.0
2030,sc01,07-01 10:00:00+02:00,102_STEAM_3,0.0
2030,sc01,07-01 10:00:00+02:00,115_STEAM_3,0.0
2030,sc01,07-01 10:00:00+02:00,101_STEAM_3,0.0
2030,sc01,07-01 10:00:00+02:00,123_CT_5,0.0
2030,sc01,07-01 10:00:00+02:00,123_STEAM_2,0.0
2030,sc01,07-01 10:00:00+02:00,101_CT_1,0.0
2030,sc01,07-01 10:00:00+02:00,115_STEAM_2,0.0
2030,sc01,07-01 10:00:00+02:00,123_CT_1,0.0
2030,sc01,07-01 10:00:00+02:00,113_CT_4,0.0
2030,sc01,07-01 10:00:00+02:00,116_STEAM_1,0.0
2030,sc01,07-01 10:00:00+02:00,113_CT_2,0.0
2030,sc01,07-07 01:00:00+02:00,118_CC_1,0.0
2030,sc01,07-07 01:00:00+02:00,101_CT_2,0.0
2030,sc01,07-07 01:00:00+02:00,123_STEAM_3,0.0
2030,sc01,07-07 01:00:00+02:00,107_CC_1,0.0
2030,sc01,07-07 01:00:00+02:00,102_CT_2,0.0
2030,sc01,07-07 01:00:00+02:00,102_STEAM_4,0.0
2030,sc01,07-07 01:00:00+02:00,113_CT_1,0.0
2030,sc01,07-07 01:00:00+02:00,101_STEAM_4,0.0
2030,sc01,07-07 01:00:00+02:00,115_STEAM_1,0.0
2030,sc01,07-07 01:00:00+02:00,123_CT_4,0.0
2030,sc01,07-07 01:00:00+02:00,121_NUCLEAR_1,0.0
2030,sc01,07-07 01:00:00+02:00,113_CT_3,0.0
2030,sc01,07-07 01:00:00+02:00,102_CT_1,0.0
2030,sc01,07-07 01:00:00+02:00,102_STEAM_3,0.0
2030,sc01,07-07 01:00:00+02:00,115_STEAM_3,0.0
2030,sc01,07-07 01:00:00+02:00,101_STEAM_3,0.0
2030,sc01,07-07 01:00:00+02:00,123_CT_5,0.0
2030,sc01,07-07 01:00:00+02:00,123_STEAM_2,0.0
2030,sc01,07-07 01:00:00+02:00,101_CT_1,0.0
2030,sc01,07-07 01:00:00+02:00,115_STEAM_2,0.0
2030,sc01,07-07 01:00:00+02:00,123_CT_1,0.0
2030,sc01,07-07 01:00:00+02:00,113_CT_4,0.0
2030,sc01,07-07 01:00:00+02:00,116_STEAM_1,0.0
2030,sc01,07-07 01:00:00+02:00,113_CT_2,0.0
2030,sc01,07-10 03:00:00+02:00,118_CC_1,0.0
2030,sc01,07-10 03:00:00+02:00,101_CT_2,0.0
2030,sc01,07-10 03:00:00+02:00,123_STEAM_3,0.0
2030,sc01,07-10 03:00:00+02:00,107_CC_1,0.0
2030,sc01,07-10 03:00:00+02:00,102_CT_2,0.0
2030,sc01,07-10 03:00:00+02:00,102_STEAM_4,0.0
2030,sc01,07-10 03:00:00+02:00,113_CT_1,0.0
2030,sc01,07-10 03:00:00+02:00,101_STEAM_4,0.0
2030,sc01,07-10 03:00:00+02:00,115_STEAM_1,0.0
2030,sc01,07-10 03:00:00+02:00,123_CT_4,0.0
2030,sc01,07-10 03:00:00+02:00,121_NUCLEAR_1,0.0
2030,sc01,07-10 03:00:00+02:00,113_CT_3,0.0
2030,sc01,07-10 03:00:00+02:00,102_CT_1,0.0
2030,sc01,07-10 03:00:00+02:00,102_STEAM_3,0.0
2030,sc01,07-10 03:00:00+02:00,115_STEAM_3,0.0
2030,sc01,07-10 03:00:00+02:00,101_STEAM_3,0.0
2030,sc01,07-10 03:00:00+02:00,123_CT_5,0.0
2030,sc01,07-10 03:00:00+02:00,123_STEAM_2,0.0
2030,sc01,07-10 03:00:00+02:00,101_CT_1,0.0
2030,sc01,07-10 03:00:00+02:00,115_STEAM_2,0.0
2030,sc01,07-10 03:00:00+02:00,123_CT_1,0.0
2030,sc01,07-10 03:00:00+02:00,113_CT_4,0.0
2030,sc01,07-10 03:00:00+02:00,116_STEAM_1,0.0
2030,sc01,07-10 03:00:00+02:00,113_CT_2,0.0
2030,sc01,07-25 19:00:00+02:00,118_CC_1,61.406487436797995
2030,sc01,07-25 19:00:00+02:00,101_CT_2,0.0
2030,sc01,07-25 19:00:00+02:00,123_STEAM_3,0.0
2030,sc01,07-25 19:00:00+02:00,107_CC_1,46.69230766362191
2030,sc01,07-25 19:00:00+02:00,102_CT_2,0.0
2030,sc01,07-25 19:00:00+02:00,102_STEAM_4,0.0
2030,sc01,07-25 19:00:00+02:00,113_CT_1,0.0
2030,sc01,07-25 19:00:00+02:00,101_STEAM_4,3.148695940722999
2030,sc01,07-25 19:00:00+02:00,115_STEAM_1,0.0
2030,sc01,07-25 19:00:00+02:00,123_CT_4,0.0
2030,sc01,07-25 19:00:00+02:00,121_NUCLEAR_1,0.0
2030,sc01,07-25 19:00:00+02:00,113_CT_3,0.0
2030,sc01,07-25 19:00:00+02:00,102_CT_1,0.0
2030,sc01,07-25 19:00:00+02:00,102_STEAM_3,0.0
2030,sc01,07-25 19:00:00+02:00,115_STEAM_3,63.58823815867637
2030,sc01,07-25 19:00:00+02:00,101_STEAM_3,0.0
2030,sc01,07-25 19:00:00+02:00,123_CT_5,0.0
2030,sc01,07-25 19:00:00+02:00,123_STEAM_2,0.0
2030,sc01,07-25 19:00:00+02:00,101_CT_1,0.0
2030,sc01,07-25 19:00:00+02:00,115_STEAM_2,0.0
2030,sc01,07-25 19:00:00+02:00,123_CT_1,0.0
2030,sc01,07-25 19:00:00+02:00,113_CT_4,0.0
2030,sc01,07-25 19:00:00+02:00,116_STEAM_1,0.0
2030,sc01,07-25 19:00:00+02:00,113_CT_2,0.0
2030,sc01,08-03 13:00:00+02:00,118_CC_1,0.0
2030,sc01,08-03 13:00:00+02:00,101_CT_2,0.0
2030,sc01,08-03 13:00:00+02:00,123_STEAM_3,0.0
2030,sc01,08-03 13:00:00+02:00,107_CC_1,0.0
2030,sc01,08-03 13:00:00+02:00,102_CT_2,0.0
2030,sc01,08-03 13:00:00+02:00,102_STEAM_4,0.0
2030,sc01,08-03 13:00:00+02:00,113_CT_1,0.0
2030,sc01,08-03 13:00:00+02:00,101_STEAM_4,0.0
2030,sc01,08-03 13:00:00+02:00,115_STEAM_1,0.0
2030,sc01,08-03 13:00:00+02:00,123_CT_4,0.0
2030,sc01,08-03 13:00:00+02:00,121_NUCLEAR_1,0.0
2030,sc01,08-03 13:00:00+02:00,113_CT_3,0.0
2030,sc01,08-03 13:00:00+02:00,102_CT_1,0.0
2030,sc01,08-03 13:00:00+02:00,102_STEAM_3,0.0
2030,sc01,08-03 13:00:00+02:00,115_STEAM_3,0.0
2030,sc01,08-03 13:00:00+02:00,101_STEAM_3,0.0
2030,sc01,08-03 13:00:00+02:00,123_CT_5,0.0
2030,sc01,08-03 13:00:00+02:00,123_STEAM_2,0.0
2030,sc01,08-03 13:00:00+02:00,101_CT_1,0.0
2030,sc01,08-03 13:00:00+02:00,115_STEAM_2,0.0
2030,sc01,08-03 13:00:00+02:00,123_CT_1,0.0
2030,sc01,08-03 13:00:00+02:00,113_CT_4,0.0
2030,sc01,08-03 13:00:00+02:00,116_STEAM_1,0.0
2030,sc01,08-03 13:00:00+02:00,113_CT_2,0.0
2030,sc01,08-06 14:00:00+02:00,118_CC_1,0.0
2030,sc01,08-06 14:00:00+02:00,101_CT_2,0.0
2030,sc01,08-06 14:00:00+02:00,123_STEAM_3,0.0
2030,sc01,08-06 14:00:00+02:00,107_CC_1,0.0
2030,sc01,08-06 14:00:00+02:00,102_CT_2,0.0
2030,sc01,08-06 14:00:00+02:00,102_STEAM_4,0.0
2030,sc01,08-06 14:00:00+02:00,113_CT_1,0.0
2030,sc01,08-06 14:00:00+02:00,101_STEAM_4,0.0
2030,sc01,08-06 14:00:00+02:00,115_STEAM_1,0.0
2030,sc01,08-06 14:00:00+02:00,123_CT_4,0.0
2030,sc01,08-06 14:00:00+02:00,121_NUCLEAR_1,0.0
2030,sc01,08-06 14:00:00+02:00,113_CT_3,0.0
2030,sc01,08-06 14:00:00+02:00,102_CT_1,0.0
2030,sc01,08-06 14:00:00+02:00,102_STEAM_3,0.0
2030,sc01,08-06 14:00:00+02:00,115_STEAM_3,0.0
2030,sc01,08-06 14:00:00+02:00,101_STEAM_3,0.0
2030,sc01,08-06 14:00:00+02:00,123_CT_5,0.0
2030,sc01,08-06 14:00:00+02:00,123_STEAM_2,0.0
2030,sc01,08-06 14:00:00+02:00,101_CT_1,0.0
2030,sc01,08-06 14:00:00+02:00,115_STEAM_2,0.0
2030,sc01,08-06 14:00:00+02:00,123_CT_1,0.0
2030,sc01,08-06 14:00:00+02:00,113_CT_4,0.0
2030,sc01,08-06 14:00:00+02:00,116_STEAM_1,0.0
2030,sc01,08-06 14:00:00+02:00,113_CT_2,0.0
2030,sc01,08-08 09:00:00+02:00,118_CC_1,0.0
2030,sc01,08-08 09:00:00+02:00,101_CT_2,0.0
2030,sc01,08-08 09:00:00+02:00,123_STEAM_3,0.0
2030,sc01,08-08 09:00:00+02:00,107_CC_1,0.0
2030,sc01,08-08 09:00:00+02:00,102_CT_2,0.0
2030,sc01,08-08 09:00:00+02:00,102_STEAM_4,0.0
2030,sc01,08-08 09:00:00+02:00,113_CT_1,0.0
2030,sc01,08-08 09:00:00+02:00,101_STEAM_4,0.0
2030,sc01,08-08 09:00:00+02:00,115_STEAM_1,0.0
2030,sc01,08-08 09:00:00+02:00,123_CT_4,0.0
2030,sc01,08-08 09:00:00+02:00,121_NUCLEAR_1,0.0
2030,sc01,08-08 09:00:00+02:00,113_CT_3,0.0
2030,sc01,08-08 09:00:00+02:00,102_CT_1,0.0
2030,sc01,08-08 09:00:00+02:00,102_STEAM_3,0.0
2030,sc01,08-08 09:00:00+02:00,115_STEAM_3,0.0
2030,sc01,08-08 09:00:00+02:00,101_STEAM_3,0.0
2030,sc01,08-08 09:00:00+02:00,123_CT_5,0.0
2030,sc01,08-08 09:00:00+02:00,123_STEAM_2,0.0
2030,sc01,08-08 09:00:00+02:00,101_CT_1,0.0
2030,sc01,08-08 09:00:00+02:00,115_STEAM_2,0.0
2030,sc01,08-08 09:00:00+02:00,123_CT_1,0.0
2030,sc01,08-08 09:00:00+02:00,113_CT_4,0.0
2030,sc01,08-08 09:00:00+02:00,116_STEAM_1,0.0
2030,sc01,08-08 09:00:00+02:00,113_CT_2,0.0
2030,sc01,08-10 15:00:00+02:00,118_CC_1,0.0
2030,sc01,08-10 15:00:00+02:00,101_CT_2,0.0
2030,sc01,08-10 15:00:00+02:00,123_STEAM_3,0.0
2030,sc01,08-10 15:00:00+02:00,107_CC_1,0.0
2030,sc01,08-10 15:00:00+02:00,102_CT_2,0.0
2030,sc01,08-10 15:00:00+02:00,102_STEAM_4,0.0
2030,sc01,08-10 15:00:00+02:00,113_CT_1,0.0
2030,sc01,08-10 15:00:00+02:00,101_STEAM_4,0.0
2030,sc01,08-10 15:00:00+02:00,115_STEAM_1,0.0
2030,sc01,08-10 15:00:00+02:00,123_CT_4,0.0
2030,sc01,08-10 15:00:00+02:00,121_NUCLEAR_1,0.0
2030,sc01,08-10 15:00:00+02:00,113_CT_3,0.0
2030,sc01,08-10 15:00:00+02:00,102_CT_1,0.0
2030,sc01,08-10 15:00:00+02:00,102_STEAM_3,0.0
2030,sc01,08-10 15:00:00+02:00,115_STEAM_3,0.0
2030,sc01,08-10 15:00:00+02:00,101_STEAM_3,0.0
2030,sc01,08-10 15:00:00+02:00,123_CT_5,0.0
2030,sc01,08-10 15:00:00+02:00,123_STEAM_2,0.0
2030,sc01,08-10 15:00:00+02:00,101_CT_1,0.0
2030,sc01,08-10 15:00:00+02:00,115_STEAM_2,0.0
2030,sc01,08-10 15:00:00+02:00,123_CT_1,0.0
2030,sc01,08-10 15:00:00+02:00,113_CT_4,0.0
2030,sc01,08-10 15:00:00+02:00,116_STEAM_1,0.0
2030,sc01,08-10 15:00:00+02:00,113_CT_2,0.0
2030,sc01,08-18 20:00:00+02:00,118_CC_1,0.0
2030,sc01,08-18 20:00:00+02:00,101_CT_2,0.0
2030,sc01,08-18 20:00:00+02:00,123_STEAM_3,0.0
2030,sc01,08-18 20:00:00+02:00,107_CC_1,0.0
2030,sc01,08-18 20:00:00+02:00,102_CT_2,0.0
2030,sc01,08-18 20:00:00+02:00,102_STEAM_4,0.0
2030,sc01,08-18 20:00:00+02:00,113_CT_1,0.0
2030,sc01,08-18 20:00:00+02:00,101_STEAM_4,0.0
2030,sc01,08-18 20:00:00+02:00,115_STEAM_1,0.0
2030,sc01,08-18 20:00:00+02:00,123_CT_4,0.0
2030,sc01,08-18 20:00:00+02:00,121_NUCLEAR_1,0.0
2030,sc01,08-18 20:00:00+02:00,113_CT_3,0.0
2030,sc01,08-18 20:00:00+02:00,102_CT_1,0.0
2030,sc01,08-18 20:00:00+02:00,102_STEAM_3,0.0
2030,sc01,08-18 20:00:00+02:00,115_STEAM_3,0.0
2030,sc01,08-18 20:00:00+02:00,101_STEAM_3,0.0
2030,sc01,08-18 20:00:00+02:00,123_CT_5,0.0
2030,sc01,08-18 20:00:00+02:00,123_STEAM_2,0.0
2030,sc01,08-18 20:00:00+02:00,101_CT_1,0.0
2030,sc01,08-18 20:00:00+02:00,115_STEAM_2,0.0
2030,sc01,08-18 20:00:00+02:00,123_CT_1,0.0
2030,sc01,08-18 20:00:00+02:00,113_CT_4,0.0
2030,sc01,08-18 20:00:00+02:00,116_STEAM_1,0.0
2030,sc01,08-18 20:00:00+02:00,113_CT_2,0.0
2030,sc01,08-31 17:00:00+02:00,118_CC_1,12.824411714522837
2030,sc01,08-31 17:00:00+02:00,101_CT_2,0.0
2030,sc01,08-31 17:00:00+02:00,123_STEAM_3,0.0
2030,sc01,08-31 17:00:00+02:00,107_CC_1,47.14130975078707
2030,sc01,08-31 17:00:00+02:00,102_CT_2,0.0
2030,sc01,08-31 17:00:00+02:00,102_STEAM_4,0.0
2030,sc01,08-31 17:00:00+02:00,113_CT_1,0.0
2030,sc01,08-31 17:00:00+02:00,101_STEAM_4,0.0
2030,sc01,08-31 17:00:00+02:00,115_STEAM_1,0.0
2030,sc01,08-31 17:00:00+02:00,123_CT_4,0.0
2030,sc01,08-31 17:00:00+02:00,121_NUCLEAR_1,0.0
2030,sc01,08-31 17:00:00+02:00,113_CT_3,0.0
2030,sc01,08-31 17:00:00+02:00,102_CT_1,0.0
2030,sc01,08-31 17:00:00+02:00,102_STEAM_3,0.0
2030,sc01,08-31 17:00:00+02:00,115_STEAM_3,0.0
2030,sc01,08-31 17:00:00+02:00,101_STEAM_3,0.0
2030,sc01,08-31 17:00:00+02:00,123_CT_5,0.0
2030,sc01,08-31 17:00:00+02:00,123_STEAM_2,0.0
2030,sc01,08-31 17:00:00+02:00,101_CT_1,0.0
2030,sc01,08-31 17:00:00+02:00,115_STEAM_2,0.0
2030,sc01,08-31 17:00:00+02:00,123_CT_1,0.0
2030,sc01,08-31 17:00:00+02:00,113_CT_4,0.0
2030,sc01,08-31 17:00:00+02:00,116_STEAM_1,0.0
2030,sc01,08-31 17:00:00+02:00,113_CT_2,0.0
2030,sc01,09-06 16:00:00+02:00,118_CC_1,0.0
2030,sc01,09-06 16:00:00+02:00,101_CT_2,0.0
2030,sc01,09-06 16:00:00+02:00,123_STEAM_3,0.0
2030,sc01,09-06 16:00:00+02:00,107_CC_1,1.847398340775652
2030,sc01,09-06 16:00:00+02:00,102_CT_2,0.0
2030,sc01,09-06 16:00:00+02:00,102_STEAM_4,0.0
2030,sc01,09-06 16:00:00+02:00,113_CT_1,0.0
2030,sc01,09-06 16:00:00+02:00,101_STEAM_4,0.0
2030,sc01,09-06 16:00:00+02:00,115_STEAM_1,0.0
2030,sc01,09-06 16:00:00+02:00,123_CT_4,0.0
2030,sc01,09-06 16:00:00+02:00,121_NUCLEAR_1,0.0
2030,sc01,09-06 16:00:00+02:00,113_CT_3,0.0
2030,sc01,09-06 16:00:00+02:00,102_CT_1,0.0
2030,sc01,09-06 16:00:00+02:00,102_STEAM_3,0.0
2030,sc01,09-06 16:00:00+02:00,115_STEAM_3,0.0
2030,sc01,09-06 16:00:00+02:00,101_STEAM_3,0.0
2030,sc01,09-06 16:00:00+02:00,123_CT_5,0.0
2030,sc01,09-06 16:00:00+02:00,123_STEAM_2,0.0
2030,sc01,09-06 16:00:00+02:00,101_CT_1,0.0
2030,sc01,09-06 16:00:00+02:00,115_STEAM_2,0.0
2030,sc01,09-06 16:00:00+02:00,123_CT_1,0.0
2030,sc01,09-06 16:00:00+02:00,113_CT_4,0.0
2030,sc01,09-06 16:00:00+02:00,116_STEAM_1,0.0
2030,sc01,09-06 16:00:00+02:00,113_CT_2,0.0
2030,sc01,09-11 08:00:00+02:00,118_CC_1,0.0
2030,sc01,09-11 08:00:00+02:00,101_CT_2,0.0
2030,sc01,09-11 08:00:00+02:00,123_STEAM_3,0.0
2030,sc01,09-11 08:00:00+02:00,107_CC_1,38.81447686586393
2030,sc01,09-11 08:00:00+02:00,102_CT_2,0.0
2030,sc01,09-11 08:00:00+02:00,102_STEAM_4,0.0
2030,sc01,09-11 08:00:00+02:00,113_CT_1,0.0
2030,sc01,09-11 08:00:00+02:00,101_STEAM_4,0.0
2030,sc01,09-11 08:00:00+02:00,115_STEAM_1,0.0
2030,sc01,09-11 08:00:00+02:00,123_CT_4,0.0
2030,sc01,09-11 08:00:00+02:00,121_NUCLEAR_1,0.0
2030,sc01,09-11 08:00:00+02:00,113_CT_3,0.0
2030,sc01,09-11 08:00:00+02:00,102_CT_1,0.0
2030,sc01,09-11 08:00:00+02:00,102_STEAM_3,0.0
2030,sc01,09-11 08:00:00+02:00,115_STEAM_3,14.92309920412132
2030,sc01,09-11 08:00:00+02:00,101_STEAM_3,0.0
2030,sc01,09-11 08:00:00+02:00,123_CT_5,0.0
2030,sc01,09-11 08:00:00+02:00,123_STEAM_2,0.0
2030,sc01,09-11 08:00:00+02:00,101_CT_1,0.0
2030,sc01,09-11 08:00:00+02:00,115_STEAM_2,0.0
2030,sc01,09-11 08:00:00+02:00,123_CT_1,0.0
2030,sc01,09-11 08:00:00+02:00,113_CT_4,0.0
2030,sc01,09-11 08:00:00+02:00,116_STEAM_1,0.0
2030,sc01,09-11 08:00:00+02:00,113_CT_2,0.0
2030,sc01,09-22 23:00:00+02:00,118_CC_1,0.0
2030,sc01,09-22 23:00:00+02:00,101_CT_2,0.0
2030,sc01,09-22 23:00:00+02:00,123_STEAM_3,0.0
2030,sc01,09-22 23:00:00+02:00,107_CC_1,0.0
2030,sc01,09-22 23:00:00+02:00,102_CT_2,0.0
2030,sc01,09-22 23:00:00+02:00,102_STEAM_4,0.0
2030,sc01,09-22 23:00:00+02:00,113_CT_1,0.0
2030,sc01,09-22 23:00:00+02:00,101_STEAM_4,0.0
2030,sc01,09-22 23:00:00+02:00,115_STEAM_1,0.0
2030,sc01,09-22 23:00:00+02:00,123_CT_4,0.0
2030,sc01,09-22 23:00:00+02:00,121_NUCLEAR_1,0.0
2030,sc01,09-22 23:00:00+02:00,113_CT_3,0.0
2030,sc01,09-22 23:00:00+02:00,102_CT_1,0.0
2030,sc01,09-22 23:00:00+02:00,102_STEAM_3,0.0
2030,sc01,09-22 23:00:00+02:00,115_STEAM_3,0.0
2030,sc01,09-22 23:00:00+02:00,101_STEAM_3,0.0
2030,sc01,09-22 23:00:00+02:00,123_CT_5,0.0
2030,sc01,09-22 23:00:00+02:00,123_STEAM_2,0.0
2030,sc01,09-22 23:00:00+02:00,101_CT_1,0.0
2030,sc01,09-22 23:00:00+02:00,115_STEAM_2,0.0
2030,sc01,09-22 23:00:00+02:00,123_CT_1,0.0
2030,sc01,09-22 23:00:00+02:00,113_CT_4,0.0
2030,sc01,09-22 23:00:00+02:00,116_STEAM_1,0.0
2030,sc01,09-22 23:00:00+02:00,113_CT_2,0.0
2030,sc01,09-24 09:00:00+02:00,118_CC_1,66.86501007808589
2030,sc01,09-24 09:00:00+02:00,101_CT_2,0.0
2030,sc01,09-24 09:00:00+02:00,123_STEAM_3,0.0
2030,sc01,09-24 09:00:00+02:00,107_CC_1,46.02749322463234
2030,sc01,09-24 09:00:00+02:00,102_CT_2,0.0
2030,sc01,09-24 09:00:00+02:00,102_STEAM_4,0.0
2030,sc01,09-24 09:00:00+02:00,113_CT_1,0.0
2030,sc01,09-24 09:00:00+02:00,101_STEAM_4,0.0
2030,sc01,09-24 09:00:00+02:00,115_STEAM_1,0.0
2030,sc01,09-24 09:00:00+02:00,123_CT_4,0.0
2030,sc01,09-24 09:00:00+02:00,121_NUCLEAR_1,0.0
2030,sc01,09-24 09:00:00+02:00,113_CT_3,0.0
2030,sc01,09-24 09:00:00+02:00,102_CT_1,0.0
2030,sc01,09-24 09:00:00+02:00,102_STEAM_3,0.0
2030,sc01,09-24 09:00:00+02:00,115_STEAM_3,0.0
2030,sc01,09-24 09:00:00+02:00,101_STEAM_3,0.0
2030,sc01,09-24 09:00:00+02:00,123_CT_5,0.0
2030,sc01,09-24 09:00:00+02:00,123_STEAM_2,0.0
2030,sc01,09-24 09:00:00+02:00,101_CT_1,0.0
2030,sc01,09-24 09:00:00+02:00,115_STEAM_2,0.0
2030,sc01,09-24 09:00:00+02:00,123_CT_1,0.0
2030,sc01,09-24 09:00:00+02:00,113_CT_4,0.0
2030,sc01,09-24 09:00:00+02:00,116_STEAM_1,0.0
2030,sc01,09-24 09:00:00+02:00,113_CT_2,0.0
2030,sc01,09-30 20:00:00+02:00,118_CC_1,0.0
2030,sc01,09-30 20:00:00+02:00,101_CT_2,0.0
2030,sc01,09-30 20:00:00+02:00,123_STEAM_3,0.0
2030,sc01,09-30 20:00:00+02:00,107_CC_1,0.0
2030,sc01,09-30 20:00:00+02:00,102_CT_2,0.0
2030,sc01,09-30 20:00:00+02:00,102_STEAM_4,0.0
2030,sc01,09-30 20:00:00+02:00,113_CT_1,0.0
2030,sc01,09-30 20:00:00+02:00,101_STEAM_4,0.0
2030,sc01,09-30 20:00:00+02:00,115_STEAM_1,0.0
2030,sc01,09-30 20:00:00+02:00,123_CT_4,0.0
2030,sc01,09-30 20:00:00+02:00,121_NUCLEAR_1,0.0
2030,sc01,09-30 20:00:00+02:00,113_CT_3,0.0
2030,sc01,09-30 20:00:00+02:00,102_CT_1,0.0
2030,sc01,09-30 20:00:00+02:00,102_STEAM_3,0.0
2030,sc01,09-30 20:00:00+02:00,115_STEAM_3,0.0
2030,sc01,09-30 20:00:00+02:00,101_STEAM_3,0.0
2030,sc01,09-30 20:00:00+02:00,123_CT_5,0.0
2030,sc01,09-30 20:00:00+02:00,123_STEAM_2,0.0
2030,sc01,09-30 20:00:00+02:00,101_CT_1,0.0
2030,sc01,09-30 20:00:00+02:00,115_STEAM_2,0.0
2030,sc01,09-30 20:00:00+02:00,123_CT_1,0.0
2030,sc01,09-30 20:00:00+02:00,113_CT_4,0.0
2030,sc01,09-30 20:00:00+02:00,116_STEAM_1,0.0
2030,sc01,09-30 20:00:00+02:00,113_CT_2,0.0
2030,sc01,10-11 01:00:00+02:00,118_CC_1,0.0
2030,sc01,10-11 01:00:00+02:00,101_CT_2,0.0
2030,sc01,10-11 01:00:00+02:00,123_STEAM_3,0.0
2030,sc01,10-11 01:00:00+02:00,107_CC_1,0.0
2030,sc01,10-11 01:00:00+02:00,102_CT_2,0.0
2030,sc01,10-11 01:00:00+02:00,102_STEAM_4,0.0
2030,sc01,10-11 01:00:00+02:00,113_CT_1,0.0
2030,sc01,10-11 01:00:00+02:00,101_STEAM_4,0.0
2030,sc01,10-11 01:00:00+02:00,115_STEAM_1,0.0
2030,sc01,10-11 01:00:00+02:00,123_CT_4,0.0
2030,sc01,10-11 01:00:00+02:00,121_NUCLEAR_1,0.0
2030,sc01,10-11 01:00:00+02:00,113_CT_3,0.0
2030,sc01,10-11 01:00:00+02:00,102_CT_1,0.0
2030,sc01,10-11 01:00:00+02:00,102_STEAM_3,0.0
2030,sc01,10-11 01:00:00+02:00,115_STEAM_3,0.0
2030,sc01,10-11 01:00:00+02:00,101_STEAM_3,0.0
2030,sc01,10-11 01:00:00+02:00,123_CT_5,0.0
2030,sc01,10-11 01:00:00+02:00,123_STEAM_2,0.0
2030,sc01,10-11 01:00:00+02:00,101_CT_1,0.0
2030,sc01,10-11 01:00:00+02:00,115_STEAM_2,0.0
2030,sc01,10-11 01:00:00+02:00,123_CT_1,0.0
2030,sc01,10-11 01:00:00+02:00,113_CT_4,0.0
2030,sc01,10-11 01:00:00+02:00,116_STEAM_1,0.0
2030,sc01,10-11 01:00:00+02:00,113_CT_2,0.0
2030,sc01,10-23 19:00:00+02:00,118_CC_1,0.0
2030,sc01,10-23 19:00:00+02:00,101_CT_2,0.0
2030,sc01,10-23 19:00:00+02:00,123_STEAM_3,0.0
2030,sc01,10-23 19:00:00+02:00,107_CC_1,0.0
2030,sc01,10-23 19:00:00+02:00,102_CT_2,0.0
2030,sc01,10-23 19:00:00+02:00,102_STEAM_4,0.0
2030,sc01,10-23 19:00:00+02:00,113_CT_1,0.0
2030,sc01,10-23 19:00:00+02:00,101_STEAM_4,0.0
2030,sc01,10-23 19:00:00+02:00,115_STEAM_1,0.0
2030,sc01,10-23 19:00:00+02:00,123_CT_4,0.0
2030,sc01,10-23 19:00:00+02:00,121_NUCLEAR_1,0.0
2030,sc01,10-23 19:00:00+02:00,113_CT_3,0.0
2030,sc01,10-23 19:00:00+02:00,102_CT_1,0.0
2030,sc01,10-23 19:00:00+02:00,102_STEAM_3,0.0
2030,sc01,10-23 19:00:00+02:00,115_STEAM_3,0.0
2030,sc01,10-23 19:00:00+02:00,101_STEAM_3,0.0
2030,sc01,10-23 19:00:00+02:00,123_CT_5,0.0
2030,sc01,10-23 19:00:00+02:00,123_STEAM_2,0.0
2030,sc01,10-23 19:00:00+02:00,101_CT_1,0.0
2030,sc01,10-23 19:00:00+02:00,115_STEAM_2,0.0
2030,sc01,10-23 19:00:00+02:00,123_CT_1,0.0
2030,sc01,10-23 19:00:00+02:00,113_CT_4,0.0
2030,sc01,10-23 19:00:00+02:00,116_STEAM_1,0.0
2030,sc01,10-23 19:00:00+02:00,113_CT_2,0.0
2030,sc01,10-24 01:00:00+02:00,118_CC_1,0.0
2030,sc01,10-24 01:00:00+02:00,101_CT_2,0.0
2030,sc01,10-24 01:00:00+02:00,123_STEAM_3,0.0
2030,sc01,10-24 01:00:00+02:00,107_CC_1,0.0
2030,sc01,10-24 01:00:00+02:00,102_CT_2,0.0
2030,sc01,10-24 01:00:00+02:00,102_STEAM_4,0.0
2030,sc01,10-24 01:00:00+02:00,113_CT_1,0.0
2030,sc01,10-24 01:00:00+02:00,101_STEAM_4,0.0
2030,sc01,10-24 01:00:00+02:00,115_STEAM_1,0.0
2030,sc01,10-24 01:00:00+02:00,123_CT_4,0.0
2030,sc01,10-24 01:00:00+02:00,121_NUCLEAR_1,0.0
2030,sc01,10-24 01:00:00+02:00,113_CT_3,0.0
2030,sc01,10-24 01:00:00+02:00,102_CT_1,0.0
2030,sc01,10-24 01:00:00+02:00,102_STEAM_3,0.0
2030,sc01,10-24 01:00:00+02:00,115_STEAM_3,0.0
2030,sc01,10-24 01:00:00+02:00,101_STEAM_3,0.0
2030,sc01,10-24 01:00:00+02:00,123_CT_5,0.0
2030,sc01,10-24 01:00:00+02:00,123_STEAM_2,0.0
2030,sc01,10-24 01:00:00+02:00,101_CT_1,0.0
2030,sc01,10-24 01:00:00+02:00,115_STEAM_2,0.0
2030,sc01,10-24 01:00:00+02:00,123_CT_1,0.0
2030,sc01,10-24 01:00:00+02:00,113_CT_4,0.0
2030,sc01,10-24 01:00:00+02:00,116_STEAM_1,0.0
2030,sc01,10-24 01:00:00+02:00,113_CT_2,0.0
2030,sc01,10-28 17:00:00+01:00,118_CC_1,69.10890209042499
2030,sc01,10-28 17:00:00+01:00,101_CT_2,0.0
2030,sc01,10-28 17:00:00+01:00,123_STEAM_3,115.36453615400002
2030,sc01,10-28 17:00:00+01:00,107_CC_1,41.996432527667885
2030,sc01,10-28 17:00:00+01:00,102_CT_2,0.0
2030,sc01,10-28 17:00:00+01:00,102_STEAM_4,0.0
2030,sc01,10-28 17:00:00+01:00,113_CT_1,0.0
2030,sc01,10-28 17:00:00+01:00,101_STEAM_4,0.0
2030,sc01,10-28 17:00:00+01:00,115_STEAM_1,0.0
2030,sc01,10-28 17:00:00+01:00,123_CT_4,0.0
2030,sc01,10-28 17:00:00+01:00,121_NUCLEAR_1,0.0
2030,sc01,10-28 17:00:00+01:00,113_CT_3,0.0
2030,sc01,10-28 17:00:00+01:00,102_CT_1,0.0
2030,sc01,10-28 17:00:00+01:00,102_STEAM_3,0.0
2030,sc01,10-28 17:00:00+01:00,115_STEAM_3,68.47387694253015
2030,sc01,10-28 17:00:00+01:00,101_STEAM_3,0.0
2030,sc01,10-28 17:00:00+01:00,123_CT_5,0.0
2030,sc01,10-28 17:00:00+01:00,123_STEAM_2,34.34512154883556
2030,sc01,10-28 17:00:00+01:00,101_CT_1,0.0
2030,sc01,10-28 17:00:00+01:00,115_STEAM_2,0.0
2030,sc01,10-28 17:00:00+01:00,123_CT_1,0.0
2030,sc01,10-28 17:00:00+01:00,113_CT_4,0.0
2030,sc01,10-28 17:00:00+01:00,116_STEAM_1,0.0
2030,sc01,10-28 17:00:00+01:00,113_CT_2,0.0
2030,sc01,10-29 09:00:00+01:00,118_CC_1,69.10890209042499
2030,sc01,10-29 09:00:00+01:00,101_CT_2,0.0
2030,sc01,10-29 09:00:00+01:00,123_STEAM_3,64.50684519590858
2030,sc01,10-29 09:00:00+01:00,107_CC_1,41.802117957430326
2030,sc01,10-29 09:00:00+01:00,102_CT_2,0.0
2030,sc01,10-29 09:00:00+01:00,102_STEAM_4,0.0
2030,sc01,10-29 09:00:00+01:00,113_CT_1,0.0
2030,sc01,10-29 09:00:00+01:00,101_STEAM_4,0.0
2030,sc01,10-29 09:00:00+01:00,115_STEAM_1,0.0
2030,sc01,10-29 09:00:00+01:00,123_CT_4,0.0
2030,sc01,10-29 09:00:00+01:00,121_NUCLEAR_1,0.0
2030,sc01,10-29 09:00:00+01:00,113_CT_3,0.0
2030,sc01,10-29 09:00:00+01:00,102_CT_1,0.0
2030,sc01,10-29 09:00:00+01:00,102_STEAM_3,0.0
2030,sc01,10-29 09:00:00+01:00,115_STEAM_3,10.651208943740535
2030,sc01,10-29 09:00:00+01:00,101_STEAM_3,0.0
2030,sc01,10-29 09:00:00+01:00,123_CT_5,0.0
2030,sc01,10-29 09:00:00+01:00,123_STEAM_2,21.324525440640002
2030,sc01,10-29 09:00:00+01:00,101_CT_1,0.0
2030,sc01,10-29 09:00:00+01:00,115_STEAM_2,0.0
2030,sc01,10-29 09:00:00+01:00,123_CT_1,0.0
2030,sc01,10-29 09:00:00+01:00,113_CT_4,0.0
2030,sc01,10-29 09:00:00+01:00,116_STEAM_1,0.0
2030,sc01,10-29 09:00:00+01:00,113_CT_2,0.0
2030,sc01,10-31 23:00:00+01:00,118_CC_1,0.0
2030,sc01,10-31 23:00:00+01:00,101_CT_2,0.0
2030,sc01,10-31 23:00:00+01:00,123_STEAM_3,0.0
2030,sc01,10-31 23:00:00+01:00,107_CC_1,0.0
2030,sc01,10-31 23:00:00+01:00,102_CT_2,0.0
2030,sc01,10-31 23:00:00+01:00,102_STEAM_4,0.0
2030,sc01,10-31 23:00:00+01:00,113_CT_1,0.0
2030,sc01,10-31 23:00:00+01:00,101_STEAM_4,0.0
2030,sc01,10-31 23:00:00+01:00,115_STEAM_1,0.0
2030,sc01,10-31 23:00:00+01:00,123_CT_4,0.0
2030,sc01,10-31 23:00:00+01:00,121_NUCLEAR_1,0.0
2030,sc01,10-31 23:00:00+01:00,113_CT_3,0.0
2030,sc01,10-31 23:00:00+01:00,102_CT_1,0.0
2030,sc01,10-31 23:00:00+01:00,102_STEAM_3,0.0
2030,sc01,10-31 23:00:00+01:00,115_STEAM_3,0.0
2030,sc01,10-31 23:00:00+01:00,101_STEAM_3,0.0
2030,sc01,10-31 23:00:00+01:00,123_CT_5,0.0
2030,sc01,10-31 23:00:00+01:00,123_STEAM_2,0.0
2030,sc01,10-31 23:00:00+01:00,101_CT_1,0.0
2030,sc01,10-31 23:00:00+01:00,115_STEAM_2,0.0
2030,sc01,10-31 23:00:00+01:00,123_CT_1,0.0
2030,sc01,10-31 23:00:00+01:00,113_CT_4,0.0
2030,sc01,10-31 23:00:00+01:00,116_STEAM_1,0.0
2030,sc01,10-31 23:00:00+01:00,113_CT_2,0.0
2030,sc01,11-04 16:00:00+01:00,118_CC_1,0.0
2030,sc01,11-04 16:00:00+01:00,101_CT_2,0.0
2030,sc01,11-04 16:00:00+01:00,123_STEAM_3,0.0
2030,sc01,11-04 16:00:00+01:00,107_CC_1,44.89568415620365
2030,sc01,11-04 16:00:00+01:00,102_CT_2,0.0
2030,sc01,11-04 16:00:00+01:00,102_STEAM_4,0.0
2030,sc01,11-04 16:00:00+01:00,113_CT_1,0.0
2030,sc01,11-04 16:00:00+01:00,101_STEAM_4,5.818715998368086
2030,sc01,11-04 16:00:00+01:00,115_STEAM_1,0.0
2030,sc01,11-04 16:00:00+01:00,123_CT_4,0.0
2030,sc01,11-04 16:00:00+01:00,121_NUCLEAR_1,0.0
2030,sc01,11-04 16:00:00+01:00,113_CT_3,0.0
2030,sc01,11-04 16:00:00+01:00,102_CT_1,0.0
2030,sc01,11-04 16:00:00+01:00,102_STEAM_3,0.0
2030,sc01,11-04 16:00:00+01:00,115_STEAM_3,111.27833078587098
2030,sc01,11-04 16:00:00+01:00,101_STEAM_3,10.533283735799998
2030,sc01,11-04 16:00:00+01:00,123_CT_5,0.0
2030,sc01,11-04 16:00:00+01:00,123_STEAM_2,0.0
2030,sc01,11-04 16:00:00+01:00,101_CT_1,0.0
2030,sc01,11-04 16:00:00+01:00,115_STEAM_2,0.0
2030,sc01,11-04 16:00:00+01:00,123_CT_1,0.0
2030,sc01,11-04 16:00:00+01:00,113_CT_4,0.0
2030,sc01,11-04 16:00:00+01:00,116_STEAM_1,0.0
2030,sc01,11-04 16:00:00+01:00,113_CT_2,0.0
2030,sc01,11-06 14:00:00+01:00,118_CC_1,69.10890209042499
2030,sc01,11-06 14:00:00+01:00,101_CT_2,0.0
2030,sc01,11-06 14:00:00+01:00,123_STEAM_3,0.0
2030,sc01,11-06 14:00:00+01:00,107_CC_1,44.98258933754193
2030,sc01,11-06 14:00:00+01:00,102_CT_2,0.0
2030,sc01,11-06 14:00:00+01:00,102_STEAM_4,0.0
2030,sc01,11-06 14:00:00+01:00,113_CT_1,0.0
2030,sc01,11-06 14:00:00+01:00,101_STEAM_4,0.0
2030,sc01,11-06 14:00:00+01:00,115_STEAM_1,0.0
2030,sc01,11-06 14:00:00+01:00,123_CT_4,0.0
2030,sc01,11-06 14:00:00+01:00,121_NUCLEAR_1,0.0
2030,sc01,11-06 14:00:00+01:00,113_CT_3,0.0
2030,sc01,11-06 14:00:00+01:00,102_CT_1,0.0
2030,sc01,11-06 14:00:00+01:00,102_STEAM_3,0.0
2030,sc01,11-06 14:00:00+01:00,115_STEAM_3,34.921265760206985
2030,sc01,11-06 14:00:00+01:00,101_STEAM_3,0.0
2030,sc01,11-06 14:00:00+01:00,123_CT_5,0.0
2030,sc01,11-06 14:00:00+01:00,123_STEAM_2,21.324525440640002
2030,sc01,11-06 14:00:00+01:00,101_CT_1,0.0
2030,sc01,11-06 14:00:00+01:00,115_STEAM_2,0.0
2030,sc01,11-06 14:00:00+01:00,123_CT_1,0.0
2030,sc01,11-06 14:00:00+01:00,113_CT_4,0.0
2030,sc01,11-06 14:00:00+01:00,116_STEAM_1,21.324525440640002
2030,sc01,11-06 14:00:00+01:00,113_CT_2,0.0
2030,sc01,11-12 19:00:00+01:00,118_CC_1,0.0
2030,sc01,11-12 19:00:00+01:00,101_CT_2,0.0
2030,sc01,11-12 19:00:00+01:00,123_STEAM_3,0.0
2030,sc01,11-12 19:00:00+01:00,107_CC_1,0.0
2030,sc01,11-12 19:00:00+01:00,102_CT_2,0.0
2030,sc01,11-12 19:00:00+01:00,102_STEAM_4,0.0
2030,sc01,11-12 19:00:00+01:00,113_CT_1,0.0
2030,sc01,11-12 19:00:00+01:00,101_STEAM_4,0.0
2030,sc01,11-12 19:00:00+01:00,115_STEAM_1,0.0
2030,sc01,11-12 19:00:00+01:00,123_CT_4,0.0
2030,sc01,11-12 19:00:00+01:00,121_NUCLEAR_1,0.0
2030,sc01,11-12 19:00:00+01:00,113_CT_3,0.0
2030,sc01,11-12 19:00:00+01:00,102_CT_1,0.0
2030,sc01,11-12 19:00:00+01:00,102_STEAM_3,0.0
2030,sc01,11-12 19:00:00+01:00,115_STEAM_3,0.0
2030,sc01,11-12 19:00:00+01:00,101_STEAM_3,0.0
2030,sc01,11-12 19:00:00+01:00,123_CT_5,0.0
2030,sc01,11-12 19:00:00+01:00,123_STEAM_2,0.0
2030,sc01,11-12 19:00:00+01:00,101_CT_1,0.0
2030,sc01,11-12 19:00:00+01:00,115_STEAM_2,0.0
2030,sc01,11-12 19:00:00+01:00,123_CT_1,0.0
2030,sc01,11-12 19:00:00+01:00,113_CT_4,0.0
2030,sc01,11-12 19:00:00+01:00,116_STEAM_1,0.0
2030,sc01,11-12 19:00:00+01:00,113_CT_2,0.0
2030,sc01,11-14 23:00:00+01:00,118_CC_1,0.0
2030,sc01,11-14 23:00:00+01:00,101_CT_2,0.0
2030,sc01,11-14 23:00:00+01:00,123_STEAM_3,0.0
2030,sc01,11-14 23:00:00+01:00,107_CC_1,0.0
2030,sc01,11-14 23:00:00+01:00,102_CT_2,0.0
2030,sc01,11-14 23:00:00+01:00,102_STEAM_4,0.0
2030,sc01,11-14 23:00:00+01:00,113_CT_1,0.0
2030,sc01,11-14 23:00:00+01:00,101_STEAM_4,0.0
2030,sc01,11-14 23:00:00+01:00,115_STEAM_1,0.0
2030,sc01,11-14 23:00:00+01:00,123_CT_4,0.0
2030,sc01,11-14 23:00:00+01:00,121_NUCLEAR_1,0.0
2030,sc01,11-14 23:00:00+01:00,113_CT_3,0.0
2030,sc01,11-14 23:00:00+01:00,102_CT_1,0.0
2030,sc01,11-14 23:00:00+01:00,102_STEAM_3,0.0
2030,sc01,11-14 23:00:00+01:00,115_STEAM_3,0.0
2030,sc01,11-14 23:00:00+01:00,101_STEAM_3,0.0
2030,sc01,11-14 23:00:00+01:00,123_CT_5,0.0
2030,sc01,11-14 23:00:00+01:00,123_STEAM_2,0.0
2030,sc01,11-14 23:00:00+01:00,101_CT_1,0.0
2030,sc01,11-14 23:00:00+01:00,115_STEAM_2,0.0
2030,sc01,11-14 23:00:00+01:00,123_CT_1,0.0
2030,sc01,11-14 23:00:00+01:00,113_CT_4,0.0
2030,sc01,11-14 23:00:00+01:00,116_STEAM_1,0.0
2030,sc01,11-14 23:00:00+01:00,113_CT_2,0.0
2030,sc01,11-15 02:00:00+01:00,118_CC_1,0.0
2030,sc01,11-15 02:00:00+01:00,101_CT_2,0.0
2030,sc01,11-15 02:00:00+01:00,123_STEAM_3,0.0
2030,sc01,11-15 02:00:00+01:00,107_CC_1,0.0
2030,sc01,11-15 02:00:00+01:00,102_CT_2,0.0
2030,sc01,11-15 02:00:00+01:00,102_STEAM_4,0.0
2030,sc01,11-15 02:00:00+01:00,113_CT_1,0.0
2030,sc01,11-15 02:00:00+01:00,101_STEAM_4,0.0
2030,sc01,11-15 02:00:00+01:00,115_STEAM_1,0.0
2030,sc01,11-15 02:00:00+01:00,123_CT_4,0.0
2030,sc01,11-15 02:00:00+01:00,121_NUCLEAR_1,0.0
2030,sc01,11-15 02:00:00+01:00,113_CT_3,0.0
2030,sc01,11-15 02:00:00+01:00,102_CT_1,0.0
2030,sc01,11-15 02:00:00+01:00,102_STEAM_3,0.0
2030,sc01,11-15 02:00:00+01:00,115_STEAM_3,0.0
2030,sc01,11-15 02:00:00+01:00,101_STEAM_3,0.0
2030,sc01,11-15 02:00:00+01:00,123_CT_5,0.0
2030,sc01,11-15 02:00:00+01:00,123_STEAM_2,0.0
2030,sc01,11-15 02:00:00+01:00,101_CT_1,0.0
2030,sc01,11-15 02:00:00+01:00,115_STEAM_2,0.0
2030,sc01,11-15 02:00:00+01:00,123_CT_1,0.0
2030,sc01,11-15 02:00:00+01:00,113_CT_4,0.0
2030,sc01,11-15 02:00:00+01:00,116_STEAM_1,0.0
2030,sc01,11-15 02:00:00+01:00,113_CT_2,0.0
2030,sc01,11-16 04:00:00+01:00,118_CC_1,0.0
2030,sc01,11-16 04:00:00+01:00,101_CT_2,0.0
2030,sc01,11-16 04:00:00+01:00,123_STEAM_3,0.0
2030,sc01,11-16 04:00:00+01:00,107_CC_1,0.0
2030,sc01,11-16 04:00:00+01:00,102_CT_2,0.0
2030,sc01,11-16 04:00:00+01:00,102_STEAM_4,0.0
2030,sc01,11-16 04:00:00+01:00,113_CT_1,0.0
2030,sc01,11-16 04:00:00+01:00,101_STEAM_4,0.0
2030,sc01,11-16 04:00:00+01:00,115_STEAM_1,0.0
2030,sc01,11-16 04:00:00+01:00,123_CT_4,0.0
2030,sc01,11-16 04:00:00+01:00,121_NUCLEAR_1,0.0
2030,sc01,11-16 04:00:00+01:00,113_CT_3,0.0
2030,sc01,11-16 04:00:00+01:00,102_CT_1,0.0
2030,sc01,11-16 04:00:00+01:00,102_STEAM_3,0.0
2030,sc01,11-16 04:00:00+01:00,115_STEAM_3,0.0
2030,sc01,11-16 04:00:00+01:00,101_STEAM_3,0.0
2030,sc01,11-16 04:00:00+01:00,123_CT_5,0.0
2030,sc01,11-16 04:00:00+01:00,123_STEAM_2,0.0
2030,sc01,11-16 04:00:00+01:00,101_CT_1,0.0
2030,sc01,11-16 04:00:00+01:00,115_STEAM_2,0.0
2030,sc01,11-16 04:00:00+01:00,123_CT_1,0.0
2030,sc01,11-16 04:00:00+01:00,113_CT_4,0.0
2030,sc01,11-16 04:00:00+01:00,116_STEAM_1,0.0
2030,sc01,11-16 04:00:00+01:00,113_CT_2,0.0
2030,sc01,11-25 20:00:00+01:00,118_CC_1,0.0
2030,sc01,11-25 20:00:00+01:00,101_CT_2,0.0
2030,sc01,11-25 20:00:00+01:00,123_STEAM_3,0.0
2030,sc01,11-25 20:00:00+01:00,107_CC_1,0.0
2030,sc01,11-25 20:00:00+01:00,102_CT_2,0.0
2030,sc01,11-25 20:00:00+01:00,102_STEAM_4,0.0
2030,sc01,11-25 20:00:00+01:00,113_CT_1,0.0
2030,sc01,11-25 20:00:00+01:00,101_STEAM_4,0.0
2030,sc01,11-25 20:00:00+01:00,115_STEAM_1,0.0
2030,sc01,11-25 20:00:00+01:00,123_CT_4,0.0
2030,sc01,11-25 20:00:00+01:00,121_NUCLEAR_1,0.0
2030,sc01,11-25 20:00:00+01:00,113_CT_3,0.0
2030,sc01,11-25 20:00:00+01:00,102_CT_1,0.0
2030,sc01,11-25 20:00:00+01:00,102_STEAM_3,0.0
2030,sc01,11-25 20:00:00+01:00,115_STEAM_3,0.0
2030,sc01,11-25 20:00:00+01:00,101_STEAM_3,0.0
2030,sc01,11-25 20:00:00+01:00,123_CT_5,0.0
2030,sc01,11-25 20:00:00+01:00,123_STEAM_2,0.0
2030,sc01,11-25 20:00:00+01:00,101_CT_1,0.0
2030,sc01,11-25 20:00:00+01:00,115_STEAM_2,0.0
2030,sc01,11-25 20:00:00+01:00,123_CT_1,0.0
2030,sc01,11-25 20:00:00+01:00,113_CT_4,0.0
2030,sc01,11-25 20:00:00+01:00,116_STEAM_1,0.0
2030,sc01,11-25 20:00:00+01:00,113_CT_2,0.0
2030,sc01,11-29 04:00:00+01:00,118_CC_1,0.0
2030,sc01,11-29 04:00:00+01:00,101_CT_2,0.0
2030,sc01,11-29 04:00:00+01:00,123_STEAM_3,0.0
2030,sc01,11-29 04:00:00+01:00,107_CC_1,0.0
2030,sc01,11-29 04:00:00+01:00,102_CT_2,0.0
2030,sc01,11-29 04:00:00+01:00,102_STEAM_4,0.0
2030,sc01,11-29 04:00:00+01:00,113_CT_1,0.0
2030,sc01,11-29 04:00:00+01:00,101_STEAM_4,0.0
2030,sc01,11-29 04:00:00+01:00,115_STEAM_1,0.0
2030,sc01,11-29 04:00:00+01:00,123_CT_4,0.0
2030,sc01,11-29 04:00:00+01:00,121_NUCLEAR_1,0.0
2030,sc01,11-29 04:00:00+01:00,113_CT_3,0.0
2030,sc01,11-29 04:00:00+01:00,102_CT_1,0.0
2030,sc01,11-29 04:00:00+01:00,102_STEAM_3,0.0
2030,sc01,11-29 04:00:00+01:00,115_STEAM_3,0.0
2030,sc01,11-29 04:00:00+01:00,101_STEAM_3,0.0
2030,sc01,11-29 04:00:00+01:00,123_CT_5,0.0
2030,sc01,11-29 04:00:00+01:00,123_STEAM_2,0.0
2030,sc01,11-29 04:00:00+01:00,101_CT_1,0.0
2030,sc01,11-29 04:00:00+01:00,115_STEAM_2,0.0
2030,sc01,11-29 04:00:00+01:00,123_CT_1,0.0
2030,sc01,11-29 04:00:00+01:00,113_CT_4,0.0
2030,sc01,11-29 04:00:00+01:00,116_STEAM_1,0.0
2030,sc01,11-29 04:00:00+01:00,113_CT_2,0.0
2030,sc01,12-11 02:00:00+01:00,118_CC_1,0.0
2030,sc01,12-11 02:00:00+01:00,101_CT_2,0.0
2030,sc01,12-11 02:00:00+01:00,123_STEAM_3,0.0
2030,sc01,12-11 02:00:00+01:00,107_CC_1,0.0
2030,sc01,12-11 02:00:00+01:00,102_CT_2,0.0
2030,sc01,12-11 02:00:00+01:00,102_STEAM_4,0.0
2030,sc01,12-11 02:00:00+01:00,113_CT_1,0.0
2030,sc01,12-11 02:00:00+01:00,101_STEAM_4,0.0
2030,sc01,12-11 02:00:00+01:00,115_STEAM_1,0.0
2030,sc01,12-11 02:00:00+01:00,123_CT_4,0.0
2030,sc01,12-11 02:00:00+01:00,121_NUCLEAR_1,0.0
2030,sc01,12-11 02:00:00+01:00,113_CT_3,0.0
2030,sc01,12-11 02:00:00+01:00,102_CT_1,0.0
2030,sc01,12-11 02:00:00+01:00,102_STEAM_3,0.0
2030,sc01,12-11 02:00:00+01:00,115_STEAM_3,0.0
2030,sc01,12-11 02:00:00+01:00,101_STEAM_3,0.0
2030,sc01,12-11 02:00:00+01:00,123_CT_5,0.0
2030,sc01,12-11 02:00:00+01:00,123_STEAM_2,0.0
2030,sc01,12-11 02:00:00+01:00,101_CT_1,0.0
2030,sc01,12-11 02:00:00+01:00,115_STEAM_2,0.0
2030,sc01,12-11 02:00:00+01:00,123_CT_1,0.0
2030,sc01,12-11 02:00:00+01:00,113_CT_4,0.0
2030,sc01,12-11 02:00:00+01:00,116_STEAM_1,0.0
2030,sc01,12-11 02:00:00+01:00,113_CT_2,0.0
2030,sc01,12-11 13:00:00+01:00,118_CC_1,0.0
2030,sc01,12-11 13:00:00+01:00,101_CT_2,0.0
2030,sc01,12-11 13:00:00+01:00,123_STEAM_3,0.0
2030,sc01,12-11 13:00:00+01:00,107_CC_1,49.61935029901046
2030,sc01,12-11 13:00:00+01:00,102_CT_2,0.0
2030,sc01,12-11 13:00:00+01:00,102_STEAM_4,0.0
2030,sc01,12-11 13:00:00+01:00,113_CT_1,0.0
2030,sc01,12-11 13:00:00+01:00,101_STEAM_4,19.33487867709447
2030,sc01,12-11 13:00:00+01:00,115_STEAM_1,0.0
2030,sc01,12-11 13:00:00+01:00,123_CT_4,0.0
2030,sc01,12-11 13:00:00+01:00,121_NUCLEAR_1,0.0
2030,sc01,12-11 13:00:00+01:00,113_CT_3,0.0
2030,sc01,12-11 13:00:00+01:00,102_CT_1,0.0
2030,sc01,12-11 13:00:00+01:00,102_STEAM_3,0.0
2030,sc01,12-11 13:00:00+01:00,115_STEAM_3,111.03954497741358
2030,sc01,12-11 13:00:00+01:00,101_STEAM_3,10.533283735799998
2030,sc01,12-11 13:00:00+01:00,123_CT_5,0.0
2030,sc01,12-11 13:00:00+01:00,123_STEAM_2,0.0
2030,sc01,12-11 13:00:00+01:00,101_CT_1,0.0
2030,sc01,12-11 13:00:00+01:00,115_STEAM_2,0.0
2030,sc01,12-11 13:00:00+01:00,123_CT_1,0.0
2030,sc01,12-11 13:00:00+01:00,113_CT_4,0.0
2030,sc01,12-11 13:00:00+01:00,116_STEAM_1,0.0
2030,sc01,12-11 13:00:00+01:00,113_CT_2,0.0
