Period,Scenario,LoadLevel,Node,GWh
2030,sc01,02-19 00:00:00+01:00,Node_1,0.0
2030,sc01,02-19 00:00:00+01:00,Node_2,0.0
2030,sc01,02-19 00:00:00+01:00,Node_3,0.0
2030,sc01,02-19 01:00:00+01:00,Node_1,0.0
2030,sc01,02-19 01:00:00+01:00,Node_2,0.0
2030,sc01,02-19 01:00:00+01:00,Node_3,0.0
2030,sc01,02-19 02:00:00+01:00,Node_1,0.0
2030,sc01,02-19 02:00:00+01:00,Node_2,0.0
2030,sc01,02-19 02:00:00+01:00,Node_3,0.0
2030,sc01,02-19 03:00:00+01:00,Node_1,0.0
2030,sc01,02-19 03:00:00+01:00,Node_2,0.0
2030,sc01,02-19 03:00:00+01:00,Node_3,0.0
2030,sc01,02-19 04:00:00+01:00,Node_1,0.0
2030,sc01,02-19 04:00:00+01:00,Node_2,0.0
2030,sc01,02-19 04:00:00+01:00,Node_3,0.0
2030,sc01,02-19 05:00:00+01:00,Node_1,0.0
2030,sc01,02-19 05:00:00+01:00,Node_2,0.0
2030,sc01,02-19 05:00:00+01:00,Node_3,0.0
2030,sc01,02-19 06:00:00+01:00,Node_1,0.0
2030,sc01,02-19 06:00:00+01:00,Node_2,0.0
2030,sc01,02-19 06:00:00+01:00,Node_3,0.0
2030,sc01,02-19 07:00:00+01:00,Node_1,0.0
2030,sc01,02-19 07:00:00+01:00,Node_2,0.0
2030,sc01,02-19 07:00:00+01:00,Node_3,0.0
2030,sc01,02-19 08:00:00+01:00,Node_1,0.0
2030,sc01,02-19 08:00:00+01:00,Node_2,0.0
2030,sc01,02-19 08:00:00+01:00,Node_3,0.0
2030,sc01,02-19 09:00:00+01:00,Node_1,0.0
2030,sc01,02-19 09:00:00+01:00,Node_2,0.0
2030,sc01,02-19 09:00:00+01:00,Node_3,0.0
2030,sc01,02-19 10:00:00+01:00,Node_1,0.0
2030,sc01,02-19 10:00:00+01:00,Node_2,0.0
2030,sc01,02-19 10:00:00+01:00,Node_3,0.0
2030,sc01,02-19 11:00:00+01:00,Node_1,0.0
2030,sc01,02-19 11:00:00+01:00,Node_2,0.0
2030,sc01,02-19 11:00:00+01:00,Node_3,0.0
2030,sc01,02-19 12:00:00+01:00,Node_1,0.0
2030,sc01,02-19 12:00:00+01:00,Node_2,0.0
2030,sc01,02-19 12:00:00+01:00,Node_3,0.0
2030,sc01,02-19 13:00:00+01:00,Node_1,0.0
2030,sc01,02-19 13:00:00+01:00,Node_2,0.0
2030,sc01,02-19 13:00:00+01:00,Node_3,0.0
2030,sc01,02-19 14:00:00+01:00,Node_1,0.0
2030,sc01,02-19 14:00:00+01:00,Node_2,0.0
2030,sc01,02-19 14:00:00+01:00,Node_3,0.0
2030,sc01,02-19 15:00:00+01:00,Node_1,0.0
2030,sc01,02-19 15:00:00+01:00,Node_2,0.0
2030,sc01,02-19 15:00:00+01:00,Node_3,0.0
2030,sc01,02-19 16:00:00+01:00,Node_1,0.0
2030,sc01,02-19 16:00:00+01:00,Node_2,0.0
2030,sc01,02-19 16:00:00+01:00,Node_3,0.0
2030,sc01,02-19 17:00:00+01:00,Node_1,0.0
2030,sc01,02-19 17:00:00+01:00,Node_2,0.0
2030,sc01,02-19 17:00:00+01:00,Node_3,0.0
2030,sc01,02-19 18:00:00+01:00,Node_1,0.0
2030,sc01,02-19 18:00:00+01:00,Node_2,0.0
2030,sc01,02-19 18:00:00+01:00,Node_3,0.0
2030,sc01,02-19 19:00:00+01:00,Node_1,0.0
2030,sc01,02-19 19:00:00+01:00,Node_2,0.0
2030,sc01,02-19 19:00:00+01:00,Node_3,0.0
2030,sc01,02-19 20:00:00+01:00,Node_1,0.0
2030,sc01,02-19 20:00:00+01:00,Node_2,0.0
2030,sc01,02-19 20:00:00+01:00,Node_3,0.0
2030,sc01,02-19 21:00:00+01:00,Node_1,0.0
2030,sc01,02-19 21:00:00+01:00,Node_2,0.0
2030,sc01,02-19 21:00:00+01:00,Node_3,0.0
2030,sc01,02-19 22:00:00+01:00,Node_1,0.0
2030,sc01,02-19 22:00:00+01:00,Node_2,0.0
2030,sc01,02-19 22:00:00+01:00,Node_3,0.0
2030,sc01,02-19 23:00:00+01:00,Node_1,0.0
2030,sc01,02-19 23:00:00+01:00,Node_2,0.0
2030,sc01,02-19 23:00:00+01:00,Node_3,0.0
2030,sc01,02-26 00:00:00+01:00,Node_1,0.0
2030,sc01,02-26 00:00:00+01:00,Node_2,0.0
2030,sc01,02-26 00:00:00+01:00,Node_3,0.0
2030,sc01,02-26 01:00:00+01:00,Node_1,0.0
2030,sc01,02-26 01:00:00+01:00,Node_2,0.0
2030,sc01,02-26 01:00:00+01:00,Node_3,0.0
2030,sc01,02-26 02:00:00+01:00,Node_1,0.0
2030,sc01,02-26 02:00:00+01:00,Node_2,0.0
2030,sc01,02-26 02:00:00+01:00,Node_3,0.0
2030,sc01,02-26 03:00:00+01:00,Node_1,0.0
2030,sc01,02-26 03:00:00+01:00,Node_2,0.0
2030,sc01,02-26 03:00:00+01:00,Node_3,0.0
2030,sc01,02-26 04:00:00+01:00,Node_1,0.0
2030,sc01,02-26 04:00:00+01:00,Node_2,0.0
2030,sc01,02-26 04:00:00+01:00,Node_3,0.0
2030,sc01,02-26 05:00:00+01:00,Node_1,0.0
2030,sc01,02-26 05:00:00+01:00,Node_2,0.0
2030,sc01,02-26 05:00:00+01:00,Node_3,0.0
2030,sc01,02-26 06:00:00+01:00,Node_1,0.0
2030,sc01,02-26 06:00:00+01:00,Node_2,0.0
2030,sc01,02-26 06:00:00+01:00,Node_3,0.0
2030,sc01,02-26 07:00:00+01:00,Node_1,0.0
2030,sc01,02-26 07:00:00+01:00,Node_2,0.0
2030,sc01,02-26 07:00:00+01:00,Node_3,0.0
2030,sc01,02-26 08:00:00+01:00,Node_1,0.0
2030,sc01,02-26 08:00:00+01:00,Node_2,0.0
2030,sc01,02-26 08:00:00+01:00,Node_3,0.0
2030,sc01,02-26 09:00:00+01:00,Node_1,0.0
2030,sc01,02-26 09:00:00+01:00,Node_2,0.0
2030,sc01,02-26 09:00:00+01:00,Node_3,0.0
2030,sc01,02-26 10:00:00+01:00,Node_1,0.0
2030,sc01,02-26 10:00:00+01:00,Node_2,0.0
2030,sc01,02-26 10:00:00+01:00,Node_3,0.0
2030,sc01,02-26 11:00:00+01:00,Node_1,0.0
2030,sc01,02-26 11:00:00+01:00,Node_2,0.0
2030,sc01,02-26 11:00:00+01:00,Node_3,0.0
2030,sc01,02-26 12:00:00+01:00,Node_1,0.0
2030,sc01,02-26 12:00:00+01:00,Node_2,0.0
2030,sc01,02-26 12:00:00+01:00,Node_3,0.0
2030,sc01,02-26 13:00:00+01:00,Node_1,0.0
2030,sc01,02-26 13:00:00+01:00,Node_2,0.0
2030,sc01,02-26 13:00:00+01:00,Node_3,0.0
2030,sc01,02-26 14:00:00+01:00,Node_1,0.0
2030,sc01,02-26 14:00:00+01:00,Node_2,0.0
2030,sc01,02-26 14:00:00+01:00,Node_3,0.0
2030,sc01,02-26 15:00:00+01:00,Node_1,0.0
2030,sc01,02-26 15:00:00+01:00,Node_2,0.0
2030,sc01,02-26 15:00:00+01:00,Node_3,0.0
2030,sc01,02-26 16:00:00+01:00,Node_1,0.0
2030,sc01,02-26 16:00:00+01:00,Node_2,0.0
2030,sc01,02-26 16:00:00+01:00,Node_3,0.0
2030,sc01,02-26 17:00:00+01:00,Node_1,0.0
2030,sc01,02-26 17:00:00+01:00,Node_2,0.0
2030,sc01,02-26 17:00:00+01:00,Node_3,0.0
2030,sc01,02-26 18:00:00+01:00,Node_1,0.0
2030,sc01,02-26 18:00:00+01:00,Node_2,0.0
2030,sc01,02-26 18:00:00+01:00,Node_3,0.0
2030,sc01,02-26 19:00:00+01:00,Node_1,0.0
2030,sc01,02-26 19:00:00+01:00,Node_2,0.0
2030,sc01,02-26 19:00:00+01:00,Node_3,0.0
2030,sc01,02-26 20:00:00+01:00,Node_1,0.0
2030,sc01,02-26 20:00:00+01:00,Node_2,0.0
2030,sc01,02-26 20:00:00+01:00,Node_3,0.0
2030,sc01,02-26 21:00:00+01:00,Node_1,0.0
2030,sc01,02-26 21:00:00+01:00,Node_2,0.0
2030,sc01,02-26 21:00:00+01:00,Node_3,0.0
2030,sc01,02-26 22:00:00+01:00,Node_1,0.0
2030,sc01,02-26 22:00:00+01:00,Node_2,0.0
2030,sc01,02-26 22:00:00+01:00,Node_3,0.0
2030,sc01,02-26 23:00:00+01:00,Node_1,0.0
2030,sc01,02-26 23:00:00+01:00,Node_2,0.0
2030,sc01,02-26 23:00:00+01:00,Node_3,0.0
2030,sc01,02-28 00:00:00+01:00,Node_1,0.0
2030,sc01,02-28 00:00:00+01:00,Node_2,0.0
2030,sc01,02-28 00:00:00+01:00,Node_3,0.0
2030,sc01,02-28 01:00:00+01:00,Node_1,0.0
2030,sc01,02-28 01:00:00+01:00,Node_2,0.0
2030,sc01,02-28 01:00:00+01:00,Node_3,0.0
2030,sc01,02-28 02:00:00+01:00,Node_1,0.0
2030,sc01,02-28 02:00:00+01:00,Node_2,0.0
2030,sc01,02-28 02:00:00+01:00,Node_3,0.0
2030,sc01,02-28 03:00:00+01:00,Node_1,0.0
2030,sc01,02-28 03:00:00+01:00,Node_2,0.0
2030,sc01,02-28 03:00:00+01:00,Node_3,0.0
2030,sc01,02-28 04:00:00+01:00,Node_1,0.0
2030,sc01,02-28 04:00:00+01:00,Node_2,0.0
2030,sc01,02-28 04:00:00+01:00,Node_3,0.0
2030,sc01,02-28 05:00:00+01:00,Node_1,0.0
2030,sc01,02-28 05:00:00+01:00,Node_2,0.0
2030,sc01,02-28 05:00:00+01:00,Node_3,0.0
2030,sc01,02-28 06:00:00+01:00,Node_1,0.0
2030,sc01,02-28 06:00:00+01:00,Node_2,0.0
2030,sc01,02-28 06:00:00+01:00,Node_3,0.0
2030,sc01,02-28 07:00:00+01:00,Node_1,0.0
2030,sc01,02-28 07:00:00+01:00,Node_2,0.0
2030,sc01,02-28 07:00:00+01:00,Node_3,0.0
2030,sc01,02-28 08:00:00+01:00,Node_1,0.0
2030,sc01,02-28 08:00:00+01:00,Node_2,0.0
2030,sc01,02-28 08:00:00+01:00,Node_3,0.0
2030,sc01,02-28 09:00:00+01:00,Node_1,0.0
2030,sc01,02-28 09:00:00+01:00,Node_2,0.0
2030,sc01,02-28 09:00:00+01:00,Node_3,0.0
2030,sc01,02-28 10:00:00+01:00,Node_1,0.0
2030,sc01,02-28 10:00:00+01:00,Node_2,0.0
2030,sc01,02-28 10:00:00+01:00,Node_3,0.0
2030,sc01,02-28 11:00:00+01:00,Node_1,0.0
2030,sc01,02-28 11:00:00+01:00,Node_2,0.0
2030,sc01,02-28 11:00:00+01:00,Node_3,0.0
2030,sc01,02-28 12:00:00+01:00,Node_1,0.0
2030,sc01,02-28 12:00:00+01:00,Node_2,0.0
2030,sc01,02-28 12:00:00+01:00,Node_3,0.0
2030,sc01,02-28 13:00:00+01:00,Node_1,0.0
2030,sc01,02-28 13:00:00+01:00,Node_2,0.0
2030,sc01,02-28 13:00:00+01:00,Node_3,0.0
2030,sc01,02-28 14:00:00+01:00,Node_1,0.0
2030,sc01,02-28 14:00:00+01:00,Node_2,0.0
2030,sc01,02-28 14:00:00+01:00,Node_3,0.0
2030,sc01,02-28 15:00:00+01:00,Node_1,0.0
2030,sc01,02-28 15:00:00+01:00,Node_2,0.0
2030,sc01,02-28 15:00:00+01:00,Node_3,0.0
2030,sc01,02-28 16:00:00+01:00,Node_1,0.0
2030,sc01,02-28 16:00:00+01:00,Node_2,0.0
2030,sc01,02-28 16:00:00+01:00,Node_3,0.0
2030,sc01,02-28 17:00:00+01:00,Node_1,0.0
2030,sc01,02-28 17:00:00+01:00,Node_2,0.0
2030,sc01,02-28 17:00:00+01:00,Node_3,0.0
2030,sc01,02-28 18:00:00+01:00,Node_1,0.0
2030,sc01,02-28 18:00:00+01:00,Node_2,0.0
2030,sc01,02-28 18:00:00+01:00,Node_3,0.0
2030,sc01,02-28 19:00:00+01:00,Node_1,0.0
2030,sc01,02-28 19:00:00+01:00,Node_2,0.0
2030,sc01,02-28 19:00:00+01:00,Node_3,0.0
2030,sc01,02-28 20:00:00+01:00,Node_1,0.0
2030,sc01,02-28 20:00:00+01:00,Node_2,0.0
2030,sc01,02-28 20:00:00+01:00,Node_3,0.0
2030,sc01,02-28 21:00:00+01:00,Node_1,0.0
2030,sc01,02-28 21:00:00+01:00,Node_2,0.0
2030,sc01,02-28 21:00:00+01:00,Node_3,0.0
2030,sc01,02-28 22:00:00+01:00,Node_1,0.0
2030,sc01,02-28 22:00:00+01:00,Node_2,0.0
2030,sc01,02-28 22:00:00+01:00,Node_3,0.0
2030,sc01,02-28 23:00:00+01:00,Node_1,0.0
2030,sc01,02-28 23:00:00+01:00,Node_2,0.0
2030,sc01,02-28 23:00:00+01:00,Node_3,0.0
2030,sc01,03-31 00:00:00+01:00,Node_1,0.0
2030,sc01,03-31 00:00:00+01:00,Node_2,0.0
2030,sc01,03-31 00:00:00+01:00,Node_3,0.0
2030,sc01,03-31 01:00:00+01:00,Node_1,0.0
2030,sc01,03-31 01:00:00+01:00,Node_2,0.0
2030,sc01,03-31 01:00:00+01:00,Node_3,0.0
2030,sc01,03-31 02:00:00+01:00,Node_1,0.0
2030,sc01,03-31 02:00:00+01:00,Node_2,0.0
2030,sc01,03-31 02:00:00+01:00,Node_3,0.0
2030,sc01,03-31 03:00:00+02:00,Node_1,0.0
2030,sc01,03-31 03:00:00+02:00,Node_2,0.0
2030,sc01,03-31 03:00:00+02:00,Node_3,0.0
2030,sc01,03-31 04:00:00+02:00,Node_1,0.0
2030,sc01,03-31 04:00:00+02:00,Node_2,0.0
2030,sc01,03-31 04:00:00+02:00,Node_3,0.0
2030,sc01,03-31 05:00:00+02:00,Node_1,0.0
2030,sc01,03-31 05:00:00+02:00,Node_2,0.0
2030,sc01,03-31 05:00:00+02:00,Node_3,0.0
2030,sc01,03-31 06:00:00+02:00,Node_1,0.0
2030,sc01,03-31 06:00:00+02:00,Node_2,0.0
2030,sc01,03-31 06:00:00+02:00,Node_3,0.0
2030,sc01,03-31 07:00:00+02:00,Node_1,0.0
2030,sc01,03-31 07:00:00+02:00,Node_2,0.0
2030,sc01,03-31 07:00:00+02:00,Node_3,0.0
2030,sc01,03-31 08:00:00+02:00,Node_1,0.0
2030,sc01,03-31 08:00:00+02:00,Node_2,0.0
2030,sc01,03-31 08:00:00+02:00,Node_3,0.0
2030,sc01,03-31 09:00:00+02:00,Node_1,0.0
2030,sc01,03-31 09:00:00+02:00,Node_2,0.0
2030,sc01,03-31 09:00:00+02:00,Node_3,0.0
2030,sc01,03-31 10:00:00+02:00,Node_1,0.0
2030,sc01,03-31 10:00:00+02:00,Node_2,0.0
2030,sc01,03-31 10:00:00+02:00,Node_3,0.0
2030,sc01,03-31 11:00:00+02:00,Node_1,0.0
2030,sc01,03-31 11:00:00+02:00,Node_2,0.0
2030,sc01,03-31 11:00:00+02:00,Node_3,0.0
2030,sc01,03-31 12:00:00+02:00,Node_1,0.0
2030,sc01,03-31 12:00:00+02:00,Node_2,0.0
2030,sc01,03-31 12:00:00+02:00,Node_3,0.0
2030,sc01,03-31 13:00:00+02:00,Node_1,0.0
2030,sc01,03-31 13:00:00+02:00,Node_2,0.0
2030,sc01,03-31 13:00:00+02:00,Node_3,0.0
2030,sc01,03-31 14:00:00+02:00,Node_1,0.0
2030,sc01,03-31 14:00:00+02:00,Node_2,0.0
2030,sc01,03-31 14:00:00+02:00,Node_3,0.0
2030,sc01,03-31 15:00:00+02:00,Node_1,0.0
2030,sc01,03-31 15:00:00+02:00,Node_2,0.0
2030,sc01,03-31 15:00:00+02:00,Node_3,0.0
2030,sc01,03-31 16:00:00+02:00,Node_1,0.0
2030,sc01,03-31 16:00:00+02:00,Node_2,0.0
2030,sc01,03-31 16:00:00+02:00,Node_3,0.0
2030,sc01,03-31 17:00:00+02:00,Node_1,0.0
2030,sc01,03-31 17:00:00+02:00,Node_2,0.0
2030,sc01,03-31 17:00:00+02:00,Node_3,0.0
2030,sc01,03-31 18:00:00+02:00,Node_1,0.0
2030,sc01,03-31 18:00:00+02:00,Node_2,0.0
2030,sc01,03-31 18:00:00+02:00,Node_3,0.0
2030,sc01,03-31 19:00:00+02:00,Node_1,0.0
2030,sc01,03-31 19:00:00+02:00,Node_2,0.0
2030,sc01,03-31 19:00:00+02:00,Node_3,0.0
2030,sc01,03-31 20:00:00+02:00,Node_1,0.0
2030,sc01,03-31 20:00:00+02:00,Node_2,0.0
2030,sc01,03-31 20:00:00+02:00,Node_3,0.0
2030,sc01,03-31 21:00:00+02:00,Node_1,0.0
2030,sc01,03-31 21:00:00+02:00,Node_2,0.0
2030,sc01,03-31 21:00:00+02:00,Node_3,0.0
2030,sc01,03-31 22:00:00+02:00,Node_1,0.0
2030,sc01,03-31 22:00:00+02:00,Node_2,0.0
2030,sc01,03-31 22:00:00+02:00,Node_3,0.0
2030,sc01,03-31 23:00:00+02:00,Node_1,0.0
2030,sc01,03-31 23:00:00+02:00,Node_2,0.0
2030,sc01,03-31 23:00:00+02:00,Node_3,0.0
2030,sc01,05-13 00:00:00+02:00,Node_1,0.0
2030,sc01,05-13 00:00:00+02:00,Node_2,0.0
2030,sc01,05-13 00:00:00+02:00,Node_3,0.0
2030,sc01,05-13 01:00:00+02:00,Node_1,0.0
2030,sc01,05-13 01:00:00+02:00,Node_2,0.0
2030,sc01,05-13 01:00:00+02:00,Node_3,0.0
2030,sc01,05-13 02:00:00+02:00,Node_1,0.0
2030,sc01,05-13 02:00:00+02:00,Node_2,0.0
2030,sc01,05-13 02:00:00+02:00,Node_3,0.0
2030,sc01,05-13 03:00:00+02:00,Node_1,0.0
2030,sc01,05-13 03:00:00+02:00,Node_2,0.0
2030,sc01,05-13 03:00:00+02:00,Node_3,0.0
2030,sc01,05-13 04:00:00+02:00,Node_1,0.0
2030,sc01,05-13 04:00:00+02:00,Node_2,0.0
2030,sc01,05-13 04:00:00+02:00,Node_3,0.0
2030,sc01,05-13 05:00:00+02:00,Node_1,0.0
2030,sc01,05-13 05:00:00+02:00,Node_2,0.0
2030,sc01,05-13 05:00:00+02:00,Node_3,0.0
2030,sc01,05-13 06:00:00+02:00,Node_1,0.0
2030,sc01,05-13 06:00:00+02:00,Node_2,0.0
2030,sc01,05-13 06:00:00+02:00,Node_3,0.0
2030,sc01,05-13 07:00:00+02:00,Node_1,0.0
2030,sc01,05-13 07:00:00+02:00,Node_2,0.0
2030,sc01,05-13 07:00:00+02:00,Node_3,0.0
2030,sc01,05-13 08:00:00+02:00,Node_1,0.0
2030,sc01,05-13 08:00:00+02:00,Node_2,0.0
2030,sc01,05-13 08:00:00+02:00,Node_3,0.0
2030,sc01,05-13 09:00:00+02:00,Node_1,0.0
2030,sc01,05-13 09:00:00+02:00,Node_2,0.0
2030,sc01,05-13 09:00:00+02:00,Node_3,0.0
2030,sc01,05-13 10:00:00+02:00,Node_1,0.0
2030,sc01,05-13 10:00:00+02:00,Node_2,0.0
2030,sc01,05-13 10:00:00+02:00,Node_3,0.0
2030,sc01,05-13 11:00:00+02:00,Node_1,0.0
2030,sc01,05-13 11:00:00+02:00,Node_2,0.0
2030,sc01,05-13 11:00:00+02:00,Node_3,0.0
2030,sc01,05-13 12:00:00+02:00,Node_1,0.0
2030,sc01,05-13 12:00:00+02:00,Node_2,0.0
2030,sc01,05-13 12:00:00+02:00,Node_3,0.0
2030,sc01,05-13 13:00:00+02:00,Node_1,0.0
2030,sc01,05-13 13:00:00+02:00,Node_2,0.0
2030,sc01,05-13 13:00:00+02:00,Node_3,0.0
2030,sc01,05-13 14:00:00+02:00,Node_1,0.0
2030,sc01,05-13 14:00:00+02:00,Node_2,0.0
2030,sc01,05-13 14:00:00+02:00,Node_3,0.0
2030,sc01,05-13 15:00:00+02:00,Node_1,0.0
2030,sc01,05-13 15:00:00+02:00,Node_2,0.0
2030,sc01,05-13 15:00:00+02:00,Node_3,0.0
2030,sc01,05-13 16:00:00+02:00,Node_1,0.0
2030,sc01,05-13 16:00:00+02:00,Node_2,0.0
2030,sc01,05-13 16:00:00+02:00,Node_3,0.0
2030,sc01,05-13 17:00:00+02:00,Node_1,0.0
2030,sc01,05-13 17:00:00+02:00,Node_2,0.0
2030,sc01,05-13 17:00:00+02:00,Node_3,0.0
2030,sc01,05-13 18:00:00+02:00,Node_1,0.0
2030,sc01,05-13 18:00:00+02:00,Node_2,0.0
2030,sc01,05-13 18:00:00+02:00,Node_3,0.0
2030,sc01,05-13 19:00:00+02:00,Node_1,0.0
2030,sc01,05-13 19:00:00+02:00,Node_2,0.0
2030,sc01,05-13 19:00:00+02:00,Node_3,0.0
2030,sc01,05-13 20:00:00+02:00,Node_1,0.0
2030,sc01,05-13 20:00:00+02:00,Node_2,0.0
2030,sc01,05-13 20:00:00+02:00,Node_3,0.0
2030,sc01,05-13 21:00:00+02:00,Node_1,0.0
2030,sc01,05-13 21:00:00+02:00,Node_2,0.0
2030,sc01,05-13 21:00:00+02:00,Node_3,0.0
2030,sc01,05-13 22:00:00+02:00,Node_1,0.0
2030,sc01,05-13 22:00:00+02:00,Node_2,0.0
2030,sc01,05-13 22:00:00+02:00,Node_3,0.0
2030,sc01,05-13 23:00:00+02:00,Node_1,0.0
2030,sc01,05-13 23:00:00+02:00,Node_2,0.0
2030,sc01,05-13 23:00:00+02:00,Node_3,0.0
2030,sc01,05-19 00:00:00+02:00,Node_1,0.0
2030,sc01,05-19 00:00:00+02:00,Node_2,0.0
2030,sc01,05-19 00:00:00+02:00,Node_3,0.0
2030,sc01,05-19 01:00:00+02:00,Node_1,0.0
2030,sc01,05-19 01:00:00+02:00,Node_2,0.0
2030,sc01,05-19 01:00:00+02:00,Node_3,0.0
2030,sc01,05-19 02:00:00+02:00,Node_1,0.0
2030,sc01,05-19 02:00:00+02:00,Node_2,0.0
2030,sc01,05-19 02:00:00+02:00,Node_3,0.0
2030,sc01,05-19 03:00:00+02:00,Node_1,0.0
2030,sc01,05-19 03:00:00+02:00,Node_2,0.0
2030,sc01,05-19 03:00:00+02:00,Node_3,0.0
2030,sc01,05-19 04:00:00+02:00,Node_1,0.0
2030,sc01,05-19 04:00:00+02:00,Node_2,0.0
2030,sc01,05-19 04:00:00+02:00,Node_3,0.0
2030,sc01,05-19 05:00:00+02:00,Node_1,0.0
2030,sc01,05-19 05:00:00+02:00,Node_2,0.0
2030,sc01,05-19 05:00:00+02:00,Node_3,0.0
2030,sc01,05-19 06:00:00+02:00,Node_1,0.0
2030,sc01,05-19 06:00:00+02:00,Node_2,0.0
2030,sc01,05-19 06:00:00+02:00,Node_3,0.0
2030,sc01,05-19 07:00:00+02:00,Node_1,0.0
2030,sc01,05-19 07:00:00+02:00,Node_2,0.0
2030,sc01,05-19 07:00:00+02:00,Node_3,0.0
2030,sc01,05-19 08:00:00+02:00,Node_1,0.0
2030,sc01,05-19 08:00:00+02:00,Node_2,0.0
2030,sc01,05-19 08:00:00+02:00,Node_3,0.0
2030,sc01,05-19 09:00:00+02:00,Node_1,0.0
2030,sc01,05-19 09:00:00+02:00,Node_2,0.0
2030,sc01,05-19 09:00:00+02:00,Node_3,0.0
2030,sc01,05-19 10:00:00+02:00,Node_1,0.0
2030,sc01,05-19 10:00:00+02:00,Node_2,0.0
2030,sc01,05-19 10:00:00+02:00,Node_3,0.0
2030,sc01,05-19 11:00:00+02:00,Node_1,0.0
2030,sc01,05-19 11:00:00+02:00,Node_2,0.0
2030,sc01,05-19 11:00:00+02:00,Node_3,0.0
2030,sc01,05-19 12:00:00+02:00,Node_1,0.0
2030,sc01,05-19 12:00:00+02:00,Node_2,0.0
2030,sc01,05-19 12:00:00+02:00,Node_3,0.0
2030,sc01,05-19 13:00:00+02:00,Node_1,0.0
2030,sc01,05-19 13:00:00+02:00,Node_2,0.0
2030,sc01,05-19 13:00:00+02:00,Node_3,0.0
2030,sc01,05-19 14:00:00+02:00,Node_1,0.0
2030,sc01,05-19 14:00:00+02:00,Node_2,0.0
2030,sc01,05-19 14:00:00+02:00,Node_3,0.0
2030,sc01,05-19 15:00:00+02:00,Node_1,0.0
2030,sc01,05-19 15:00:00+02:00,Node_2,0.0
2030,sc01,05-19 15:00:00+02:00,Node_3,0.0
2030,sc01,05-19 16:00:00+02:00,Node_1,0.0
2030,sc01,05-19 16:00:00+02:00,Node_2,0.0
2030,sc01,05-19 16:00:00+02:00,Node_3,0.0
2030,sc01,05-19 17:00:00+02:00,Node_1,0.0
2030,sc01,05-19 17:00:00+02:00,Node_2,0.0
2030,sc01,05-19 17:00:00+02:00,Node_3,0.0
2030,sc01,05-19 18:00:00+02:00,Node_1,0.0
2030,sc01,05-19 18:00:00+02:00,Node_2,0.0
2030,sc01,05-19 18:00:00+02:00,Node_3,0.0
2030,sc01,05-19 19:00:00+02:00,Node_1,0.0
2030,sc01,05-19 19:00:00+02:00,Node_2,0.0
2030,sc01,05-19 19:00:00+02:00,Node_3,0.0
2030,sc01,05-19 20:00:00+02:00,Node_1,0.0
2030,sc01,05-19 20:00:00+02:00,Node_2,0.0
2030,sc01,05-19 20:00:00+02:00,Node_3,0.0
2030,sc01,05-19 21:00:00+02:00,Node_1,0.0
2030,sc01,05-19 21:00:00+02:00,Node_2,0.0
2030,sc01,05-19 21:00:00+02:00,Node_3,0.0
2030,sc01,05-19 22:00:00+02:00,Node_1,0.0
2030,sc01,05-19 22:00:00+02:00,Node_2,0.0
2030,sc01,05-19 22:00:00+02:00,Node_3,0.0
2030,sc01,05-19 23:00:00+02:00,Node_1,0.0
2030,sc01,05-19 23:00:00+02:00,Node_2,0.0
2030,sc01,05-19 23:00:00+02:00,Node_3,0.0
2030,sc01,07-04 00:00:00+02:00,Node_1,0.0
2030,sc01,07-04 00:00:00+02:00,Node_2,0.0
2030,sc01,07-04 00:00:00+02:00,Node_3,0.0
2030,sc01,07-04 01:00:00+02:00,Node_1,0.0
2030,sc01,07-04 01:00:00+02:00,Node_2,0.0
2030,sc01,07-04 01:00:00+02:00,Node_3,0.0
2030,sc01,07-04 02:00:00+02:00,Node_1,0.0
2030,sc01,07-04 02:00:00+02:00,Node_2,0.0
2030,sc01,07-04 02:00:00+02:00,Node_3,0.0
2030,sc01,07-04 03:00:00+02:00,Node_1,0.0
2030,sc01,07-04 03:00:00+02:00,Node_2,0.0
2030,sc01,07-04 03:00:00+02:00,Node_3,0.0
2030,sc01,07-04 04:00:00+02:00,Node_1,0.0
2030,sc01,07-04 04:00:00+02:00,Node_2,0.0
2030,sc01,07-04 04:00:00+02:00,Node_3,0.0
2030,sc01,07-04 05:00:00+02:00,Node_1,0.0
2030,sc01,07-04 05:00:00+02:00,Node_2,0.0
2030,sc01,07-04 05:00:00+02:00,Node_3,0.0
2030,sc01,07-04 06:00:00+02:00,Node_1,0.0
2030,sc01,07-04 06:00:00+02:00,Node_2,0.0
2030,sc01,07-04 06:00:00+02:00,Node_3,0.0
2030,sc01,07-04 07:00:00+02:00,Node_1,0.0
2030,sc01,07-04 07:00:00+02:00,Node_2,0.0
2030,sc01,07-04 07:00:00+02:00,Node_3,0.0
2030,sc01,07-04 08:00:00+02:00,Node_1,0.0
2030,sc01,07-04 08:00:00+02:00,Node_2,0.0
2030,sc01,07-04 08:00:00+02:00,Node_3,0.0
2030,sc01,07-04 09:00:00+02:00,Node_1,0.0
2030,sc01,07-04 09:00:00+02:00,Node_2,0.0
2030,sc01,07-04 09:00:00+02:00,Node_3,0.0
2030,sc01,07-04 10:00:00+02:00,Node_1,0.0
2030,sc01,07-04 10:00:00+02:00,Node_2,0.0
2030,sc01,07-04 10:00:00+02:00,Node_3,0.0
2030,sc01,07-04 11:00:00+02:00,Node_1,0.0
2030,sc01,07-04 11:00:00+02:00,Node_2,0.0
2030,sc01,07-04 11:00:00+02:00,Node_3,0.0
2030,sc01,07-04 12:00:00+02:00,Node_1,0.0
2030,sc01,07-04 12:00:00+02:00,Node_2,0.0
2030,sc01,07-04 12:00:00+02:00,Node_3,0.0
2030,sc01,07-04 13:00:00+02:00,Node_1,0.0
2030,sc01,07-04 13:00:00+02:00,Node_2,0.0
2030,sc01,07-04 13:00:00+02:00,Node_3,0.0
2030,sc01,07-04 14:00:00+02:00,Node_1,0.0
2030,sc01,07-04 14:00:00+02:00,Node_2,0.0
2030,sc01,07-04 14:00:00+02:00,Node_3,0.0
2030,sc01,07-04 15:00:00+02:00,Node_1,0.0
2030,sc01,07-04 15:00:00+02:00,Node_2,0.0
2030,sc01,07-04 15:00:00+02:00,Node_3,0.0
2030,sc01,07-04 16:00:00+02:00,Node_1,0.0
2030,sc01,07-04 16:00:00+02:00,Node_2,0.0
2030,sc01,07-04 16:00:00+02:00,Node_3,0.0
2030,sc01,07-04 17:00:00+02:00,Node_1,0.0
2030,sc01,07-04 17:00:00+02:00,Node_2,0.0
2030,sc01,07-04 17:00:00+02:00,Node_3,0.0
2030,sc01,07-04 18:00:00+02:00,Node_1,0.0
2030,sc01,07-04 18:00:00+02:00,Node_2,0.0
2030,sc01,07-04 18:00:00+02:00,Node_3,0.0
2030,sc01,07-04 19:00:00+02:00,Node_1,0.0
2030,sc01,07-04 19:00:00+02:00,Node_2,0.0
2030,sc01,07-04 19:00:00+02:00,Node_3,0.0
2030,sc01,07-04 20:00:00+02:00,Node_1,0.0
2030,sc01,07-04 20:00:00+02:00,Node_2,0.0
2030,sc01,07-04 20:00:00+02:00,Node_3,0.0
2030,sc01,07-04 21:00:00+02:00,Node_1,0.0
2030,sc01,07-04 21:00:00+02:00,Node_2,0.0
2030,sc01,07-04 21:00:00+02:00,Node_3,0.0
2030,sc01,07-04 22:00:00+02:00,Node_1,0.0
2030,sc01,07-04 22:00:00+02:00,Node_2,0.0
2030,sc01,07-04 22:00:00+02:00,Node_3,0.0
2030,sc01,07-04 23:00:00+02:00,Node_1,0.0
2030,sc01,07-04 23:00:00+02:00,Node_2,0.0
2030,sc01,07-04 23:00:00+02:00,Node_3,0.0
2030,sc01,07-17 00:00:00+02:00,Node_1,0.0
2030,sc01,07-17 00:00:00+02:00,Node_2,0.0
2030,sc01,07-17 00:00:00+02:00,Node_3,0.0
2030,sc01,07-17 01:00:00+02:00,Node_1,0.0
2030,sc01,07-17 01:00:00+02:00,Node_2,0.0
2030,sc01,07-17 01:00:00+02:00,Node_3,0.0
2030,sc01,07-17 02:00:00+02:00,Node_1,0.0
2030,sc01,07-17 02:00:00+02:00,Node_2,0.0
2030,sc01,07-17 02:00:00+02:00,Node_3,0.0
2030,sc01,07-17 03:00:00+02:00,Node_1,0.0
2030,sc01,07-17 03:00:00+02:00,Node_2,0.0
2030,sc01,07-17 03:00:00+02:00,Node_3,0.0
2030,sc01,07-17 04:00:00+02:00,Node_1,0.0
2030,sc01,07-17 04:00:00+02:00,Node_2,0.0
2030,sc01,07-17 04:00:00+02:00,Node_3,0.0
2030,sc01,07-17 05:00:00+02:00,Node_1,0.0
2030,sc01,07-17 05:00:00+02:00,Node_2,0.0
2030,sc01,07-17 05:00:00+02:00,Node_3,0.0
2030,sc01,07-17 06:00:00+02:00,Node_1,0.0
2030,sc01,07-17 06:00:00+02:00,Node_2,0.0
2030,sc01,07-17 06:00:00+02:00,Node_3,0.0
2030,sc01,07-17 07:00:00+02:00,Node_1,0.0
2030,sc01,07-17 07:00:00+02:00,Node_2,0.0
2030,sc01,07-17 07:00:00+02:00,Node_3,0.0
2030,sc01,07-17 08:00:00+02:00,Node_1,0.0
2030,sc01,07-17 08:00:00+02:00,Node_2,0.0
2030,sc01,07-17 08:00:00+02:00,Node_3,0.0
2030,sc01,07-17 09:00:00+02:00,Node_1,0.0
2030,sc01,07-17 09:00:00+02:00,Node_2,0.0
2030,sc01,07-17 09:00:00+02:00,Node_3,0.0
2030,sc01,07-17 10:00:00+02:00,Node_1,0.0
2030,sc01,07-17 10:00:00+02:00,Node_2,0.0
2030,sc01,07-17 10:00:00+02:00,Node_3,0.0
2030,sc01,07-17 11:00:00+02:00,Node_1,0.0
2030,sc01,07-17 11:00:00+02:00,Node_2,0.0
2030,sc01,07-17 11:00:00+02:00,Node_3,0.0
2030,sc01,07-17 12:00:00+02:00,Node_1,0.0
2030,sc01,07-17 12:00:00+02:00,Node_2,0.0
2030,sc01,07-17 12:00:00+02:00,Node_3,0.0
2030,sc01,07-17 13:00:00+02:00,Node_1,0.0
2030,sc01,07-17 13:00:00+02:00,Node_2,0.0
2030,sc01,07-17 13:00:00+02:00,Node_3,0.0
2030,sc01,07-17 14:00:00+02:00,Node_1,0.0
2030,sc01,07-17 14:00:00+02:00,Node_2,0.0
2030,sc01,07-17 14:00:00+02:00,Node_3,0.0
2030,sc01,07-17 15:00:00+02:00,Node_1,0.0
2030,sc01,07-17 15:00:00+02:00,Node_2,0.0
2030,sc01,07-17 15:00:00+02:00,Node_3,0.0
2030,sc01,07-17 16:00:00+02:00,Node_1,0.0
2030,sc01,07-17 16:00:00+02:00,Node_2,0.0
2030,sc01,07-17 16:00:00+02:00,Node_3,0.0
2030,sc01,07-17 17:00:00+02:00,Node_1,0.0
2030,sc01,07-17 17:00:00+02:00,Node_2,0.0
2030,sc01,07-17 17:00:00+02:00,Node_3,0.0
2030,sc01,07-17 18:00:00+02:00,Node_1,0.0
2030,sc01,07-17 18:00:00+02:00,Node_2,0.0
2030,sc01,07-17 18:00:00+02:00,Node_3,0.0
2030,sc01,07-17 19:00:00+02:00,Node_1,0.0
2030,sc01,07-17 19:00:00+02:00,Node_2,0.0
2030,sc01,07-17 19:00:00+02:00,Node_3,0.0
2030,sc01,07-17 20:00:00+02:00,Node_1,0.0
2030,sc01,07-17 20:00:00+02:00,Node_2,0.0
2030,sc01,07-17 20:00:00+02:00,Node_3,0.0
2030,sc01,07-17 21:00:00+02:00,Node_1,0.0
2030,sc01,07-17 21:00:00+02:00,Node_2,0.0
2030,sc01,07-17 21:00:00+02:00,Node_3,0.0
2030,sc01,07-17 22:00:00+02:00,Node_1,0.0
2030,sc01,07-17 22:00:00+02:00,Node_2,0.0
2030,sc01,07-17 22:00:00+02:00,Node_3,0.0
2030,sc01,07-17 23:00:00+02:00,Node_1,0.0
2030,sc01,07-17 23:00:00+02:00,Node_2,0.0
2030,sc01,07-17 23:00:00+02:00,Node_3,0.0
2030,sc01,07-28 00:00:00+02:00,Node_1,0.0
2030,sc01,07-28 00:00:00+02:00,Node_2,0.0
2030,sc01,07-28 00:00:00+02:00,Node_3,0.0
2030,sc01,07-28 01:00:00+02:00,Node_1,0.0
2030,sc01,07-28 01:00:00+02:00,Node_2,0.0
2030,sc01,07-28 01:00:00+02:00,Node_3,0.0
2030,sc01,07-28 02:00:00+02:00,Node_1,0.0
2030,sc01,07-28 02:00:00+02:00,Node_2,0.0
2030,sc01,07-28 02:00:00+02:00,Node_3,0.0
2030,sc01,07-28 03:00:00+02:00,Node_1,0.0
2030,sc01,07-28 03:00:00+02:00,Node_2,0.0
2030,sc01,07-28 03:00:00+02:00,Node_3,0.0
2030,sc01,07-28 04:00:00+02:00,Node_1,0.0
2030,sc01,07-28 04:00:00+02:00,Node_2,0.0
2030,sc01,07-28 04:00:00+02:00,Node_3,0.0
2030,sc01,07-28 05:00:00+02:00,Node_1,0.0
2030,sc01,07-28 05:00:00+02:00,Node_2,0.0
2030,sc01,07-28 05:00:00+02:00,Node_3,0.0
2030,sc01,07-28 06:00:00+02:00,Node_1,0.0
2030,sc01,07-28 06:00:00+02:00,Node_2,0.0
2030,sc01,07-28 06:00:00+02:00,Node_3,0.0
2030,sc01,07-28 07:00:00+02:00,Node_1,0.0
2030,sc01,07-28 07:00:00+02:00,Node_2,0.0
2030,sc01,07-28 07:00:00+02:00,Node_3,0.0
2030,sc01,07-28 08:00:00+02:00,Node_1,0.0
2030,sc01,07-28 08:00:00+02:00,Node_2,0.0
2030,sc01,07-28 08:00:00+02:00,Node_3,0.0
2030,sc01,07-28 09:00:00+02:00,Node_1,0.0
2030,sc01,07-28 09:00:00+02:00,Node_2,0.0
2030,sc01,07-28 09:00:00+02:00,Node_3,0.0
2030,sc01,07-28 10:00:00+02:00,Node_1,0.0
2030,sc01,07-28 10:00:00+02:00,Node_2,0.0
2030,sc01,07-28 10:00:00+02:00,Node_3,0.0
2030,sc01,07-28 11:00:00+02:00,Node_1,0.0
2030,sc01,07-28 11:00:00+02:00,Node_2,0.0
2030,sc01,07-28 11:00:00+02:00,Node_3,0.0
2030,sc01,07-28 12:00:00+02:00,Node_1,0.0
2030,sc01,07-28 12:00:00+02:00,Node_2,0.0
2030,sc01,07-28 12:00:00+02:00,Node_3,0.0
2030,sc01,07-28 13:00:00+02:00,Node_1,0.0
2030,sc01,07-28 13:00:00+02:00,Node_2,0.0
2030,sc01,07-28 13:00:00+02:00,Node_3,0.0
2030,sc01,07-28 14:00:00+02:00,Node_1,0.0
2030,sc01,07-28 14:00:00+02:00,Node_2,0.0
2030,sc01,07-28 14:00:00+02:00,Node_3,0.0
2030,sc01,07-28 15:00:00+02:00,Node_1,0.0
2030,sc01,07-28 15:00:00+02:00,Node_2,0.0
2030,sc01,07-28 15:00:00+02:00,Node_3,0.0
2030,sc01,07-28 16:00:00+02:00,Node_1,0.0
2030,sc01,07-28 16:00:00+02:00,Node_2,0.0
2030,sc01,07-28 16:00:00+02:00,Node_3,0.0
2030,sc01,07-28 17:00:00+02:00,Node_1,0.0
2030,sc01,07-28 17:00:00+02:00,Node_2,0.0
2030,sc01,07-28 17:00:00+02:00,Node_3,0.0
2030,sc01,07-28 18:00:00+02:00,Node_1,0.0
2030,sc01,07-28 18:00:00+02:00,Node_2,0.0
2030,sc01,07-28 18:00:00+02:00,Node_3,0.0
2030,sc01,07-28 19:00:00+02:00,Node_1,0.0
2030,sc01,07-28 19:00:00+02:00,Node_2,0.0
2030,sc01,07-28 19:00:00+02:00,Node_3,0.0
2030,sc01,07-28 20:00:00+02:00,Node_1,0.0
2030,sc01,07-28 20:00:00+02:00,Node_2,0.0
2030,sc01,07-28 20:00:00+02:00,Node_3,0.0
2030,sc01,07-28 21:00:00+02:00,Node_1,0.0
2030,sc01,07-28 21:00:00+02:00,Node_2,0.0
2030,sc01,07-28 21:00:00+02:00,Node_3,0.0
2030,sc01,07-28 22:00:00+02:00,Node_1,0.0
2030,sc01,07-28 22:00:00+02:00,Node_2,0.0
2030,sc01,07-28 22:00:00+02:00,Node_3,0.0
2030,sc01,07-28 23:00:00+02:00,Node_1,0.0
2030,sc01,07-28 23:00:00+02:00,Node_2,0.0
2030,sc01,07-28 23:00:00+02:00,Node_3,0.0
2030,sc01,08-01 00:00:00+02:00,Node_1,0.0
2030,sc01,08-01 00:00:00+02:00,Node_2,0.0
2030,sc01,08-01 00:00:00+02:00,Node_3,0.0
2030,sc01,08-01 01:00:00+02:00,Node_1,0.0
2030,sc01,08-01 01:00:00+02:00,Node_2,0.0
2030,sc01,08-01 01:00:00+02:00,Node_3,0.0
2030,sc01,08-01 02:00:00+02:00,Node_1,0.0
2030,sc01,08-01 02:00:00+02:00,Node_2,0.0
2030,sc01,08-01 02:00:00+02:00,Node_3,0.0
2030,sc01,08-01 03:00:00+02:00,Node_1,0.0
2030,sc01,08-01 03:00:00+02:00,Node_2,0.0
2030,sc01,08-01 03:00:00+02:00,Node_3,0.0
2030,sc01,08-01 04:00:00+02:00,Node_1,0.0
2030,sc01,08-01 04:00:00+02:00,Node_2,0.0
2030,sc01,08-01 04:00:00+02:00,Node_3,0.0
2030,sc01,08-01 05:00:00+02:00,Node_1,0.0
2030,sc01,08-01 05:00:00+02:00,Node_2,0.0
2030,sc01,08-01 05:00:00+02:00,Node_3,0.0
2030,sc01,08-01 06:00:00+02:00,Node_1,0.0
2030,sc01,08-01 06:00:00+02:00,Node_2,0.0
2030,sc01,08-01 06:00:00+02:00,Node_3,0.0
2030,sc01,08-01 07:00:00+02:00,Node_1,0.0
2030,sc01,08-01 07:00:00+02:00,Node_2,0.0
2030,sc01,08-01 07:00:00+02:00,Node_3,0.0
2030,sc01,08-01 08:00:00+02:00,Node_1,0.0
2030,sc01,08-01 08:00:00+02:00,Node_2,0.0
2030,sc01,08-01 08:00:00+02:00,Node_3,0.0
2030,sc01,08-01 09:00:00+02:00,Node_1,0.0
2030,sc01,08-01 09:00:00+02:00,Node_2,0.0
2030,sc01,08-01 09:00:00+02:00,Node_3,0.0
2030,sc01,08-01 10:00:00+02:00,Node_1,0.0
2030,sc01,08-01 10:00:00+02:00,Node_2,0.0
2030,sc01,08-01 10:00:00+02:00,Node_3,0.0
2030,sc01,08-01 11:00:00+02:00,Node_1,0.0
2030,sc01,08-01 11:00:00+02:00,Node_2,0.0
2030,sc01,08-01 11:00:00+02:00,Node_3,0.0
2030,sc01,08-01 12:00:00+02:00,Node_1,0.0
2030,sc01,08-01 12:00:00+02:00,Node_2,0.0
2030,sc01,08-01 12:00:00+02:00,Node_3,0.0
2030,sc01,08-01 13:00:00+02:00,Node_1,0.0
2030,sc01,08-01 13:00:00+02:00,Node_2,0.0
2030,sc01,08-01 13:00:00+02:00,Node_3,0.0
2030,sc01,08-01 14:00:00+02:00,Node_1,0.0
2030,sc01,08-01 14:00:00+02:00,Node_2,0.0
2030,sc01,08-01 14:00:00+02:00,Node_3,0.0
2030,sc01,08-01 15:00:00+02:00,Node_1,0.0
2030,sc01,08-01 15:00:00+02:00,Node_2,0.0
2030,sc01,08-01 15:00:00+02:00,Node_3,0.0
2030,sc01,08-01 16:00:00+02:00,Node_1,0.0
2030,sc01,08-01 16:00:00+02:00,Node_2,0.0
2030,sc01,08-01 16:00:00+02:00,Node_3,0.0
2030,sc01,08-01 17:00:00+02:00,Node_1,0.0
2030,sc01,08-01 17:00:00+02:00,Node_2,0.0
2030,sc01,08-01 17:00:00+02:00,Node_3,0.0
2030,sc01,08-01 18:00:00+02:00,Node_1,0.0
2030,sc01,08-01 18:00:00+02:00,Node_2,0.0
2030,sc01,08-01 18:00:00+02:00,Node_3,0.0
2030,sc01,08-01 19:00:00+02:00,Node_1,0.0
2030,sc01,08-01 19:00:00+02:00,Node_2,0.0
2030,sc01,08-01 19:00:00+02:00,Node_3,0.0
2030,sc01,08-01 20:00:00+02:00,Node_1,0.0
2030,sc01,08-01 20:00:00+02:00,Node_2,0.0
2030,sc01,08-01 20:00:00+02:00,Node_3,0.0
2030,sc01,08-01 21:00:00+02:00,Node_1,0.0
2030,sc01,08-01 21:00:00+02:00,Node_2,0.0
2030,sc01,08-01 21:00:00+02:00,Node_3,0.0
2030,sc01,08-01 22:00:00+02:00,Node_1,0.0
2030,sc01,08-01 22:00:00+02:00,Node_2,0.0
2030,sc01,08-01 22:00:00+02:00,Node_3,0.0
2030,sc01,08-01 23:00:00+02:00,Node_1,0.0
2030,sc01,08-01 23:00:00+02:00,Node_2,0.0
2030,sc01,08-01 23:00:00+02:00,Node_3,0.0
2030,sc01,08-11 00:00:00+02:00,Node_1,0.0
2030,sc01,08-11 00:00:00+02:00,Node_2,0.0
2030,sc01,08-11 00:00:00+02:00,Node_3,0.0
2030,sc01,08-11 01:00:00+02:00,Node_1,0.0
2030,sc01,08-11 01:00:00+02:00,Node_2,0.0
2030,sc01,08-11 01:00:00+02:00,Node_3,0.0
2030,sc01,08-11 02:00:00+02:00,Node_1,0.0
2030,sc01,08-11 02:00:00+02:00,Node_2,0.0
2030,sc01,08-11 02:00:00+02:00,Node_3,0.0
2030,sc01,08-11 03:00:00+02:00,Node_1,0.0
2030,sc01,08-11 03:00:00+02:00,Node_2,0.0
2030,sc01,08-11 03:00:00+02:00,Node_3,0.0
2030,sc01,08-11 04:00:00+02:00,Node_1,0.0
2030,sc01,08-11 04:00:00+02:00,Node_2,0.0
2030,sc01,08-11 04:00:00+02:00,Node_3,0.0
2030,sc01,08-11 05:00:00+02:00,Node_1,0.0
2030,sc01,08-11 05:00:00+02:00,Node_2,0.0
2030,sc01,08-11 05:00:00+02:00,Node_3,0.0
2030,sc01,08-11 06:00:00+02:00,Node_1,0.0
2030,sc01,08-11 06:00:00+02:00,Node_2,0.0
2030,sc01,08-11 06:00:00+02:00,Node_3,0.0
2030,sc01,08-11 07:00:00+02:00,Node_1,0.0
2030,sc01,08-11 07:00:00+02:00,Node_2,0.0
2030,sc01,08-11 07:00:00+02:00,Node_3,0.0
2030,sc01,08-11 08:00:00+02:00,Node_1,0.0
2030,sc01,08-11 08:00:00+02:00,Node_2,0.0
2030,sc01,08-11 08:00:00+02:00,Node_3,0.0
2030,sc01,08-11 09:00:00+02:00,Node_1,0.0
2030,sc01,08-11 09:00:00+02:00,Node_2,0.0
2030,sc01,08-11 09:00:00+02:00,Node_3,0.0
2030,sc01,08-11 10:00:00+02:00,Node_1,0.0
2030,sc01,08-11 10:00:00+02:00,Node_2,0.0
2030,sc01,08-11 10:00:00+02:00,Node_3,0.0
2030,sc01,08-11 11:00:00+02:00,Node_1,0.0
2030,sc01,08-11 11:00:00+02:00,Node_2,0.0
2030,sc01,08-11 11:00:00+02:00,Node_3,0.0
2030,sc01,08-11 12:00:00+02:00,Node_1,0.0
2030,sc01,08-11 12:00:00+02:00,Node_2,0.0
2030,sc01,08-11 12:00:00+02:00,Node_3,0.0
2030,sc01,08-11 13:00:00+02:00,Node_1,0.0
2030,sc01,08-11 13:00:00+02:00,Node_2,0.0
2030,sc01,08-11 13:00:00+02:00,Node_3,0.0
2030,sc01,08-11 14:00:00+02:00,Node_1,0.0
2030,sc01,08-11 14:00:00+02:00,Node_2,0.0
2030,sc01,08-11 14:00:00+02:00,Node_3,0.0
2030,sc01,08-11 15:00:00+02:00,Node_1,0.0
2030,sc01,08-11 15:00:00+02:00,Node_2,0.0
2030,sc01,08-11 15:00:00+02:00,Node_3,0.0
2030,sc01,08-11 16:00:00+02:00,Node_1,0.0
2030,sc01,08-11 16:00:00+02:00,Node_2,0.0
2030,sc01,08-11 16:00:00+02:00,Node_3,0.0
2030,sc01,08-11 17:00:00+02:00,Node_1,0.0
2030,sc01,08-11 17:00:00+02:00,Node_2,0.0
2030,sc01,08-11 17:00:00+02:00,Node_3,0.0
2030,sc01,08-11 18:00:00+02:00,Node_1,0.0
2030,sc01,08-11 18:00:00+02:00,Node_2,0.0
2030,sc01,08-11 18:00:00+02:00,Node_3,0.0
2030,sc01,08-11 19:00:00+02:00,Node_1,0.0
2030,sc01,08-11 19:00:00+02:00,Node_2,0.0
2030,sc01,08-11 19:00:00+02:00,Node_3,0.0
2030,sc01,08-11 20:00:00+02:00,Node_1,0.0
2030,sc01,08-11 20:00:00+02:00,Node_2,0.0
2030,sc01,08-11 20:00:00+02:00,Node_3,0.0
2030,sc01,08-11 21:00:00+02:00,Node_1,0.0
2030,sc01,08-11 21:00:00+02:00,Node_2,0.0
2030,sc01,08-11 21:00:00+02:00,Node_3,0.0
2030,sc01,08-11 22:00:00+02:00,Node_1,0.0
2030,sc01,08-11 22:00:00+02:00,Node_2,0.0
2030,sc01,08-11 22:00:00+02:00,Node_3,0.0
2030,sc01,08-11 23:00:00+02:00,Node_1,0.0
2030,sc01,08-11 23:00:00+02:00,Node_2,0.0
2030,sc01,08-11 23:00:00+02:00,Node_3,0.0
2030,sc01,08-12 00:00:00+02:00,Node_1,0.0
2030,sc01,08-12 00:00:00+02:00,Node_2,0.0
2030,sc01,08-12 00:00:00+02:00,Node_3,0.0
2030,sc01,08-12 01:00:00+02:00,Node_1,0.0
2030,sc01,08-12 01:00:00+02:00,Node_2,0.0
2030,sc01,08-12 01:00:00+02:00,Node_3,0.0
2030,sc01,08-12 02:00:00+02:00,Node_1,0.0
2030,sc01,08-12 02:00:00+02:00,Node_2,0.0
2030,sc01,08-12 02:00:00+02:00,Node_3,0.0
2030,sc01,08-12 03:00:00+02:00,Node_1,0.0
2030,sc01,08-12 03:00:00+02:00,Node_2,0.0
2030,sc01,08-12 03:00:00+02:00,Node_3,0.0
2030,sc01,08-12 04:00:00+02:00,Node_1,0.0
2030,sc01,08-12 04:00:00+02:00,Node_2,0.0
2030,sc01,08-12 04:00:00+02:00,Node_3,0.0
2030,sc01,08-12 05:00:00+02:00,Node_1,0.0
2030,sc01,08-12 05:00:00+02:00,Node_2,0.0
2030,sc01,08-12 05:00:00+02:00,Node_3,0.0
2030,sc01,08-12 06:00:00+02:00,Node_1,0.0
2030,sc01,08-12 06:00:00+02:00,Node_2,0.0
2030,sc01,08-12 06:00:00+02:00,Node_3,0.0
2030,sc01,08-12 07:00:00+02:00,Node_1,0.0
2030,sc01,08-12 07:00:00+02:00,Node_2,0.0
2030,sc01,08-12 07:00:00+02:00,Node_3,0.0
2030,sc01,08-12 08:00:00+02:00,Node_1,0.0
2030,sc01,08-12 08:00:00+02:00,Node_2,0.0
2030,sc01,08-12 08:00:00+02:00,Node_3,0.0
2030,sc01,08-12 09:00:00+02:00,Node_1,0.0
2030,sc01,08-12 09:00:00+02:00,Node_2,0.0
2030,sc01,08-12 09:00:00+02:00,Node_3,0.0
2030,sc01,08-12 10:00:00+02:00,Node_1,0.0
2030,sc01,08-12 10:00:00+02:00,Node_2,0.0
2030,sc01,08-12 10:00:00+02:00,Node_3,0.0
2030,sc01,08-12 11:00:00+02:00,Node_1,0.0
2030,sc01,08-12 11:00:00+02:00,Node_2,0.0
2030,sc01,08-12 11:00:00+02:00,Node_3,0.0
2030,sc01,08-12 12:00:00+02:00,Node_1,0.0
2030,sc01,08-12 12:00:00+02:00,Node_2,0.0
2030,sc01,08-12 12:00:00+02:00,Node_3,0.0
2030,sc01,08-12 13:00:00+02:00,Node_1,0.0
2030,sc01,08-12 13:00:00+02:00,Node_2,0.0
2030,sc01,08-12 13:00:00+02:00,Node_3,0.0
2030,sc01,08-12 14:00:00+02:00,Node_1,0.0
2030,sc01,08-12 14:00:00+02:00,Node_2,0.0
2030,sc01,08-12 14:00:00+02:00,Node_3,0.0
2030,sc01,08-12 15:00:00+02:00,Node_1,0.0
2030,sc01,08-12 15:00:00+02:00,Node_2,0.0
2030,sc01,08-12 15:00:00+02:00,Node_3,0.0
2030,sc01,08-12 16:00:00+02:00,Node_1,0.0
2030,sc01,08-12 16:00:00+02:00,Node_2,0.0
2030,sc01,08-12 16:00:00+02:00,Node_3,0.0
2030,sc01,08-12 17:00:00+02:00,Node_1,0.0
2030,sc01,08-12 17:00:00+02:00,Node_2,0.0
2030,sc01,08-12 17:00:00+02:00,Node_3,0.0
2030,sc01,08-12 18:00:00+02:00,Node_1,0.0
2030,sc01,08-12 18:00:00+02:00,Node_2,0.0
2030,sc01,08-12 18:00:00+02:00,Node_3,0.0
2030,sc01,08-12 19:00:00+02:00,Node_1,0.0
2030,sc01,08-12 19:00:00+02:00,Node_2,0.0
2030,sc01,08-12 19:00:00+02:00,Node_3,0.0
2030,sc01,08-12 20:00:00+02:00,Node_1,0.0
2030,sc01,08-12 20:00:00+02:00,Node_2,0.0
2030,sc01,08-12 20:00:00+02:00,Node_3,0.0
2030,sc01,08-12 21:00:00+02:00,Node_1,0.0
2030,sc01,08-12 21:00:00+02:00,Node_2,0.0
2030,sc01,08-12 21:00:00+02:00,Node_3,0.0
2030,sc01,08-12 22:00:00+02:00,Node_1,0.0
2030,sc01,08-12 22:00:00+02:00,Node_2,0.0
2030,sc01,08-12 22:00:00+02:00,Node_3,0.0
2030,sc01,08-12 23:00:00+02:00,Node_1,0.0
2030,sc01,08-12 23:00:00+02:00,Node_2,0.0
2030,sc01,08-12 23:00:00+02:00,Node_3,0.0
2030,sc01,08-20 00:00:00+02:00,Node_1,0.0
2030,sc01,08-20 00:00:00+02:00,Node_2,0.0
2030,sc01,08-20 00:00:00+02:00,Node_3,0.0
2030,sc01,08-20 01:00:00+02:00,Node_1,0.0
2030,sc01,08-20 01:00:00+02:00,Node_2,0.0
2030,sc01,08-20 01:00:00+02:00,Node_3,0.0
2030,sc01,08-20 02:00:00+02:00,Node_1,0.0
2030,sc01,08-20 02:00:00+02:00,Node_2,0.0
2030,sc01,08-20 02:00:00+02:00,Node_3,0.0
2030,sc01,08-20 03:00:00+02:00,Node_1,0.0
2030,sc01,08-20 03:00:00+02:00,Node_2,0.0
2030,sc01,08-20 03:00:00+02:00,Node_3,0.0
2030,sc01,08-20 04:00:00+02:00,Node_1,0.0
2030,sc01,08-20 04:00:00+02:00,Node_2,0.0
2030,sc01,08-20 04:00:00+02:00,Node_3,0.0
2030,sc01,08-20 05:00:00+02:00,Node_1,0.0
2030,sc01,08-20 05:00:00+02:00,Node_2,0.0
2030,sc01,08-20 05:00:00+02:00,Node_3,0.0
2030,sc01,08-20 06:00:00+02:00,Node_1,0.0
2030,sc01,08-20 06:00:00+02:00,Node_2,0.0
2030,sc01,08-20 06:00:00+02:00,Node_3,0.0
2030,sc01,08-20 07:00:00+02:00,Node_1,0.0
2030,sc01,08-20 07:00:00+02:00,Node_2,0.0
2030,sc01,08-20 07:00:00+02:00,Node_3,0.0
2030,sc01,08-20 08:00:00+02:00,Node_1,0.0
2030,sc01,08-20 08:00:00+02:00,Node_2,0.0
2030,sc01,08-20 08:00:00+02:00,Node_3,0.0
2030,sc01,08-20 09:00:00+02:00,Node_1,0.0
2030,sc01,08-20 09:00:00+02:00,Node_2,0.0
2030,sc01,08-20 09:00:00+02:00,Node_3,0.0
2030,sc01,08-20 10:00:00+02:00,Node_1,0.0
2030,sc01,08-20 10:00:00+02:00,Node_2,0.0
2030,sc01,08-20 10:00:00+02:00,Node_3,0.0
2030,sc01,08-20 11:00:00+02:00,Node_1,0.0
2030,sc01,08-20 11:00:00+02:00,Node_2,0.0
2030,sc01,08-20 11:00:00+02:00,Node_3,0.0
2030,sc01,08-20 12:00:00+02:00,Node_1,0.0
2030,sc01,08-20 12:00:00+02:00,Node_2,0.0
2030,sc01,08-20 12:00:00+02:00,Node_3,0.0
2030,sc01,08-20 13:00:00+02:00,Node_1,0.0
2030,sc01,08-20 13:00:00+02:00,Node_2,0.0
2030,sc01,08-20 13:00:00+02:00,Node_3,0.0
2030,sc01,08-20 14:00:00+02:00,Node_1,0.0
2030,sc01,08-20 14:00:00+02:00,Node_2,0.0
2030,sc01,08-20 14:00:00+02:00,Node_3,0.0
2030,sc01,08-20 15:00:00+02:00,Node_1,0.0
2030,sc01,08-20 15:00:00+02:00,Node_2,0.0
2030,sc01,08-20 15:00:00+02:00,Node_3,0.0
2030,sc01,08-20 16:00:00+02:00,Node_1,0.0
2030,sc01,08-20 16:00:00+02:00,Node_2,0.0
2030,sc01,08-20 16:00:00+02:00,Node_3,0.0
2030,sc01,08-20 17:00:00+02:00,Node_1,0.0
2030,sc01,08-20 17:00:00+02:00,Node_2,0.0
2030,sc01,08-20 17:00:00+02:00,Node_3,0.0
2030,sc01,08-20 18:00:00+02:00,Node_1,0.0
2030,sc01,08-20 18:00:00+02:00,Node_2,0.0
2030,sc01,08-20 18:00:00+02:00,Node_3,0.0
2030,sc01,08-20 19:00:00+02:00,Node_1,0.0
2030,sc01,08-20 19:00:00+02:00,Node_2,0.0
2030,sc01,08-20 19:00:00+02:00,Node_3,0.0
2030,sc01,08-20 20:00:00+02:00,Node_1,0.0
2030,sc01,08-20 20:00:00+02:00,Node_2,0.0
2030,sc01,08-20 20:00:00+02:00,Node_3,0.0
2030,sc01,08-20 21:00:00+02:00,Node_1,0.0
2030,sc01,08-20 21:00:00+02:00,Node_2,0.0
2030,sc01,08-20 21:00:00+02:00,Node_3,0.0
2030,sc01,08-20 22:00:00+02:00,Node_1,0.0
2030,sc01,08-20 22:00:00+02:00,Node_2,0.0
2030,sc01,08-20 22:00:00+02:00,Node_3,0.0
2030,sc01,08-20 23:00:00+02:00,Node_1,0.0
2030,sc01,08-20 23:00:00+02:00,Node_2,0.0
2030,sc01,08-20 23:00:00+02:00,Node_3,0.0
2030,sc01,09-03 00:00:00+02:00,Node_1,0.0
2030,sc01,09-03 00:00:00+02:00,Node_2,0.0
2030,sc01,09-03 00:00:00+02:00,Node_3,0.0
2030,sc01,09-03 01:00:00+02:00,Node_1,0.0
2030,sc01,09-03 01:00:00+02:00,Node_2,0.0
2030,sc01,09-03 01:00:00+02:00,Node_3,0.0
2030,sc01,09-03 02:00:00+02:00,Node_1,0.0
2030,sc01,09-03 02:00:00+02:00,Node_2,0.0
2030,sc01,09-03 02:00:00+02:00,Node_3,0.0
2030,sc01,09-03 03:00:00+02:00,Node_1,0.0
2030,sc01,09-03 03:00:00+02:00,Node_2,0.0
2030,sc01,09-03 03:00:00+02:00,Node_3,0.0
2030,sc01,09-03 04:00:00+02:00,Node_1,0.0
2030,sc01,09-03 04:00:00+02:00,Node_2,0.0
2030,sc01,09-03 04:00:00+02:00,Node_3,0.0
2030,sc01,09-03 05:00:00+02:00,Node_1,0.0
2030,sc01,09-03 05:00:00+02:00,Node_2,0.0
2030,sc01,09-03 05:00:00+02:00,Node_3,0.0
2030,sc01,09-03 06:00:00+02:00,Node_1,0.0
2030,sc01,09-03 06:00:00+02:00,Node_2,0.0
2030,sc01,09-03 06:00:00+02:00,Node_3,0.0
2030,sc01,09-03 07:00:00+02:00,Node_1,0.0
2030,sc01,09-03 07:00:00+02:00,Node_2,0.0
2030,sc01,09-03 07:00:00+02:00,Node_3,0.0
2030,sc01,09-03 08:00:00+02:00,Node_1,0.0
2030,sc01,09-03 08:00:00+02:00,Node_2,0.0
2030,sc01,09-03 08:00:00+02:00,Node_3,0.0
2030,sc01,09-03 09:00:00+02:00,Node_1,0.0
2030,sc01,09-03 09:00:00+02:00,Node_2,0.0
2030,sc01,09-03 09:00:00+02:00,Node_3,0.0
2030,sc01,09-03 10:00:00+02:00,Node_1,0.0
2030,sc01,09-03 10:00:00+02:00,Node_2,0.0
2030,sc01,09-03 10:00:00+02:00,Node_3,0.0
2030,sc01,09-03 11:00:00+02:00,Node_1,0.0
2030,sc01,09-03 11:00:00+02:00,Node_2,0.0
2030,sc01,09-03 11:00:00+02:00,Node_3,0.0
2030,sc01,09-03 12:00:00+02:00,Node_1,0.0
2030,sc01,09-03 12:00:00+02:00,Node_2,0.0
2030,sc01,09-03 12:00:00+02:00,Node_3,0.0
2030,sc01,09-03 13:00:00+02:00,Node_1,0.0
2030,sc01,09-03 13:00:00+02:00,Node_2,0.0
2030,sc01,09-03 13:00:00+02:00,Node_3,0.0
2030,sc01,09-03 14:00:00+02:00,Node_1,0.0
2030,sc01,09-03 14:00:00+02:00,Node_2,0.0
2030,sc01,09-03 14:00:00+02:00,Node_3,0.0
2030,sc01,09-03 15:00:00+02:00,Node_1,0.0
2030,sc01,09-03 15:00:00+02:00,Node_2,0.0
2030,sc01,09-03 15:00:00+02:00,Node_3,0.0
2030,sc01,09-03 16:00:00+02:00,Node_1,0.0
2030,sc01,09-03 16:00:00+02:00,Node_2,0.0
2030,sc01,09-03 16:00:00+02:00,Node_3,0.0
2030,sc01,09-03 17:00:00+02:00,Node_1,0.0
2030,sc01,09-03 17:00:00+02:00,Node_2,0.0
2030,sc01,09-03 17:00:00+02:00,Node_3,0.0
2030,sc01,09-03 18:00:00+02:00,Node_1,0.0
2030,sc01,09-03 18:00:00+02:00,Node_2,0.0
2030,sc01,09-03 18:00:00+02:00,Node_3,0.0
2030,sc01,09-03 19:00:00+02:00,Node_1,0.0
2030,sc01,09-03 19:00:00+02:00,Node_2,0.0
2030,sc01,09-03 19:00:00+02:00,Node_3,0.0
2030,sc01,09-03 20:00:00+02:00,Node_1,0.0
2030,sc01,09-03 20:00:00+02:00,Node_2,0.0
2030,sc01,09-03 20:00:00+02:00,Node_3,0.0
2030,sc01,09-03 21:00:00+02:00,Node_1,0.0
2030,sc01,09-03 21:00:00+02:00,Node_2,0.0
2030,sc01,09-03 21:00:00+02:00,Node_3,0.0
2030,sc01,09-03 22:00:00+02:00,Node_1,0.0
2030,sc01,09-03 22:00:00+02:00,Node_2,0.0
2030,sc01,09-03 22:00:00+02:00,Node_3,0.0
2030,sc01,09-03 23:00:00+02:00,Node_1,0.0
2030,sc01,09-03 23:00:00+02:00,Node_2,0.0
2030,sc01,09-03 23:00:00+02:00,Node_3,0.0
2030,sc01,09-14 00:00:00+02:00,Node_1,0.0
2030,sc01,09-14 00:00:00+02:00,Node_2,0.0
2030,sc01,09-14 00:00:00+02:00,Node_3,0.0
2030,sc01,09-14 01:00:00+02:00,Node_1,0.0
2030,sc01,09-14 01:00:00+02:00,Node_2,0.0
2030,sc01,09-14 01:00:00+02:00,Node_3,0.0
2030,sc01,09-14 02:00:00+02:00,Node_1,0.0
2030,sc01,09-14 02:00:00+02:00,Node_2,0.0
2030,sc01,09-14 02:00:00+02:00,Node_3,0.0
2030,sc01,09-14 03:00:00+02:00,Node_1,0.0
2030,sc01,09-14 03:00:00+02:00,Node_2,0.0
2030,sc01,09-14 03:00:00+02:00,Node_3,0.0
2030,sc01,09-14 04:00:00+02:00,Node_1,0.0
2030,sc01,09-14 04:00:00+02:00,Node_2,0.0
2030,sc01,09-14 04:00:00+02:00,Node_3,0.0
2030,sc01,09-14 05:00:00+02:00,Node_1,0.0
2030,sc01,09-14 05:00:00+02:00,Node_2,0.0
2030,sc01,09-14 05:00:00+02:00,Node_3,0.0
2030,sc01,09-14 06:00:00+02:00,Node_1,0.0
2030,sc01,09-14 06:00:00+02:00,Node_2,0.0
2030,sc01,09-14 06:00:00+02:00,Node_3,0.0
2030,sc01,09-14 07:00:00+02:00,Node_1,0.0
2030,sc01,09-14 07:00:00+02:00,Node_2,0.0
2030,sc01,09-14 07:00:00+02:00,Node_3,0.0
2030,sc01,09-14 08:00:00+02:00,Node_1,0.0
2030,sc01,09-14 08:00:00+02:00,Node_2,0.0
2030,sc01,09-14 08:00:00+02:00,Node_3,0.0
2030,sc01,09-14 09:00:00+02:00,Node_1,0.0
2030,sc01,09-14 09:00:00+02:00,Node_2,0.0
2030,sc01,09-14 09:00:00+02:00,Node_3,0.0
2030,sc01,09-14 10:00:00+02:00,Node_1,0.0
2030,sc01,09-14 10:00:00+02:00,Node_2,0.0
2030,sc01,09-14 10:00:00+02:00,Node_3,0.0
2030,sc01,09-14 11:00:00+02:00,Node_1,0.0
2030,sc01,09-14 11:00:00+02:00,Node_2,0.0
2030,sc01,09-14 11:00:00+02:00,Node_3,0.0
2030,sc01,09-14 12:00:00+02:00,Node_1,0.0
2030,sc01,09-14 12:00:00+02:00,Node_2,0.0
2030,sc01,09-14 12:00:00+02:00,Node_3,0.0
2030,sc01,09-14 13:00:00+02:00,Node_1,0.0
2030,sc01,09-14 13:00:00+02:00,Node_2,0.0
2030,sc01,09-14 13:00:00+02:00,Node_3,0.0
2030,sc01,09-14 14:00:00+02:00,Node_1,0.0
2030,sc01,09-14 14:00:00+02:00,Node_2,0.0
2030,sc01,09-14 14:00:00+02:00,Node_3,0.0
2030,sc01,09-14 15:00:00+02:00,Node_1,0.0
2030,sc01,09-14 15:00:00+02:00,Node_2,0.0
2030,sc01,09-14 15:00:00+02:00,Node_3,0.0
2030,sc01,09-14 16:00:00+02:00,Node_1,0.0
2030,sc01,09-14 16:00:00+02:00,Node_2,0.0
2030,sc01,09-14 16:00:00+02:00,Node_3,0.0
2030,sc01,09-14 17:00:00+02:00,Node_1,0.0
2030,sc01,09-14 17:00:00+02:00,Node_2,0.0
2030,sc01,09-14 17:00:00+02:00,Node_3,0.0
2030,sc01,09-14 18:00:00+02:00,Node_1,0.0
2030,sc01,09-14 18:00:00+02:00,Node_2,0.0
2030,sc01,09-14 18:00:00+02:00,Node_3,0.0
2030,sc01,09-14 19:00:00+02:00,Node_1,0.0
2030,sc01,09-14 19:00:00+02:00,Node_2,0.0
2030,sc01,09-14 19:00:00+02:00,Node_3,0.0
2030,sc01,09-14 20:00:00+02:00,Node_1,0.0
2030,sc01,09-14 20:00:00+02:00,Node_2,0.0
2030,sc01,09-14 20:00:00+02:00,Node_3,0.0
2030,sc01,09-14 21:00:00+02:00,Node_1,0.0
2030,sc01,09-14 21:00:00+02:00,Node_2,0.0
2030,sc01,09-14 21:00:00+02:00,Node_3,0.0
2030,sc01,09-14 22:00:00+02:00,Node_1,0.0
2030,sc01,09-14 22:00:00+02:00,Node_2,0.0
2030,sc01,09-14 22:00:00+02:00,Node_3,0.0
2030,sc01,09-14 23:00:00+02:00,Node_1,0.0
2030,sc01,09-14 23:00:00+02:00,Node_2,0.0
2030,sc01,09-14 23:00:00+02:00,Node_3,0.0
2030,sc01,10-01 00:00:00+02:00,Node_1,0.0
2030,sc01,10-01 00:00:00+02:00,Node_2,0.0
2030,sc01,10-01 00:00:00+02:00,Node_3,0.0
2030,sc01,10-01 01:00:00+02:00,Node_1,0.0
2030,sc01,10-01 01:00:00+02:00,Node_2,0.0
2030,sc01,10-01 01:00:00+02:00,Node_3,0.0
2030,sc01,10-01 02:00:00+02:00,Node_1,0.0
2030,sc01,10-01 02:00:00+02:00,Node_2,0.0
2030,sc01,10-01 02:00:00+02:00,Node_3,0.0
2030,sc01,10-01 03:00:00+02:00,Node_1,0.0
2030,sc01,10-01 03:00:00+02:00,Node_2,0.0
2030,sc01,10-01 03:00:00+02:00,Node_3,0.0
2030,sc01,10-01 04:00:00+02:00,Node_1,0.0
2030,sc01,10-01 04:00:00+02:00,Node_2,0.0
2030,sc01,10-01 04:00:00+02:00,Node_3,0.0
2030,sc01,10-01 05:00:00+02:00,Node_1,0.0
2030,sc01,10-01 05:00:00+02:00,Node_2,0.0
2030,sc01,10-01 05:00:00+02:00,Node_3,0.0
2030,sc01,10-01 06:00:00+02:00,Node_1,0.0
2030,sc01,10-01 06:00:00+02:00,Node_2,0.0
2030,sc01,10-01 06:00:00+02:00,Node_3,0.0
2030,sc01,10-01 07:00:00+02:00,Node_1,0.0
2030,sc01,10-01 07:00:00+02:00,Node_2,0.0
2030,sc01,10-01 07:00:00+02:00,Node_3,0.0
2030,sc01,10-01 08:00:00+02:00,Node_1,0.0
2030,sc01,10-01 08:00:00+02:00,Node_2,0.0
2030,sc01,10-01 08:00:00+02:00,Node_3,0.0
2030,sc01,10-01 09:00:00+02:00,Node_1,0.0
2030,sc01,10-01 09:00:00+02:00,Node_2,0.0
2030,sc01,10-01 09:00:00+02:00,Node_3,0.0
2030,sc01,10-01 10:00:00+02:00,Node_1,0.0
2030,sc01,10-01 10:00:00+02:00,Node_2,0.0
2030,sc01,10-01 10:00:00+02:00,Node_3,0.0
2030,sc01,10-01 11:00:00+02:00,Node_1,0.0
2030,sc01,10-01 11:00:00+02:00,Node_2,0.0
2030,sc01,10-01 11:00:00+02:00,Node_3,0.0
2030,sc01,10-01 12:00:00+02:00,Node_1,0.0
2030,sc01,10-01 12:00:00+02:00,Node_2,0.0
2030,sc01,10-01 12:00:00+02:00,Node_3,0.0
2030,sc01,10-01 13:00:00+02:00,Node_1,0.0
2030,sc01,10-01 13:00:00+02:00,Node_2,0.0
2030,sc01,10-01 13:00:00+02:00,Node_3,0.0
2030,sc01,10-01 14:00:00+02:00,Node_1,0.0
2030,sc01,10-01 14:00:00+02:00,Node_2,0.0
2030,sc01,10-01 14:00:00+02:00,Node_3,0.0
2030,sc01,10-01 15:00:00+02:00,Node_1,0.0
2030,sc01,10-01 15:00:00+02:00,Node_2,0.0
2030,sc01,10-01 15:00:00+02:00,Node_3,0.0
2030,sc01,10-01 16:00:00+02:00,Node_1,0.0
2030,sc01,10-01 16:00:00+02:00,Node_2,0.0
2030,sc01,10-01 16:00:00+02:00,Node_3,0.0
2030,sc01,10-01 17:00:00+02:00,Node_1,0.0
2030,sc01,10-01 17:00:00+02:00,Node_2,0.0
2030,sc01,10-01 17:00:00+02:00,Node_3,0.0
2030,sc01,10-01 18:00:00+02:00,Node_1,0.0
2030,sc01,10-01 18:00:00+02:00,Node_2,0.0
2030,sc01,10-01 18:00:00+02:00,Node_3,0.0
2030,sc01,10-01 19:00:00+02:00,Node_1,0.0
2030,sc01,10-01 19:00:00+02:00,Node_2,0.0
2030,sc01,10-01 19:00:00+02:00,Node_3,0.0
2030,sc01,10-01 20:00:00+02:00,Node_1,0.0
2030,sc01,10-01 20:00:00+02:00,Node_2,0.0
2030,sc01,10-01 20:00:00+02:00,Node_3,0.0
2030,sc01,10-01 21:00:00+02:00,Node_1,0.0
2030,sc01,10-01 21:00:00+02:00,Node_2,0.0
2030,sc01,10-01 21:00:00+02:00,Node_3,0.0
2030,sc01,10-01 22:00:00+02:00,Node_1,0.0
2030,sc01,10-01 22:00:00+02:00,Node_2,0.0
2030,sc01,10-01 22:00:00+02:00,Node_3,0.0
2030,sc01,10-01 23:00:00+02:00,Node_1,0.0
2030,sc01,10-01 23:00:00+02:00,Node_2,0.0
2030,sc01,10-01 23:00:00+02:00,Node_3,0.0
2030,sc01,10-08 00:00:00+02:00,Node_1,0.0
2030,sc01,10-08 00:00:00+02:00,Node_2,0.0
2030,sc01,10-08 00:00:00+02:00,Node_3,0.0
2030,sc01,10-08 01:00:00+02:00,Node_1,0.0
2030,sc01,10-08 01:00:00+02:00,Node_2,0.0
2030,sc01,10-08 01:00:00+02:00,Node_3,0.0
2030,sc01,10-08 02:00:00+02:00,Node_1,0.0
2030,sc01,10-08 02:00:00+02:00,Node_2,0.0
2030,sc01,10-08 02:00:00+02:00,Node_3,0.0
2030,sc01,10-08 03:00:00+02:00,Node_1,0.0
2030,sc01,10-08 03:00:00+02:00,Node_2,0.0
2030,sc01,10-08 03:00:00+02:00,Node_3,0.0
2030,sc01,10-08 04:00:00+02:00,Node_1,0.0
2030,sc01,10-08 04:00:00+02:00,Node_2,0.0
2030,sc01,10-08 04:00:00+02:00,Node_3,0.0
2030,sc01,10-08 05:00:00+02:00,Node_1,0.0
2030,sc01,10-08 05:00:00+02:00,Node_2,0.0
2030,sc01,10-08 05:00:00+02:00,Node_3,0.0
2030,sc01,10-08 06:00:00+02:00,Node_1,0.0
2030,sc01,10-08 06:00:00+02:00,Node_2,0.0
2030,sc01,10-08 06:00:00+02:00,Node_3,0.0
2030,sc01,10-08 07:00:00+02:00,Node_1,0.0
2030,sc01,10-08 07:00:00+02:00,Node_2,0.0
2030,sc01,10-08 07:00:00+02:00,Node_3,0.0
2030,sc01,10-08 08:00:00+02:00,Node_1,0.0
2030,sc01,10-08 08:00:00+02:00,Node_2,0.0
2030,sc01,10-08 08:00:00+02:00,Node_3,0.0
2030,sc01,10-08 09:00:00+02:00,Node_1,0.0
2030,sc01,10-08 09:00:00+02:00,Node_2,0.0
2030,sc01,10-08 09:00:00+02:00,Node_3,0.0
2030,sc01,10-08 10:00:00+02:00,Node_1,0.0
2030,sc01,10-08 10:00:00+02:00,Node_2,0.0
2030,sc01,10-08 10:00:00+02:00,Node_3,0.0
2030,sc01,10-08 11:00:00+02:00,Node_1,0.0
2030,sc01,10-08 11:00:00+02:00,Node_2,0.0
2030,sc01,10-08 11:00:00+02:00,Node_3,0.0
2030,sc01,10-08 12:00:00+02:00,Node_1,0.0
2030,sc01,10-08 12:00:00+02:00,Node_2,0.0
2030,sc01,10-08 12:00:00+02:00,Node_3,0.0
2030,sc01,10-08 13:00:00+02:00,Node_1,0.0
2030,sc01,10-08 13:00:00+02:00,Node_2,0.0
2030,sc01,10-08 13:00:00+02:00,Node_3,0.0
2030,sc01,10-08 14:00:00+02:00,Node_1,0.0
2030,sc01,10-08 14:00:00+02:00,Node_2,0.0
2030,sc01,10-08 14:00:00+02:00,Node_3,0.0
2030,sc01,10-08 15:00:00+02:00,Node_1,0.0
2030,sc01,10-08 15:00:00+02:00,Node_2,0.0
2030,sc01,10-08 15:00:00+02:00,Node_3,0.0
2030,sc01,10-08 16:00:00+02:00,Node_1,0.0
2030,sc01,10-08 16:00:00+02:00,Node_2,0.0
2030,sc01,10-08 16:00:00+02:00,Node_3,0.0
2030,sc01,10-08 17:00:00+02:00,Node_1,0.0
2030,sc01,10-08 17:00:00+02:00,Node_2,0.0
2030,sc01,10-08 17:00:00+02:00,Node_3,0.0
2030,sc01,10-08 18:00:00+02:00,Node_1,0.0
2030,sc01,10-08 18:00:00+02:00,Node_2,0.0
2030,sc01,10-08 18:00:00+02:00,Node_3,0.0
2030,sc01,10-08 19:00:00+02:00,Node_1,0.0
2030,sc01,10-08 19:00:00+02:00,Node_2,0.0
2030,sc01,10-08 19:00:00+02:00,Node_3,0.0
2030,sc01,10-08 20:00:00+02:00,Node_1,0.0
2030,sc01,10-08 20:00:00+02:00,Node_2,0.0
2030,sc01,10-08 20:00:00+02:00,Node_3,0.0
2030,sc01,10-08 21:00:00+02:00,Node_1,0.0
2030,sc01,10-08 21:00:00+02:00,Node_2,0.0
2030,sc01,10-08 21:00:00+02:00,Node_3,0.0
2030,sc01,10-08 22:00:00+02:00,Node_1,0.0
2030,sc01,10-08 22:00:00+02:00,Node_2,0.0
2030,sc01,10-08 22:00:00+02:00,Node_3,0.0
2030,sc01,10-08 23:00:00+02:00,Node_1,0.0
2030,sc01,10-08 23:00:00+02:00,Node_2,0.0
2030,sc01,10-08 23:00:00+02:00,Node_3,0.0
2030,sc01,10-13 00:00:00+02:00,Node_1,0.0
2030,sc01,10-13 00:00:00+02:00,Node_2,0.0
2030,sc01,10-13 00:00:00+02:00,Node_3,0.0
2030,sc01,10-13 01:00:00+02:00,Node_1,0.0
2030,sc01,10-13 01:00:00+02:00,Node_2,0.0
2030,sc01,10-13 01:00:00+02:00,Node_3,0.0
2030,sc01,10-13 02:00:00+02:00,Node_1,0.0
2030,sc01,10-13 02:00:00+02:00,Node_2,0.0
2030,sc01,10-13 02:00:00+02:00,Node_3,0.0
2030,sc01,10-13 03:00:00+02:00,Node_1,0.0
2030,sc01,10-13 03:00:00+02:00,Node_2,0.0
2030,sc01,10-13 03:00:00+02:00,Node_3,0.0
2030,sc01,10-13 04:00:00+02:00,Node_1,0.0
2030,sc01,10-13 04:00:00+02:00,Node_2,0.0
2030,sc01,10-13 04:00:00+02:00,Node_3,0.0
2030,sc01,10-13 05:00:00+02:00,Node_1,0.0
2030,sc01,10-13 05:00:00+02:00,Node_2,0.0
2030,sc01,10-13 05:00:00+02:00,Node_3,0.0
2030,sc01,10-13 06:00:00+02:00,Node_1,0.0
2030,sc01,10-13 06:00:00+02:00,Node_2,0.0
2030,sc01,10-13 06:00:00+02:00,Node_3,0.0
2030,sc01,10-13 07:00:00+02:00,Node_1,0.0
2030,sc01,10-13 07:00:00+02:00,Node_2,0.0
2030,sc01,10-13 07:00:00+02:00,Node_3,0.0
2030,sc01,10-13 08:00:00+02:00,Node_1,0.0
2030,sc01,10-13 08:00:00+02:00,Node_2,0.0
2030,sc01,10-13 08:00:00+02:00,Node_3,0.0
2030,sc01,10-13 09:00:00+02:00,Node_1,0.0
2030,sc01,10-13 09:00:00+02:00,Node_2,0.0
2030,sc01,10-13 09:00:00+02:00,Node_3,0.0
2030,sc01,10-13 10:00:00+02:00,Node_1,0.0
2030,sc01,10-13 10:00:00+02:00,Node_2,0.0
2030,sc01,10-13 10:00:00+02:00,Node_3,0.0
2030,sc01,10-13 11:00:00+02:00,Node_1,0.0
2030,sc01,10-13 11:00:00+02:00,Node_2,0.0
2030,sc01,10-13 11:00:00+02:00,Node_3,0.0
2030,sc01,10-13 12:00:00+02:00,Node_1,0.0
2030,sc01,10-13 12:00:00+02:00,Node_2,0.0
2030,sc01,10-13 12:00:00+02:00,Node_3,0.0
2030,sc01,10-13 13:00:00+02:00,Node_1,0.0
2030,sc01,10-13 13:00:00+02:00,Node_2,0.0
2030,sc01,10-13 13:00:00+02:00,Node_3,0.0
2030,sc01,10-13 14:00:00+02:00,Node_1,0.0
2030,sc01,10-13 14:00:00+02:00,Node_2,0.0
2030,sc01,10-13 14:00:00+02:00,Node_3,0.0
2030,sc01,10-13 15:00:00+02:00,Node_1,0.0
2030,sc01,10-13 15:00:00+02:00,Node_2,0.0
2030,sc01,10-13 15:00:00+02:00,Node_3,0.0
2030,sc01,10-13 16:00:00+02:00,Node_1,0.0
2030,sc01,10-13 16:00:00+02:00,Node_2,0.0
2030,sc01,10-13 16:00:00+02:00,Node_3,0.0
2030,sc01,10-13 17:00:00+02:00,Node_1,0.0
2030,sc01,10-13 17:00:00+02:00,Node_2,0.0
2030,sc01,10-13 17:00:00+02:00,Node_3,0.0
2030,sc01,10-13 18:00:00+02:00,Node_1,0.0
2030,sc01,10-13 18:00:00+02:00,Node_2,0.0
2030,sc01,10-13 18:00:00+02:00,Node_3,0.0
2030,sc01,10-13 19:00:00+02:00,Node_1,0.0
2030,sc01,10-13 19:00:00+02:00,Node_2,0.0
2030,sc01,10-13 19:00:00+02:00,Node_3,0.0
2030,sc01,10-13 20:00:00+02:00,Node_1,0.0
2030,sc01,10-13 20:00:00+02:00,Node_2,0.0
2030,sc01,10-13 20:00:00+02:00,Node_3,0.0
2030,sc01,10-13 21:00:00+02:00,Node_1,0.0
2030,sc01,10-13 21:00:00+02:00,Node_2,0.0
2030,sc01,10-13 21:00:00+02:00,Node_3,0.0
2030,sc01,10-13 22:00:00+02:00,Node_1,0.0
2030,sc01,10-13 22:00:00+02:00,Node_2,0.0
2030,sc01,10-13 22:00:00+02:00,Node_3,0.0
2030,sc01,10-13 23:00:00+02:00,Node_1,0.0
2030,sc01,10-13 23:00:00+02:00,Node_2,0.0
2030,sc01,10-13 23:00:00+02:00,Node_3,0.0
2030,sc01,10-20 00:00:00+02:00,Node_1,0.0
2030,sc01,10-20 00:00:00+02:00,Node_2,0.0
2030,sc01,10-20 00:00:00+02:00,Node_3,0.0
2030,sc01,10-20 01:00:00+02:00,Node_1,0.0
2030,sc01,10-20 01:00:00+02:00,Node_2,0.0
2030,sc01,10-20 01:00:00+02:00,Node_3,0.0
2030,sc01,10-20 02:00:00+02:00,Node_1,0.0
2030,sc01,10-20 02:00:00+02:00,Node_2,0.0
2030,sc01,10-20 02:00:00+02:00,Node_3,0.0
2030,sc01,10-20 03:00:00+02:00,Node_1,0.0
2030,sc01,10-20 03:00:00+02:00,Node_2,0.0
2030,sc01,10-20 03:00:00+02:00,Node_3,0.0
2030,sc01,10-20 04:00:00+02:00,Node_1,0.0
2030,sc01,10-20 04:00:00+02:00,Node_2,0.0
2030,sc01,10-20 04:00:00+02:00,Node_3,0.0
2030,sc01,10-20 05:00:00+02:00,Node_1,0.0
2030,sc01,10-20 05:00:00+02:00,Node_2,0.0
2030,sc01,10-20 05:00:00+02:00,Node_3,0.0
2030,sc01,10-20 06:00:00+02:00,Node_1,0.0
2030,sc01,10-20 06:00:00+02:00,Node_2,0.0
2030,sc01,10-20 06:00:00+02:00,Node_3,0.0
2030,sc01,10-20 07:00:00+02:00,Node_1,0.0
2030,sc01,10-20 07:00:00+02:00,Node_2,0.0
2030,sc01,10-20 07:00:00+02:00,Node_3,0.0
2030,sc01,10-20 08:00:00+02:00,Node_1,0.0
2030,sc01,10-20 08:00:00+02:00,Node_2,0.0
2030,sc01,10-20 08:00:00+02:00,Node_3,0.0
2030,sc01,10-20 09:00:00+02:00,Node_1,0.0
2030,sc01,10-20 09:00:00+02:00,Node_2,0.0
2030,sc01,10-20 09:00:00+02:00,Node_3,0.0
2030,sc01,10-20 10:00:00+02:00,Node_1,0.0
2030,sc01,10-20 10:00:00+02:00,Node_2,0.0
2030,sc01,10-20 10:00:00+02:00,Node_3,0.0
2030,sc01,10-20 11:00:00+02:00,Node_1,0.0
2030,sc01,10-20 11:00:00+02:00,Node_2,0.0
2030,sc01,10-20 11:00:00+02:00,Node_3,0.0
2030,sc01,10-20 12:00:00+02:00,Node_1,0.0
2030,sc01,10-20 12:00:00+02:00,Node_2,0.0
2030,sc01,10-20 12:00:00+02:00,Node_3,0.0
2030,sc01,10-20 13:00:00+02:00,Node_1,0.0
2030,sc01,10-20 13:00:00+02:00,Node_2,0.0
2030,sc01,10-20 13:00:00+02:00,Node_3,0.0
2030,sc01,10-20 14:00:00+02:00,Node_1,0.0
2030,sc01,10-20 14:00:00+02:00,Node_2,0.0
2030,sc01,10-20 14:00:00+02:00,Node_3,0.0
2030,sc01,10-20 15:00:00+02:00,Node_1,0.0
2030,sc01,10-20 15:00:00+02:00,Node_2,0.0
2030,sc01,10-20 15:00:00+02:00,Node_3,0.0
2030,sc01,10-20 16:00:00+02:00,Node_1,0.0
2030,sc01,10-20 16:00:00+02:00,Node_2,0.0
2030,sc01,10-20 16:00:00+02:00,Node_3,0.0
2030,sc01,10-20 17:00:00+02:00,Node_1,0.0
2030,sc01,10-20 17:00:00+02:00,Node_2,0.0
2030,sc01,10-20 17:00:00+02:00,Node_3,0.0
2030,sc01,10-20 18:00:00+02:00,Node_1,0.0
2030,sc01,10-20 18:00:00+02:00,Node_2,0.0
2030,sc01,10-20 18:00:00+02:00,Node_3,0.0
2030,sc01,10-20 19:00:00+02:00,Node_1,0.0
2030,sc01,10-20 19:00:00+02:00,Node_2,0.0
2030,sc01,10-20 19:00:00+02:00,Node_3,0.0
2030,sc01,10-20 20:00:00+02:00,Node_1,0.0
2030,sc01,10-20 20:00:00+02:00,Node_2,0.0
2030,sc01,10-20 20:00:00+02:00,Node_3,0.0
2030,sc01,10-20 21:00:00+02:00,Node_1,0.0
2030,sc01,10-20 21:00:00+02:00,Node_2,0.0
2030,sc01,10-20 21:00:00+02:00,Node_3,0.0
2030,sc01,10-20 22:00:00+02:00,Node_1,0.0
2030,sc01,10-20 22:00:00+02:00,Node_2,0.0
2030,sc01,10-20 22:00:00+02:00,Node_3,0.0
2030,sc01,10-20 23:00:00+02:00,Node_1,0.0
2030,sc01,10-20 23:00:00+02:00,Node_2,0.0
2030,sc01,10-20 23:00:00+02:00,Node_3,0.0
2030,sc01,10-25 00:00:00+02:00,Node_1,0.0
2030,sc01,10-25 00:00:00+02:00,Node_2,0.0
2030,sc01,10-25 00:00:00+02:00,Node_3,0.0
2030,sc01,10-25 01:00:00+02:00,Node_1,0.0
2030,sc01,10-25 01:00:00+02:00,Node_2,0.0
2030,sc01,10-25 01:00:00+02:00,Node_3,0.0
2030,sc01,10-25 02:00:00+02:00,Node_1,0.0
2030,sc01,10-25 02:00:00+02:00,Node_2,0.0
2030,sc01,10-25 02:00:00+02:00,Node_3,0.0
2030,sc01,10-25 03:00:00+02:00,Node_1,0.0
2030,sc01,10-25 03:00:00+02:00,Node_2,0.0
2030,sc01,10-25 03:00:00+02:00,Node_3,0.0
2030,sc01,10-25 04:00:00+02:00,Node_1,0.0
2030,sc01,10-25 04:00:00+02:00,Node_2,0.0
2030,sc01,10-25 04:00:00+02:00,Node_3,0.0
2030,sc01,10-25 05:00:00+02:00,Node_1,0.0
2030,sc01,10-25 05:00:00+02:00,Node_2,0.0
2030,sc01,10-25 05:00:00+02:00,Node_3,0.0
2030,sc01,10-25 06:00:00+02:00,Node_1,0.0
2030,sc01,10-25 06:00:00+02:00,Node_2,0.0
2030,sc01,10-25 06:00:00+02:00,Node_3,0.0
2030,sc01,10-25 07:00:00+02:00,Node_1,0.0
2030,sc01,10-25 07:00:00+02:00,Node_2,0.0
2030,sc01,10-25 07:00:00+02:00,Node_3,0.0
2030,sc01,10-25 08:00:00+02:00,Node_1,0.0
2030,sc01,10-25 08:00:00+02:00,Node_2,0.0
2030,sc01,10-25 08:00:00+02:00,Node_3,0.0
2030,sc01,10-25 09:00:00+02:00,Node_1,0.0
2030,sc01,10-25 09:00:00+02:00,Node_2,0.0
2030,sc01,10-25 09:00:00+02:00,Node_3,0.0
2030,sc01,10-25 10:00:00+02:00,Node_1,0.0
2030,sc01,10-25 10:00:00+02:00,Node_2,0.0
2030,sc01,10-25 10:00:00+02:00,Node_3,0.0
2030,sc01,10-25 11:00:00+02:00,Node_1,0.0
2030,sc01,10-25 11:00:00+02:00,Node_2,0.0
2030,sc01,10-25 11:00:00+02:00,Node_3,0.0
2030,sc01,10-25 12:00:00+02:00,Node_1,0.0
2030,sc01,10-25 12:00:00+02:00,Node_2,0.0
2030,sc01,10-25 12:00:00+02:00,Node_3,0.0
2030,sc01,10-25 13:00:00+02:00,Node_1,0.0
2030,sc01,10-25 13:00:00+02:00,Node_2,0.0
2030,sc01,10-25 13:00:00+02:00,Node_3,0.0
2030,sc01,10-25 14:00:00+02:00,Node_1,0.0
2030,sc01,10-25 14:00:00+02:00,Node_2,0.0
2030,sc01,10-25 14:00:00+02:00,Node_3,0.0
2030,sc01,10-25 15:00:00+02:00,Node_1,0.0
2030,sc01,10-25 15:00:00+02:00,Node_2,0.0
2030,sc01,10-25 15:00:00+02:00,Node_3,0.0
2030,sc01,10-25 16:00:00+02:00,Node_1,0.0
2030,sc01,10-25 16:00:00+02:00,Node_2,0.0
2030,sc01,10-25 16:00:00+02:00,Node_3,0.0
2030,sc01,10-25 17:00:00+02:00,Node_1,0.0
2030,sc01,10-25 17:00:00+02:00,Node_2,0.0
2030,sc01,10-25 17:00:00+02:00,Node_3,0.0
2030,sc01,10-25 18:00:00+02:00,Node_1,0.0
2030,sc01,10-25 18:00:00+02:00,Node_2,0.0
2030,sc01,10-25 18:00:00+02:00,Node_3,0.0
2030,sc01,10-25 19:00:00+02:00,Node_1,0.0
2030,sc01,10-25 19:00:00+02:00,Node_2,0.0
2030,sc01,10-25 19:00:00+02:00,Node_3,0.0
2030,sc01,10-25 20:00:00+02:00,Node_1,0.0
2030,sc01,10-25 20:00:00+02:00,Node_2,0.0
2030,sc01,10-25 20:00:00+02:00,Node_3,0.0
2030,sc01,10-25 21:00:00+02:00,Node_1,0.0
2030,sc01,10-25 21:00:00+02:00,Node_2,0.0
2030,sc01,10-25 21:00:00+02:00,Node_3,0.0
2030,sc01,10-25 22:00:00+02:00,Node_1,0.0
2030,sc01,10-25 22:00:00+02:00,Node_2,0.0
2030,sc01,10-25 22:00:00+02:00,Node_3,0.0
2030,sc01,10-25 23:00:00+02:00,Node_1,0.0
2030,sc01,10-25 23:00:00+02:00,Node_2,0.0
2030,sc01,10-25 23:00:00+02:00,Node_3,0.0
