Period,Scenario,LoadLevel,Unit,p.u.
2030,sc01,01-02 00:00:00+01:00,CCGT_2,0
2030,sc01,01-02 00:00:00+01:00,CCGT_1,0
2030,sc01,01-02 00:00:00+01:00,CCGT_3,0
2030,sc01,01-02 01:00:00+01:00,CCGT_2,0
2030,sc01,01-02 01:00:00+01:00,CCGT_1,0
2030,sc01,01-02 01:00:00+01:00,CCGT_3,0
2030,sc01,01-02 02:00:00+01:00,CCGT_2,0
2030,sc01,01-02 02:00:00+01:00,CCGT_1,0
2030,sc01,01-02 02:00:00+01:00,CCGT_3,0
2030,sc01,01-02 03:00:00+01:00,CCGT_2,0
2030,sc01,01-02 03:00:00+01:00,CCGT_1,0
2030,sc01,01-02 03:00:00+01:00,CCGT_3,0
2030,sc01,01-02 04:00:00+01:00,CCGT_2,0
2030,sc01,01-02 04:00:00+01:00,CCGT_1,0
2030,sc01,01-02 04:00:00+01:00,CCGT_3,0
2030,sc01,01-02 05:00:00+01:00,CCGT_2,0
2030,sc01,01-02 05:00:00+01:00,CCGT_1,0
2030,sc01,01-02 05:00:00+01:00,CCGT_3,0
2030,sc01,01-02 06:00:00+01:00,CCGT_2,0
2030,sc01,01-02 06:00:00+01:00,CCGT_1,0
2030,sc01,01-02 06:00:00+01:00,CCGT_3,0
2030,sc01,01-02 07:00:00+01:00,CCGT_2,0
2030,sc01,01-02 07:00:00+01:00,CCGT_1,0
2030,sc01,01-02 07:00:00+01:00,CCGT_3,0
2030,sc01,01-02 08:00:00+01:00,CCGT_2,0
2030,sc01,01-02 08:00:00+01:00,CCGT_1,0
2030,sc01,01-02 08:00:00+01:00,CCGT_3,0
2030,sc01,01-02 09:00:00+01:00,CCGT_2,0
2030,sc01,01-02 09:00:00+01:00,CCGT_1,0
2030,sc01,01-02 09:00:00+01:00,CCGT_3,0
2030,sc01,01-02 10:00:00+01:00,CCGT_2,0
2030,sc01,01-02 10:00:00+01:00,CCGT_1,0
2030,sc01,01-02 10:00:00+01:00,CCGT_3,0
2030,sc01,01-02 11:00:00+01:00,CCGT_2,0
2030,sc01,01-02 11:00:00+01:00,CCGT_1,0
2030,sc01,01-02 11:00:00+01:00,CCGT_3,0
2030,sc01,01-02 12:00:00+01:00,CCGT_2,0
2030,sc01,01-02 12:00:00+01:00,CCGT_1,0
2030,sc01,01-02 12:00:00+01:00,CCGT_3,0
2030,sc01,01-02 13:00:00+01:00,CCGT_2,0
2030,sc01,01-02 13:00:00+01:00,CCGT_1,0
2030,sc01,01-02 13:00:00+01:00,CCGT_3,0
2030,sc01,01-02 14:00:00+01:00,CCGT_2,0
2030,sc01,01-02 14:00:00+01:00,CCGT_1,0
2030,sc01,01-02 14:00:00+01:00,CCGT_3,0
2030,sc01,01-02 15:00:00+01:00,CCGT_2,0
2030,sc01,01-02 15:00:00+01:00,CCGT_1,0
2030,sc01,01-02 15:00:00+01:00,CCGT_3,0
2030,sc01,01-02 16:00:00+01:00,CCGT_2,0
2030,sc01,01-02 16:00:00+01:00,CCGT_1,0
2030,sc01,01-02 16:00:00+01:00,CCGT_3,0
2030,sc01,01-02 17:00:00+01:00,CCGT_2,0
2030,sc01,01-02 17:00:00+01:00,CCGT_1,0
2030,sc01,01-02 17:00:00+01:00,CCGT_3,0
2030,sc01,01-02 18:00:00+01:00,CCGT_2,0
2030,sc01,01-02 18:00:00+01:00,CCGT_1,0
2030,sc01,01-02 18:00:00+01:00,CCGT_3,0
2030,sc01,01-02 19:00:00+01:00,CCGT_2,0
2030,sc01,01-02 19:00:00+01:00,CCGT_1,0
2030,sc01,01-02 19:00:00+01:00,CCGT_3,0
2030,sc01,01-02 20:00:00+01:00,CCGT_2,0
2030,sc01,01-02 20:00:00+01:00,CCGT_1,0
2030,sc01,01-02 20:00:00+01:00,CCGT_3,0
2030,sc01,01-02 21:00:00+01:00,CCGT_2,0
2030,sc01,01-02 21:00:00+01:00,CCGT_1,0
2030,sc01,01-02 21:00:00+01:00,CCGT_3,0
2030,sc01,01-02 22:00:00+01:00,CCGT_2,0
2030,sc01,01-02 22:00:00+01:00,CCGT_1,0
2030,sc01,01-02 22:00:00+01:00,CCGT_3,0
2030,sc01,01-02 23:00:00+01:00,CCGT_2,0
2030,sc01,01-02 23:00:00+01:00,CCGT_1,0
2030,sc01,01-02 23:00:00+01:00,CCGT_3,0
2030,sc01,01-06 00:00:00+01:00,CCGT_2,0
2030,sc01,01-06 00:00:00+01:00,CCGT_1,0
2030,sc01,01-06 00:00:00+01:00,CCGT_3,0
2030,sc01,01-06 01:00:00+01:00,CCGT_2,0
2030,sc01,01-06 01:00:00+01:00,CCGT_1,0
2030,sc01,01-06 01:00:00+01:00,CCGT_3,0
2030,sc01,01-06 02:00:00+01:00,CCGT_2,0
2030,sc01,01-06 02:00:00+01:00,CCGT_1,0
2030,sc01,01-06 02:00:00+01:00,CCGT_3,0
2030,sc01,01-06 03:00:00+01:00,CCGT_2,0
2030,sc01,01-06 03:00:00+01:00,CCGT_1,0
2030,sc01,01-06 03:00:00+01:00,CCGT_3,0
2030,sc01,01-06 04:00:00+01:00,CCGT_2,0
2030,sc01,01-06 04:00:00+01:00,CCGT_1,0
2030,sc01,01-06 04:00:00+01:00,CCGT_3,0
2030,sc01,01-06 05:00:00+01:00,CCGT_2,0
2030,sc01,01-06 05:00:00+01:00,CCGT_1,0
2030,sc01,01-06 05:00:00+01:00,CCGT_3,0
2030,sc01,01-06 06:00:00+01:00,CCGT_2,0
2030,sc01,01-06 06:00:00+01:00,CCGT_1,0
2030,sc01,01-06 06:00:00+01:00,CCGT_3,0
2030,sc01,01-06 07:00:00+01:00,CCGT_2,0
2030,sc01,01-06 07:00:00+01:00,CCGT_1,0
2030,sc01,01-06 07:00:00+01:00,CCGT_3,0
2030,sc01,01-06 08:00:00+01:00,CCGT_2,0
2030,sc01,01-06 08:00:00+01:00,CCGT_1,0
2030,sc01,01-06 08:00:00+01:00,CCGT_3,0
2030,sc01,01-06 09:00:00+01:00,CCGT_2,0
2030,sc01,01-06 09:00:00+01:00,CCGT_1,0
2030,sc01,01-06 09:00:00+01:00,CCGT_3,0
2030,sc01,01-06 10:00:00+01:00,CCGT_2,0
2030,sc01,01-06 10:00:00+01:00,CCGT_1,0
2030,sc01,01-06 10:00:00+01:00,CCGT_3,0
2030,sc01,01-06 11:00:00+01:00,CCGT_2,0
2030,sc01,01-06 11:00:00+01:00,CCGT_1,0
2030,sc01,01-06 11:00:00+01:00,CCGT_3,0
2030,sc01,01-06 12:00:00+01:00,CCGT_2,0
2030,sc01,01-06 12:00:00+01:00,CCGT_1,0
2030,sc01,01-06 12:00:00+01:00,CCGT_3,0
2030,sc01,01-06 13:00:00+01:00,CCGT_2,0
2030,sc01,01-06 13:00:00+01:00,CCGT_1,0
2030,sc01,01-06 13:00:00+01:00,CCGT_3,0
2030,sc01,01-06 14:00:00+01:00,CCGT_2,0
2030,sc01,01-06 14:00:00+01:00,CCGT_1,0
2030,sc01,01-06 14:00:00+01:00,CCGT_3,0
2030,sc01,01-06 15:00:00+01:00,CCGT_2,0
2030,sc01,01-06 15:00:00+01:00,CCGT_1,0
2030,sc01,01-06 15:00:00+01:00,CCGT_3,0
2030,sc01,01-06 16:00:00+01:00,CCGT_2,0
2030,sc01,01-06 16:00:00+01:00,CCGT_1,0
2030,sc01,01-06 16:00:00+01:00,CCGT_3,0
2030,sc01,01-06 17:00:00+01:00,CCGT_2,0
2030,sc01,01-06 17:00:00+01:00,CCGT_1,0
2030,sc01,01-06 17:00:00+01:00,CCGT_3,0
2030,sc01,01-06 18:00:00+01:00,CCGT_2,0
2030,sc01,01-06 18:00:00+01:00,CCGT_1,0
2030,sc01,01-06 18:00:00+01:00,CCGT_3,0
2030,sc01,01-06 19:00:00+01:00,CCGT_2,0
2030,sc01,01-06 19:00:00+01:00,CCGT_1,0
2030,sc01,01-06 19:00:00+01:00,CCGT_3,0
2030,sc01,01-06 20:00:00+01:00,CCGT_2,0
2030,sc01,01-06 20:00:00+01:00,CCGT_1,0
2030,sc01,01-06 20:00:00+01:00,CCGT_3,0
2030,sc01,01-06 21:00:00+01:00,CCGT_2,0
2030,sc01,01-06 21:00:00+01:00,CCGT_1,0
2030,sc01,01-06 21:00:00+01:00,CCGT_3,0
2030,sc01,01-06 22:00:00+01:00,CCGT_2,0
2030,sc01,01-06 22:00:00+01:00,CCGT_1,0
2030,sc01,01-06 22:00:00+01:00,CCGT_3,0
2030,sc01,01-06 23:00:00+01:00,CCGT_2,0
2030,sc01,01-06 23:00:00+01:00,CCGT_1,0
2030,sc01,01-06 23:00:00+01:00,CCGT_3,0
2030,sc01,01-18 00:00:00+01:00,CCGT_2,0
2030,sc01,01-18 00:00:00+01:00,CCGT_1,0
2030,sc01,01-18 00:00:00+01:00,CCGT_3,0
2030,sc01,01-18 01:00:00+01:00,CCGT_2,0
2030,sc01,01-18 01:00:00+01:00,CCGT_1,0
2030,sc01,01-18 01:00:00+01:00,CCGT_3,0
2030,sc01,01-18 02:00:00+01:00,CCGT_2,0
2030,sc01,01-18 02:00:00+01:00,CCGT_1,0
2030,sc01,01-18 02:00:00+01:00,CCGT_3,0
2030,sc01,01-18 03:00:00+01:00,CCGT_2,0
2030,sc01,01-18 03:00:00+01:00,CCGT_1,0
2030,sc01,01-18 03:00:00+01:00,CCGT_3,0
2030,sc01,01-18 04:00:00+01:00,CCGT_2,0
2030,sc01,01-18 04:00:00+01:00,CCGT_1,0
2030,sc01,01-18 04:00:00+01:00,CCGT_3,0
2030,sc01,01-18 05:00:00+01:00,CCGT_2,0
2030,sc01,01-18 05:00:00+01:00,CCGT_1,0
2030,sc01,01-18 05:00:00+01:00,CCGT_3,0
2030,sc01,01-18 06:00:00+01:00,CCGT_2,0
2030,sc01,01-18 06:00:00+01:00,CCGT_1,0
2030,sc01,01-18 06:00:00+01:00,CCGT_3,0
2030,sc01,01-18 07:00:00+01:00,CCGT_2,0
2030,sc01,01-18 07:00:00+01:00,CCGT_1,0
2030,sc01,01-18 07:00:00+01:00,CCGT_3,0
2030,sc01,01-18 08:00:00+01:00,CCGT_2,0
2030,sc01,01-18 08:00:00+01:00,CCGT_1,0
2030,sc01,01-18 08:00:00+01:00,CCGT_3,0
2030,sc01,01-18 09:00:00+01:00,CCGT_2,0
2030,sc01,01-18 09:00:00+01:00,CCGT_1,0
2030,sc01,01-18 09:00:00+01:00,CCGT_3,0
2030,sc01,01-18 10:00:00+01:00,CCGT_2,0
2030,sc01,01-18 10:00:00+01:00,CCGT_1,0
2030,sc01,01-18 10:00:00+01:00,CCGT_3,0
2030,sc01,01-18 11:00:00+01:00,CCGT_2,0
2030,sc01,01-18 11:00:00+01:00,CCGT_1,0
2030,sc01,01-18 11:00:00+01:00,CCGT_3,0
2030,sc01,01-18 12:00:00+01:00,CCGT_2,0
2030,sc01,01-18 12:00:00+01:00,CCGT_1,0
2030,sc01,01-18 12:00:00+01:00,CCGT_3,0
2030,sc01,01-18 13:00:00+01:00,CCGT_2,0
2030,sc01,01-18 13:00:00+01:00,CCGT_1,0
2030,sc01,01-18 13:00:00+01:00,CCGT_3,0
2030,sc01,01-18 14:00:00+01:00,CCGT_2,0
2030,sc01,01-18 14:00:00+01:00,CCGT_1,0
2030,sc01,01-18 14:00:00+01:00,CCGT_3,0
2030,sc01,01-18 15:00:00+01:00,CCGT_2,0
2030,sc01,01-18 15:00:00+01:00,CCGT_1,0
2030,sc01,01-18 15:00:00+01:00,CCGT_3,0
2030,sc01,01-18 16:00:00+01:00,CCGT_2,0
2030,sc01,01-18 16:00:00+01:00,CCGT_1,0
2030,sc01,01-18 16:00:00+01:00,CCGT_3,0
2030,sc01,01-18 17:00:00+01:00,CCGT_2,0
2030,sc01,01-18 17:00:00+01:00,CCGT_1,0
2030,sc01,01-18 17:00:00+01:00,CCGT_3,0
2030,sc01,01-18 18:00:00+01:00,CCGT_2,0
2030,sc01,01-18 18:00:00+01:00,CCGT_1,0
2030,sc01,01-18 18:00:00+01:00,CCGT_3,0
2030,sc01,01-18 19:00:00+01:00,CCGT_2,0
2030,sc01,01-18 19:00:00+01:00,CCGT_1,0
2030,sc01,01-18 19:00:00+01:00,CCGT_3,0
2030,sc01,01-18 20:00:00+01:00,CCGT_2,0
2030,sc01,01-18 20:00:00+01:00,CCGT_1,0
2030,sc01,01-18 20:00:00+01:00,CCGT_3,0
2030,sc01,01-18 21:00:00+01:00,CCGT_2,0
2030,sc01,01-18 21:00:00+01:00,CCGT_1,0
2030,sc01,01-18 21:00:00+01:00,CCGT_3,0
2030,sc01,01-18 22:00:00+01:00,CCGT_2,0
2030,sc01,01-18 22:00:00+01:00,CCGT_1,0
2030,sc01,01-18 22:00:00+01:00,CCGT_3,0
2030,sc01,01-18 23:00:00+01:00,CCGT_2,0
2030,sc01,01-18 23:00:00+01:00,CCGT_1,0
2030,sc01,01-18 23:00:00+01:00,CCGT_3,0
2030,sc01,02-04 00:00:00+01:00,CCGT_2,0
2030,sc01,02-04 00:00:00+01:00,CCGT_1,0
2030,sc01,02-04 00:00:00+01:00,CCGT_3,0
2030,sc01,02-04 01:00:00+01:00,CCGT_2,0
2030,sc01,02-04 01:00:00+01:00,CCGT_1,0
2030,sc01,02-04 01:00:00+01:00,CCGT_3,0
2030,sc01,02-04 02:00:00+01:00,CCGT_2,0
2030,sc01,02-04 02:00:00+01:00,CCGT_1,0
2030,sc01,02-04 02:00:00+01:00,CCGT_3,0
2030,sc01,02-04 03:00:00+01:00,CCGT_2,0
2030,sc01,02-04 03:00:00+01:00,CCGT_1,0
2030,sc01,02-04 03:00:00+01:00,CCGT_3,0
2030,sc01,02-04 04:00:00+01:00,CCGT_2,0
2030,sc01,02-04 04:00:00+01:00,CCGT_1,0
2030,sc01,02-04 04:00:00+01:00,CCGT_3,0
2030,sc01,02-04 05:00:00+01:00,CCGT_2,0
2030,sc01,02-04 05:00:00+01:00,CCGT_1,0
2030,sc01,02-04 05:00:00+01:00,CCGT_3,0
2030,sc01,02-04 06:00:00+01:00,CCGT_2,0
2030,sc01,02-04 06:00:00+01:00,CCGT_1,0
2030,sc01,02-04 06:00:00+01:00,CCGT_3,0
2030,sc01,02-04 07:00:00+01:00,CCGT_2,0
2030,sc01,02-04 07:00:00+01:00,CCGT_1,0
2030,sc01,02-04 07:00:00+01:00,CCGT_3,0
2030,sc01,02-04 08:00:00+01:00,CCGT_2,0
2030,sc01,02-04 08:00:00+01:00,CCGT_1,0
2030,sc01,02-04 08:00:00+01:00,CCGT_3,0
2030,sc01,02-04 09:00:00+01:00,CCGT_2,0
2030,sc01,02-04 09:00:00+01:00,CCGT_1,0
2030,sc01,02-04 09:00:00+01:00,CCGT_3,0
2030,sc01,02-04 10:00:00+01:00,CCGT_2,0
2030,sc01,02-04 10:00:00+01:00,CCGT_1,0
2030,sc01,02-04 10:00:00+01:00,CCGT_3,0
2030,sc01,02-04 11:00:00+01:00,CCGT_2,0
2030,sc01,02-04 11:00:00+01:00,CCGT_1,0
2030,sc01,02-04 11:00:00+01:00,CCGT_3,0
2030,sc01,02-04 12:00:00+01:00,CCGT_2,0
2030,sc01,02-04 12:00:00+01:00,CCGT_1,0
2030,sc01,02-04 12:00:00+01:00,CCGT_3,0
2030,sc01,02-04 13:00:00+01:00,CCGT_2,0
2030,sc01,02-04 13:00:00+01:00,CCGT_1,0
2030,sc01,02-04 13:00:00+01:00,CCGT_3,0
2030,sc01,02-04 14:00:00+01:00,CCGT_2,0
2030,sc01,02-04 14:00:00+01:00,CCGT_1,0
2030,sc01,02-04 14:00:00+01:00,CCGT_3,0
2030,sc01,02-04 15:00:00+01:00,CCGT_2,0
2030,sc01,02-04 15:00:00+01:00,CCGT_1,0
2030,sc01,02-04 15:00:00+01:00,CCGT_3,0
2030,sc01,02-04 16:00:00+01:00,CCGT_2,0
2030,sc01,02-04 16:00:00+01:00,CCGT_1,0
2030,sc01,02-04 16:00:00+01:00,CCGT_3,0
2030,sc01,02-04 17:00:00+01:00,CCGT_2,0
2030,sc01,02-04 17:00:00+01:00,CCGT_1,0
2030,sc01,02-04 17:00:00+01:00,CCGT_3,0
2030,sc01,02-04 18:00:00+01:00,CCGT_2,0
2030,sc01,02-04 18:00:00+01:00,CCGT_1,0
2030,sc01,02-04 18:00:00+01:00,CCGT_3,0
2030,sc01,02-04 19:00:00+01:00,CCGT_2,0
2030,sc01,02-04 19:00:00+01:00,CCGT_1,0
2030,sc01,02-04 19:00:00+01:00,CCGT_3,0
2030,sc01,02-04 20:00:00+01:00,CCGT_2,0
2030,sc01,02-04 20:00:00+01:00,CCGT_1,0
2030,sc01,02-04 20:00:00+01:00,CCGT_3,0
2030,sc01,02-04 21:00:00+01:00,CCGT_2,0
2030,sc01,02-04 21:00:00+01:00,CCGT_1,0
2030,sc01,02-04 21:00:00+01:00,CCGT_3,0
2030,sc01,02-04 22:00:00+01:00,CCGT_2,0
2030,sc01,02-04 22:00:00+01:00,CCGT_1,0
2030,sc01,02-04 22:00:00+01:00,CCGT_3,0
2030,sc01,02-04 23:00:00+01:00,CCGT_2,0
2030,sc01,02-04 23:00:00+01:00,CCGT_1,0
2030,sc01,02-04 23:00:00+01:00,CCGT_3,0
2030,sc01,02-12 00:00:00+01:00,CCGT_2,0
2030,sc01,02-12 00:00:00+01:00,CCGT_1,0
2030,sc01,02-12 00:00:00+01:00,CCGT_3,0
2030,sc01,02-12 01:00:00+01:00,CCGT_2,0
2030,sc01,02-12 01:00:00+01:00,CCGT_1,0
2030,sc01,02-12 01:00:00+01:00,CCGT_3,0
2030,sc01,02-12 02:00:00+01:00,CCGT_2,0
2030,sc01,02-12 02:00:00+01:00,CCGT_1,0
2030,sc01,02-12 02:00:00+01:00,CCGT_3,0
2030,sc01,02-12 03:00:00+01:00,CCGT_2,0
2030,sc01,02-12 03:00:00+01:00,CCGT_1,0
2030,sc01,02-12 03:00:00+01:00,CCGT_3,0
2030,sc01,02-12 04:00:00+01:00,CCGT_2,0
2030,sc01,02-12 04:00:00+01:00,CCGT_1,0
2030,sc01,02-12 04:00:00+01:00,CCGT_3,0
2030,sc01,02-12 05:00:00+01:00,CCGT_2,0
2030,sc01,02-12 05:00:00+01:00,CCGT_1,0
2030,sc01,02-12 05:00:00+01:00,CCGT_3,0
2030,sc01,02-12 06:00:00+01:00,CCGT_2,0
2030,sc01,02-12 06:00:00+01:00,CCGT_1,0
2030,sc01,02-12 06:00:00+01:00,CCGT_3,0
2030,sc01,02-12 07:00:00+01:00,CCGT_2,0
2030,sc01,02-12 07:00:00+01:00,CCGT_1,0
2030,sc01,02-12 07:00:00+01:00,CCGT_3,0
2030,sc01,02-12 08:00:00+01:00,CCGT_2,0
2030,sc01,02-12 08:00:00+01:00,CCGT_1,0
2030,sc01,02-12 08:00:00+01:00,CCGT_3,0
2030,sc01,02-12 09:00:00+01:00,CCGT_2,0
2030,sc01,02-12 09:00:00+01:00,CCGT_1,0
2030,sc01,02-12 09:00:00+01:00,CCGT_3,0
2030,sc01,02-12 10:00:00+01:00,CCGT_2,0
2030,sc01,02-12 10:00:00+01:00,CCGT_1,0
2030,sc01,02-12 10:00:00+01:00,CCGT_3,0
2030,sc01,02-12 11:00:00+01:00,CCGT_2,0
2030,sc01,02-12 11:00:00+01:00,CCGT_1,0
2030,sc01,02-12 11:00:00+01:00,CCGT_3,0
2030,sc01,02-12 12:00:00+01:00,CCGT_2,0
2030,sc01,02-12 12:00:00+01:00,CCGT_1,0
2030,sc01,02-12 12:00:00+01:00,CCGT_3,0
2030,sc01,02-12 13:00:00+01:00,CCGT_2,0
2030,sc01,02-12 13:00:00+01:00,CCGT_1,0
2030,sc01,02-12 13:00:00+01:00,CCGT_3,0
2030,sc01,02-12 14:00:00+01:00,CCGT_2,0
2030,sc01,02-12 14:00:00+01:00,CCGT_1,0
2030,sc01,02-12 14:00:00+01:00,CCGT_3,0
2030,sc01,02-12 15:00:00+01:00,CCGT_2,0
2030,sc01,02-12 15:00:00+01:00,CCGT_1,0
2030,sc01,02-12 15:00:00+01:00,CCGT_3,0
2030,sc01,02-12 16:00:00+01:00,CCGT_2,0
2030,sc01,02-12 16:00:00+01:00,CCGT_1,0
2030,sc01,02-12 16:00:00+01:00,CCGT_3,0
2030,sc01,02-12 17:00:00+01:00,CCGT_2,0
2030,sc01,02-12 17:00:00+01:00,CCGT_1,0
2030,sc01,02-12 17:00:00+01:00,CCGT_3,0
2030,sc01,02-12 18:00:00+01:00,CCGT_2,0
2030,sc01,02-12 18:00:00+01:00,CCGT_1,0
2030,sc01,02-12 18:00:00+01:00,CCGT_3,0
2030,sc01,02-12 19:00:00+01:00,CCGT_2,0
2030,sc01,02-12 19:00:00+01:00,CCGT_1,0
2030,sc01,02-12 19:00:00+01:00,CCGT_3,0
2030,sc01,02-12 20:00:00+01:00,CCGT_2,0
2030,sc01,02-12 20:00:00+01:00,CCGT_1,0
2030,sc01,02-12 20:00:00+01:00,CCGT_3,0
2030,sc01,02-12 21:00:00+01:00,CCGT_2,0
2030,sc01,02-12 21:00:00+01:00,CCGT_1,0
2030,sc01,02-12 21:00:00+01:00,CCGT_3,0
2030,sc01,02-12 22:00:00+01:00,CCGT_2,0
2030,sc01,02-12 22:00:00+01:00,CCGT_1,0
2030,sc01,02-12 22:00:00+01:00,CCGT_3,0
2030,sc01,02-12 23:00:00+01:00,CCGT_2,0
2030,sc01,02-12 23:00:00+01:00,CCGT_1,0
2030,sc01,02-12 23:00:00+01:00,CCGT_3,0
2030,sc01,02-19 00:00:00+01:00,CCGT_2,0
2030,sc01,02-19 00:00:00+01:00,CCGT_1,0
2030,sc01,02-19 00:00:00+01:00,CCGT_3,0
2030,sc01,02-19 01:00:00+01:00,CCGT_2,0
2030,sc01,02-19 01:00:00+01:00,CCGT_1,0
2030,sc01,02-19 01:00:00+01:00,CCGT_3,0
2030,sc01,02-19 02:00:00+01:00,CCGT_2,0
2030,sc01,02-19 02:00:00+01:00,CCGT_1,0
2030,sc01,02-19 02:00:00+01:00,CCGT_3,0
2030,sc01,02-19 03:00:00+01:00,CCGT_2,0
2030,sc01,02-19 03:00:00+01:00,CCGT_1,0
2030,sc01,02-19 03:00:00+01:00,CCGT_3,0
2030,sc01,02-19 04:00:00+01:00,CCGT_2,0
2030,sc01,02-19 04:00:00+01:00,CCGT_1,0
2030,sc01,02-19 04:00:00+01:00,CCGT_3,0
2030,sc01,02-19 05:00:00+01:00,CCGT_2,0
2030,sc01,02-19 05:00:00+01:00,CCGT_1,0
2030,sc01,02-19 05:00:00+01:00,CCGT_3,0
2030,sc01,02-19 06:00:00+01:00,CCGT_2,0
2030,sc01,02-19 06:00:00+01:00,CCGT_1,0
2030,sc01,02-19 06:00:00+01:00,CCGT_3,0
2030,sc01,02-19 07:00:00+01:00,CCGT_2,0
2030,sc01,02-19 07:00:00+01:00,CCGT_1,0
2030,sc01,02-19 07:00:00+01:00,CCGT_3,0
2030,sc01,02-19 08:00:00+01:00,CCGT_2,0
2030,sc01,02-19 08:00:00+01:00,CCGT_1,0
2030,sc01,02-19 08:00:00+01:00,CCGT_3,0
2030,sc01,02-19 09:00:00+01:00,CCGT_2,0
2030,sc01,02-19 09:00:00+01:00,CCGT_1,0
2030,sc01,02-19 09:00:00+01:00,CCGT_3,0
2030,sc01,02-19 10:00:00+01:00,CCGT_2,0
2030,sc01,02-19 10:00:00+01:00,CCGT_1,0
2030,sc01,02-19 10:00:00+01:00,CCGT_3,0
2030,sc01,02-19 11:00:00+01:00,CCGT_2,0
2030,sc01,02-19 11:00:00+01:00,CCGT_1,0
2030,sc01,02-19 11:00:00+01:00,CCGT_3,0
2030,sc01,02-19 12:00:00+01:00,CCGT_2,0
2030,sc01,02-19 12:00:00+01:00,CCGT_1,0
2030,sc01,02-19 12:00:00+01:00,CCGT_3,0
2030,sc01,02-19 13:00:00+01:00,CCGT_2,0
2030,sc01,02-19 13:00:00+01:00,CCGT_1,0
2030,sc01,02-19 13:00:00+01:00,CCGT_3,0
2030,sc01,02-19 14:00:00+01:00,CCGT_2,0
2030,sc01,02-19 14:00:00+01:00,CCGT_1,0
2030,sc01,02-19 14:00:00+01:00,CCGT_3,0
2030,sc01,02-19 15:00:00+01:00,CCGT_2,0
2030,sc01,02-19 15:00:00+01:00,CCGT_1,0
2030,sc01,02-19 15:00:00+01:00,CCGT_3,0
2030,sc01,02-19 16:00:00+01:00,CCGT_2,0
2030,sc01,02-19 16:00:00+01:00,CCGT_1,0
2030,sc01,02-19 16:00:00+01:00,CCGT_3,0
2030,sc01,02-19 17:00:00+01:00,CCGT_2,0
2030,sc01,02-19 17:00:00+01:00,CCGT_1,0
2030,sc01,02-19 17:00:00+01:00,CCGT_3,0
2030,sc01,02-19 18:00:00+01:00,CCGT_2,0
2030,sc01,02-19 18:00:00+01:00,CCGT_1,0
2030,sc01,02-19 18:00:00+01:00,CCGT_3,0
2030,sc01,02-19 19:00:00+01:00,CCGT_2,0
2030,sc01,02-19 19:00:00+01:00,CCGT_1,0
2030,sc01,02-19 19:00:00+01:00,CCGT_3,0
2030,sc01,02-19 20:00:00+01:00,CCGT_2,0
2030,sc01,02-19 20:00:00+01:00,CCGT_1,0
2030,sc01,02-19 20:00:00+01:00,CCGT_3,0
2030,sc01,02-19 21:00:00+01:00,CCGT_2,0
2030,sc01,02-19 21:00:00+01:00,CCGT_1,0
2030,sc01,02-19 21:00:00+01:00,CCGT_3,0
2030,sc01,02-19 22:00:00+01:00,CCGT_2,0
2030,sc01,02-19 22:00:00+01:00,CCGT_1,0
2030,sc01,02-19 22:00:00+01:00,CCGT_3,0
2030,sc01,02-19 23:00:00+01:00,CCGT_2,0
2030,sc01,02-19 23:00:00+01:00,CCGT_1,0
2030,sc01,02-19 23:00:00+01:00,CCGT_3,0
2030,sc01,03-03 00:00:00+01:00,CCGT_2,0
2030,sc01,03-03 00:00:00+01:00,CCGT_1,0
2030,sc01,03-03 00:00:00+01:00,CCGT_3,0
2030,sc01,03-03 01:00:00+01:00,CCGT_2,0
2030,sc01,03-03 01:00:00+01:00,CCGT_1,0
2030,sc01,03-03 01:00:00+01:00,CCGT_3,0
2030,sc01,03-03 02:00:00+01:00,CCGT_2,0
2030,sc01,03-03 02:00:00+01:00,CCGT_1,0
2030,sc01,03-03 02:00:00+01:00,CCGT_3,0
2030,sc01,03-03 03:00:00+01:00,CCGT_2,0
2030,sc01,03-03 03:00:00+01:00,CCGT_1,0
2030,sc01,03-03 03:00:00+01:00,CCGT_3,0
2030,sc01,03-03 04:00:00+01:00,CCGT_2,0
2030,sc01,03-03 04:00:00+01:00,CCGT_1,0
2030,sc01,03-03 04:00:00+01:00,CCGT_3,0
2030,sc01,03-03 05:00:00+01:00,CCGT_2,0
2030,sc01,03-03 05:00:00+01:00,CCGT_1,0
2030,sc01,03-03 05:00:00+01:00,CCGT_3,0
2030,sc01,03-03 06:00:00+01:00,CCGT_2,0
2030,sc01,03-03 06:00:00+01:00,CCGT_1,0
2030,sc01,03-03 06:00:00+01:00,CCGT_3,0
2030,sc01,03-03 07:00:00+01:00,CCGT_2,0
2030,sc01,03-03 07:00:00+01:00,CCGT_1,0
2030,sc01,03-03 07:00:00+01:00,CCGT_3,0
2030,sc01,03-03 08:00:00+01:00,CCGT_2,0
2030,sc01,03-03 08:00:00+01:00,CCGT_1,0
2030,sc01,03-03 08:00:00+01:00,CCGT_3,0
2030,sc01,03-03 09:00:00+01:00,CCGT_2,0
2030,sc01,03-03 09:00:00+01:00,CCGT_1,0
2030,sc01,03-03 09:00:00+01:00,CCGT_3,0
2030,sc01,03-03 10:00:00+01:00,CCGT_2,0
2030,sc01,03-03 10:00:00+01:00,CCGT_1,0
2030,sc01,03-03 10:00:00+01:00,CCGT_3,0
2030,sc01,03-03 11:00:00+01:00,CCGT_2,0
2030,sc01,03-03 11:00:00+01:00,CCGT_1,0
2030,sc01,03-03 11:00:00+01:00,CCGT_3,0
2030,sc01,03-03 12:00:00+01:00,CCGT_2,0
2030,sc01,03-03 12:00:00+01:00,CCGT_1,0
2030,sc01,03-03 12:00:00+01:00,CCGT_3,0
2030,sc01,03-03 13:00:00+01:00,CCGT_2,0
2030,sc01,03-03 13:00:00+01:00,CCGT_1,0
2030,sc01,03-03 13:00:00+01:00,CCGT_3,0
2030,sc01,03-03 14:00:00+01:00,CCGT_2,0
2030,sc01,03-03 14:00:00+01:00,CCGT_1,0
2030,sc01,03-03 14:00:00+01:00,CCGT_3,0
2030,sc01,03-03 15:00:00+01:00,CCGT_2,0
2030,sc01,03-03 15:00:00+01:00,CCGT_1,0
2030,sc01,03-03 15:00:00+01:00,CCGT_3,0
2030,sc01,03-03 16:00:00+01:00,CCGT_2,0
2030,sc01,03-03 16:00:00+01:00,CCGT_1,0
2030,sc01,03-03 16:00:00+01:00,CCGT_3,0
2030,sc01,03-03 17:00:00+01:00,CCGT_2,0
2030,sc01,03-03 17:00:00+01:00,CCGT_1,0
2030,sc01,03-03 17:00:00+01:00,CCGT_3,0
2030,sc01,03-03 18:00:00+01:00,CCGT_2,0
2030,sc01,03-03 18:00:00+01:00,CCGT_1,0
2030,sc01,03-03 18:00:00+01:00,CCGT_3,0
2030,sc01,03-03 19:00:00+01:00,CCGT_2,0
2030,sc01,03-03 19:00:00+01:00,CCGT_1,0
2030,sc01,03-03 19:00:00+01:00,CCGT_3,0
2030,sc01,03-03 20:00:00+01:00,CCGT_2,0
2030,sc01,03-03 20:00:00+01:00,CCGT_1,0
2030,sc01,03-03 20:00:00+01:00,CCGT_3,0
2030,sc01,03-03 21:00:00+01:00,CCGT_2,0
2030,sc01,03-03 21:00:00+01:00,CCGT_1,0
2030,sc01,03-03 21:00:00+01:00,CCGT_3,0
2030,sc01,03-03 22:00:00+01:00,CCGT_2,0
2030,sc01,03-03 22:00:00+01:00,CCGT_1,0
2030,sc01,03-03 22:00:00+01:00,CCGT_3,0
2030,sc01,03-03 23:00:00+01:00,CCGT_2,0
2030,sc01,03-03 23:00:00+01:00,CCGT_1,0
2030,sc01,03-03 23:00:00+01:00,CCGT_3,0
2030,sc01,03-20 00:00:00+01:00,CCGT_2,0
2030,sc01,03-20 00:00:00+01:00,CCGT_1,0
2030,sc01,03-20 00:00:00+01:00,CCGT_3,0
2030,sc01,03-20 01:00:00+01:00,CCGT_2,0
2030,sc01,03-20 01:00:00+01:00,CCGT_1,0
2030,sc01,03-20 01:00:00+01:00,CCGT_3,0
2030,sc01,03-20 02:00:00+01:00,CCGT_2,0
2030,sc01,03-20 02:00:00+01:00,CCGT_1,0
2030,sc01,03-20 02:00:00+01:00,CCGT_3,0
2030,sc01,03-20 03:00:00+01:00,CCGT_2,0
2030,sc01,03-20 03:00:00+01:00,CCGT_1,0
2030,sc01,03-20 03:00:00+01:00,CCGT_3,0
2030,sc01,03-20 04:00:00+01:00,CCGT_2,0
2030,sc01,03-20 04:00:00+01:00,CCGT_1,0
2030,sc01,03-20 04:00:00+01:00,CCGT_3,0
2030,sc01,03-20 05:00:00+01:00,CCGT_2,0
2030,sc01,03-20 05:00:00+01:00,CCGT_1,0
2030,sc01,03-20 05:00:00+01:00,CCGT_3,0
2030,sc01,03-20 06:00:00+01:00,CCGT_2,0
2030,sc01,03-20 06:00:00+01:00,CCGT_1,0
2030,sc01,03-20 06:00:00+01:00,CCGT_3,0
2030,sc01,03-20 07:00:00+01:00,CCGT_2,0
2030,sc01,03-20 07:00:00+01:00,CCGT_1,0
2030,sc01,03-20 07:00:00+01:00,CCGT_3,0
2030,sc01,03-20 08:00:00+01:00,CCGT_2,0
2030,sc01,03-20 08:00:00+01:00,CCGT_1,0
2030,sc01,03-20 08:00:00+01:00,CCGT_3,0
2030,sc01,03-20 09:00:00+01:00,CCGT_2,0
2030,sc01,03-20 09:00:00+01:00,CCGT_1,0
2030,sc01,03-20 09:00:00+01:00,CCGT_3,0
2030,sc01,03-20 10:00:00+01:00,CCGT_2,0
2030,sc01,03-20 10:00:00+01:00,CCGT_1,0
2030,sc01,03-20 10:00:00+01:00,CCGT_3,0
2030,sc01,03-20 11:00:00+01:00,CCGT_2,0
2030,sc01,03-20 11:00:00+01:00,CCGT_1,0
2030,sc01,03-20 11:00:00+01:00,CCGT_3,0
2030,sc01,03-20 12:00:00+01:00,CCGT_2,0
2030,sc01,03-20 12:00:00+01:00,CCGT_1,0
2030,sc01,03-20 12:00:00+01:00,CCGT_3,0
2030,sc01,03-20 13:00:00+01:00,CCGT_2,0
2030,sc01,03-20 13:00:00+01:00,CCGT_1,0
2030,sc01,03-20 13:00:00+01:00,CCGT_3,0
2030,sc01,03-20 14:00:00+01:00,CCGT_2,0
2030,sc01,03-20 14:00:00+01:00,CCGT_1,0
2030,sc01,03-20 14:00:00+01:00,CCGT_3,0
2030,sc01,03-20 15:00:00+01:00,CCGT_2,0
2030,sc01,03-20 15:00:00+01:00,CCGT_1,0
2030,sc01,03-20 15:00:00+01:00,CCGT_3,0
2030,sc01,03-20 16:00:00+01:00,CCGT_2,0
2030,sc01,03-20 16:00:00+01:00,CCGT_1,0
2030,sc01,03-20 16:00:00+01:00,CCGT_3,0
2030,sc01,03-20 17:00:00+01:00,CCGT_2,0
2030,sc01,03-20 17:00:00+01:00,CCGT_1,0
2030,sc01,03-20 17:00:00+01:00,CCGT_3,0
2030,sc01,03-20 18:00:00+01:00,CCGT_2,0
2030,sc01,03-20 18:00:00+01:00,CCGT_1,0
2030,sc01,03-20 18:00:00+01:00,CCGT_3,0
2030,sc01,03-20 19:00:00+01:00,CCGT_2,0
2030,sc01,03-20 19:00:00+01:00,CCGT_1,0
2030,sc01,03-20 19:00:00+01:00,CCGT_3,0
2030,sc01,03-20 20:00:00+01:00,CCGT_2,0
2030,sc01,03-20 20:00:00+01:00,CCGT_1,0
2030,sc01,03-20 20:00:00+01:00,CCGT_3,0
2030,sc01,03-20 21:00:00+01:00,CCGT_2,0
2030,sc01,03-20 21:00:00+01:00,CCGT_1,0
2030,sc01,03-20 21:00:00+01:00,CCGT_3,0
2030,sc01,03-20 22:00:00+01:00,CCGT_2,0
2030,sc01,03-20 22:00:00+01:00,CCGT_1,0
2030,sc01,03-20 22:00:00+01:00,CCGT_3,0
2030,sc01,03-20 23:00:00+01:00,CCGT_2,0
2030,sc01,03-20 23:00:00+01:00,CCGT_1,0
2030,sc01,03-20 23:00:00+01:00,CCGT_3,0
2030,sc01,04-01 00:00:00+02:00,CCGT_2,0
2030,sc01,04-01 00:00:00+02:00,CCGT_1,0
2030,sc01,04-01 00:00:00+02:00,CCGT_3,0
2030,sc01,04-01 01:00:00+02:00,CCGT_2,0
2030,sc01,04-01 01:00:00+02:00,CCGT_1,0
2030,sc01,04-01 01:00:00+02:00,CCGT_3,0
2030,sc01,04-01 02:00:00+02:00,CCGT_2,0
2030,sc01,04-01 02:00:00+02:00,CCGT_1,0
2030,sc01,04-01 02:00:00+02:00,CCGT_3,0
2030,sc01,04-01 03:00:00+02:00,CCGT_2,0
2030,sc01,04-01 03:00:00+02:00,CCGT_1,0
2030,sc01,04-01 03:00:00+02:00,CCGT_3,0
2030,sc01,04-01 04:00:00+02:00,CCGT_2,0
2030,sc01,04-01 04:00:00+02:00,CCGT_1,0
2030,sc01,04-01 04:00:00+02:00,CCGT_3,0
2030,sc01,04-01 05:00:00+02:00,CCGT_2,0
2030,sc01,04-01 05:00:00+02:00,CCGT_1,0
2030,sc01,04-01 05:00:00+02:00,CCGT_3,0
2030,sc01,04-01 06:00:00+02:00,CCGT_2,0
2030,sc01,04-01 06:00:00+02:00,CCGT_1,0
2030,sc01,04-01 06:00:00+02:00,CCGT_3,0
2030,sc01,04-01 07:00:00+02:00,CCGT_2,0
2030,sc01,04-01 07:00:00+02:00,CCGT_1,0
2030,sc01,04-01 07:00:00+02:00,CCGT_3,0
2030,sc01,04-01 08:00:00+02:00,CCGT_2,0
2030,sc01,04-01 08:00:00+02:00,CCGT_1,0
2030,sc01,04-01 08:00:00+02:00,CCGT_3,0
2030,sc01,04-01 09:00:00+02:00,CCGT_2,0
2030,sc01,04-01 09:00:00+02:00,CCGT_1,0
2030,sc01,04-01 09:00:00+02:00,CCGT_3,0
2030,sc01,04-01 10:00:00+02:00,CCGT_2,0
2030,sc01,04-01 10:00:00+02:00,CCGT_1,0
2030,sc01,04-01 10:00:00+02:00,CCGT_3,0
2030,sc01,04-01 11:00:00+02:00,CCGT_2,0
2030,sc01,04-01 11:00:00+02:00,CCGT_1,0
2030,sc01,04-01 11:00:00+02:00,CCGT_3,0
2030,sc01,04-01 12:00:00+02:00,CCGT_2,0
2030,sc01,04-01 12:00:00+02:00,CCGT_1,0
2030,sc01,04-01 12:00:00+02:00,CCGT_3,0
2030,sc01,04-01 13:00:00+02:00,CCGT_2,0
2030,sc01,04-01 13:00:00+02:00,CCGT_1,0
2030,sc01,04-01 13:00:00+02:00,CCGT_3,0
2030,sc01,04-01 14:00:00+02:00,CCGT_2,0
2030,sc01,04-01 14:00:00+02:00,CCGT_1,0
2030,sc01,04-01 14:00:00+02:00,CCGT_3,0
2030,sc01,04-01 15:00:00+02:00,CCGT_2,0
2030,sc01,04-01 15:00:00+02:00,CCGT_1,0
2030,sc01,04-01 15:00:00+02:00,CCGT_3,0
2030,sc01,04-01 16:00:00+02:00,CCGT_2,0
2030,sc01,04-01 16:00:00+02:00,CCGT_1,0
2030,sc01,04-01 16:00:00+02:00,CCGT_3,0
2030,sc01,04-01 17:00:00+02:00,CCGT_2,0
2030,sc01,04-01 17:00:00+02:00,CCGT_1,0
2030,sc01,04-01 17:00:00+02:00,CCGT_3,0
2030,sc01,04-01 18:00:00+02:00,CCGT_2,0
2030,sc01,04-01 18:00:00+02:00,CCGT_1,0
2030,sc01,04-01 18:00:00+02:00,CCGT_3,0
2030,sc01,04-01 19:00:00+02:00,CCGT_2,0
2030,sc01,04-01 19:00:00+02:00,CCGT_1,0
2030,sc01,04-01 19:00:00+02:00,CCGT_3,0
2030,sc01,04-01 20:00:00+02:00,CCGT_2,0
2030,sc01,04-01 20:00:00+02:00,CCGT_1,0
2030,sc01,04-01 20:00:00+02:00,CCGT_3,0
2030,sc01,04-01 21:00:00+02:00,CCGT_2,0
2030,sc01,04-01 21:00:00+02:00,CCGT_1,0
2030,sc01,04-01 21:00:00+02:00,CCGT_3,0
2030,sc01,04-01 22:00:00+02:00,CCGT_2,0
2030,sc01,04-01 22:00:00+02:00,CCGT_1,0
2030,sc01,04-01 22:00:00+02:00,CCGT_3,0
2030,sc01,04-01 23:00:00+02:00,CCGT_2,0
2030,sc01,04-01 23:00:00+02:00,CCGT_1,0
2030,sc01,04-01 23:00:00+02:00,CCGT_3,0
2030,sc01,04-24 00:00:00+02:00,CCGT_2,0
2030,sc01,04-24 00:00:00+02:00,CCGT_1,0
2030,sc01,04-24 00:00:00+02:00,CCGT_3,0
2030,sc01,04-24 01:00:00+02:00,CCGT_2,0
2030,sc01,04-24 01:00:00+02:00,CCGT_1,0
2030,sc01,04-24 01:00:00+02:00,CCGT_3,0
2030,sc01,04-24 02:00:00+02:00,CCGT_2,0
2030,sc01,04-24 02:00:00+02:00,CCGT_1,0
2030,sc01,04-24 02:00:00+02:00,CCGT_3,0
2030,sc01,04-24 03:00:00+02:00,CCGT_2,0
2030,sc01,04-24 03:00:00+02:00,CCGT_1,0
2030,sc01,04-24 03:00:00+02:00,CCGT_3,0
2030,sc01,04-24 04:00:00+02:00,CCGT_2,0
2030,sc01,04-24 04:00:00+02:00,CCGT_1,0
2030,sc01,04-24 04:00:00+02:00,CCGT_3,0
2030,sc01,04-24 05:00:00+02:00,CCGT_2,0
2030,sc01,04-24 05:00:00+02:00,CCGT_1,0
2030,sc01,04-24 05:00:00+02:00,CCGT_3,0
2030,sc01,04-24 06:00:00+02:00,CCGT_2,0
2030,sc01,04-24 06:00:00+02:00,CCGT_1,0
2030,sc01,04-24 06:00:00+02:00,CCGT_3,0
2030,sc01,04-24 07:00:00+02:00,CCGT_2,0
2030,sc01,04-24 07:00:00+02:00,CCGT_1,0
2030,sc01,04-24 07:00:00+02:00,CCGT_3,0
2030,sc01,04-24 08:00:00+02:00,CCGT_2,0
2030,sc01,04-24 08:00:00+02:00,CCGT_1,0
2030,sc01,04-24 08:00:00+02:00,CCGT_3,0
2030,sc01,04-24 09:00:00+02:00,CCGT_2,0
2030,sc01,04-24 09:00:00+02:00,CCGT_1,0
2030,sc01,04-24 09:00:00+02:00,CCGT_3,0
2030,sc01,04-24 10:00:00+02:00,CCGT_2,0
2030,sc01,04-24 10:00:00+02:00,CCGT_1,0
2030,sc01,04-24 10:00:00+02:00,CCGT_3,0
2030,sc01,04-24 11:00:00+02:00,CCGT_2,0
2030,sc01,04-24 11:00:00+02:00,CCGT_1,0
2030,sc01,04-24 11:00:00+02:00,CCGT_3,0
2030,sc01,04-24 12:00:00+02:00,CCGT_2,0
2030,sc01,04-24 12:00:00+02:00,CCGT_1,0
2030,sc01,04-24 12:00:00+02:00,CCGT_3,0
2030,sc01,04-24 13:00:00+02:00,CCGT_2,0
2030,sc01,04-24 13:00:00+02:00,CCGT_1,0
2030,sc01,04-24 13:00:00+02:00,CCGT_3,0
2030,sc01,04-24 14:00:00+02:00,CCGT_2,0
2030,sc01,04-24 14:00:00+02:00,CCGT_1,0
2030,sc01,04-24 14:00:00+02:00,CCGT_3,0
2030,sc01,04-24 15:00:00+02:00,CCGT_2,0
2030,sc01,04-24 15:00:00+02:00,CCGT_1,0
2030,sc01,04-24 15:00:00+02:00,CCGT_3,0
2030,sc01,04-24 16:00:00+02:00,CCGT_2,0
2030,sc01,04-24 16:00:00+02:00,CCGT_1,0
2030,sc01,04-24 16:00:00+02:00,CCGT_3,0
2030,sc01,04-24 17:00:00+02:00,CCGT_2,0
2030,sc01,04-24 17:00:00+02:00,CCGT_1,0
2030,sc01,04-24 17:00:00+02:00,CCGT_3,0
2030,sc01,04-24 18:00:00+02:00,CCGT_2,0
2030,sc01,04-24 18:00:00+02:00,CCGT_1,0
2030,sc01,04-24 18:00:00+02:00,CCGT_3,0
2030,sc01,04-24 19:00:00+02:00,CCGT_2,0
2030,sc01,04-24 19:00:00+02:00,CCGT_1,0
2030,sc01,04-24 19:00:00+02:00,CCGT_3,0
2030,sc01,04-24 20:00:00+02:00,CCGT_2,0
2030,sc01,04-24 20:00:00+02:00,CCGT_1,0
2030,sc01,04-24 20:00:00+02:00,CCGT_3,0
2030,sc01,04-24 21:00:00+02:00,CCGT_2,0
2030,sc01,04-24 21:00:00+02:00,CCGT_1,0
2030,sc01,04-24 21:00:00+02:00,CCGT_3,0
2030,sc01,04-24 22:00:00+02:00,CCGT_2,0
2030,sc01,04-24 22:00:00+02:00,CCGT_1,0
2030,sc01,04-24 22:00:00+02:00,CCGT_3,0
2030,sc01,04-24 23:00:00+02:00,CCGT_2,0
2030,sc01,04-24 23:00:00+02:00,CCGT_1,0
2030,sc01,04-24 23:00:00+02:00,CCGT_3,0
2030,sc01,06-03 00:00:00+02:00,CCGT_2,0
2030,sc01,06-03 00:00:00+02:00,CCGT_1,0
2030,sc01,06-03 00:00:00+02:00,CCGT_3,0
2030,sc01,06-03 01:00:00+02:00,CCGT_2,0
2030,sc01,06-03 01:00:00+02:00,CCGT_1,0
2030,sc01,06-03 01:00:00+02:00,CCGT_3,0
2030,sc01,06-03 02:00:00+02:00,CCGT_2,0
2030,sc01,06-03 02:00:00+02:00,CCGT_1,0
2030,sc01,06-03 02:00:00+02:00,CCGT_3,0
2030,sc01,06-03 03:00:00+02:00,CCGT_2,0
2030,sc01,06-03 03:00:00+02:00,CCGT_1,0
2030,sc01,06-03 03:00:00+02:00,CCGT_3,0
2030,sc01,06-03 04:00:00+02:00,CCGT_2,0
2030,sc01,06-03 04:00:00+02:00,CCGT_1,0
2030,sc01,06-03 04:00:00+02:00,CCGT_3,0
2030,sc01,06-03 05:00:00+02:00,CCGT_2,0
2030,sc01,06-03 05:00:00+02:00,CCGT_1,0
2030,sc01,06-03 05:00:00+02:00,CCGT_3,0
2030,sc01,06-03 06:00:00+02:00,CCGT_2,0
2030,sc01,06-03 06:00:00+02:00,CCGT_1,0
2030,sc01,06-03 06:00:00+02:00,CCGT_3,0
2030,sc01,06-03 07:00:00+02:00,CCGT_2,0
2030,sc01,06-03 07:00:00+02:00,CCGT_1,0
2030,sc01,06-03 07:00:00+02:00,CCGT_3,0
2030,sc01,06-03 08:00:00+02:00,CCGT_2,0
2030,sc01,06-03 08:00:00+02:00,CCGT_1,0
2030,sc01,06-03 08:00:00+02:00,CCGT_3,0
2030,sc01,06-03 09:00:00+02:00,CCGT_2,0
2030,sc01,06-03 09:00:00+02:00,CCGT_1,0
2030,sc01,06-03 09:00:00+02:00,CCGT_3,0
2030,sc01,06-03 10:00:00+02:00,CCGT_2,0
2030,sc01,06-03 10:00:00+02:00,CCGT_1,0
2030,sc01,06-03 10:00:00+02:00,CCGT_3,0
2030,sc01,06-03 11:00:00+02:00,CCGT_2,0
2030,sc01,06-03 11:00:00+02:00,CCGT_1,0
2030,sc01,06-03 11:00:00+02:00,CCGT_3,0
2030,sc01,06-03 12:00:00+02:00,CCGT_2,0
2030,sc01,06-03 12:00:00+02:00,CCGT_1,0
2030,sc01,06-03 12:00:00+02:00,CCGT_3,0
2030,sc01,06-03 13:00:00+02:00,CCGT_2,0
2030,sc01,06-03 13:00:00+02:00,CCGT_1,0
2030,sc01,06-03 13:00:00+02:00,CCGT_3,0
2030,sc01,06-03 14:00:00+02:00,CCGT_2,0
2030,sc01,06-03 14:00:00+02:00,CCGT_1,0
2030,sc01,06-03 14:00:00+02:00,CCGT_3,0
2030,sc01,06-03 15:00:00+02:00,CCGT_2,0
2030,sc01,06-03 15:00:00+02:00,CCGT_1,0
2030,sc01,06-03 15:00:00+02:00,CCGT_3,0
2030,sc01,06-03 16:00:00+02:00,CCGT_2,0
2030,sc01,06-03 16:00:00+02:00,CCGT_1,0
2030,sc01,06-03 16:00:00+02:00,CCGT_3,0
2030,sc01,06-03 17:00:00+02:00,CCGT_2,0
2030,sc01,06-03 17:00:00+02:00,CCGT_1,0
2030,sc01,06-03 17:00:00+02:00,CCGT_3,0
2030,sc01,06-03 18:00:00+02:00,CCGT_2,0
2030,sc01,06-03 18:00:00+02:00,CCGT_1,0
2030,sc01,06-03 18:00:00+02:00,CCGT_3,0
2030,sc01,06-03 19:00:00+02:00,CCGT_2,0
2030,sc01,06-03 19:00:00+02:00,CCGT_1,0
2030,sc01,06-03 19:00:00+02:00,CCGT_3,0
2030,sc01,06-03 20:00:00+02:00,CCGT_2,0
2030,sc01,06-03 20:00:00+02:00,CCGT_1,0
2030,sc01,06-03 20:00:00+02:00,CCGT_3,0
2030,sc01,06-03 21:00:00+02:00,CCGT_2,0
2030,sc01,06-03 21:00:00+02:00,CCGT_1,0
2030,sc01,06-03 21:00:00+02:00,CCGT_3,0
2030,sc01,06-03 22:00:00+02:00,CCGT_2,0
2030,sc01,06-03 22:00:00+02:00,CCGT_1,0
2030,sc01,06-03 22:00:00+02:00,CCGT_3,0
2030,sc01,06-03 23:00:00+02:00,CCGT_2,0
2030,sc01,06-03 23:00:00+02:00,CCGT_1,0
2030,sc01,06-03 23:00:00+02:00,CCGT_3,0
2030,sc01,07-02 00:00:00+02:00,CCGT_2,0
2030,sc01,07-02 00:00:00+02:00,CCGT_1,0
2030,sc01,07-02 00:00:00+02:00,CCGT_3,0
2030,sc01,07-02 01:00:00+02:00,CCGT_2,0
2030,sc01,07-02 01:00:00+02:00,CCGT_1,0
2030,sc01,07-02 01:00:00+02:00,CCGT_3,0
2030,sc01,07-02 02:00:00+02:00,CCGT_2,0
2030,sc01,07-02 02:00:00+02:00,CCGT_1,0
2030,sc01,07-02 02:00:00+02:00,CCGT_3,0
2030,sc01,07-02 03:00:00+02:00,CCGT_2,0
2030,sc01,07-02 03:00:00+02:00,CCGT_1,0
2030,sc01,07-02 03:00:00+02:00,CCGT_3,0
2030,sc01,07-02 04:00:00+02:00,CCGT_2,0
2030,sc01,07-02 04:00:00+02:00,CCGT_1,0
2030,sc01,07-02 04:00:00+02:00,CCGT_3,0
2030,sc01,07-02 05:00:00+02:00,CCGT_2,0
2030,sc01,07-02 05:00:00+02:00,CCGT_1,0
2030,sc01,07-02 05:00:00+02:00,CCGT_3,0
2030,sc01,07-02 06:00:00+02:00,CCGT_2,0
2030,sc01,07-02 06:00:00+02:00,CCGT_1,0
2030,sc01,07-02 06:00:00+02:00,CCGT_3,0
2030,sc01,07-02 07:00:00+02:00,CCGT_2,0
2030,sc01,07-02 07:00:00+02:00,CCGT_1,0
2030,sc01,07-02 07:00:00+02:00,CCGT_3,0
2030,sc01,07-02 08:00:00+02:00,CCGT_2,0
2030,sc01,07-02 08:00:00+02:00,CCGT_1,0
2030,sc01,07-02 08:00:00+02:00,CCGT_3,0
2030,sc01,07-02 09:00:00+02:00,CCGT_2,0
2030,sc01,07-02 09:00:00+02:00,CCGT_1,0
2030,sc01,07-02 09:00:00+02:00,CCGT_3,0
2030,sc01,07-02 10:00:00+02:00,CCGT_2,0
2030,sc01,07-02 10:00:00+02:00,CCGT_1,0
2030,sc01,07-02 10:00:00+02:00,CCGT_3,0
2030,sc01,07-02 11:00:00+02:00,CCGT_2,0
2030,sc01,07-02 11:00:00+02:00,CCGT_1,0
2030,sc01,07-02 11:00:00+02:00,CCGT_3,0
2030,sc01,07-02 12:00:00+02:00,CCGT_2,0
2030,sc01,07-02 12:00:00+02:00,CCGT_1,0
2030,sc01,07-02 12:00:00+02:00,CCGT_3,0
2030,sc01,07-02 13:00:00+02:00,CCGT_2,0
2030,sc01,07-02 13:00:00+02:00,CCGT_1,0
2030,sc01,07-02 13:00:00+02:00,CCGT_3,0
2030,sc01,07-02 14:00:00+02:00,CCGT_2,0
2030,sc01,07-02 14:00:00+02:00,CCGT_1,0
2030,sc01,07-02 14:00:00+02:00,CCGT_3,0
2030,sc01,07-02 15:00:00+02:00,CCGT_2,0
2030,sc01,07-02 15:00:00+02:00,CCGT_1,0
2030,sc01,07-02 15:00:00+02:00,CCGT_3,0
2030,sc01,07-02 16:00:00+02:00,CCGT_2,0
2030,sc01,07-02 16:00:00+02:00,CCGT_1,0
2030,sc01,07-02 16:00:00+02:00,CCGT_3,0
2030,sc01,07-02 17:00:00+02:00,CCGT_2,0
2030,sc01,07-02 17:00:00+02:00,CCGT_1,0
2030,sc01,07-02 17:00:00+02:00,CCGT_3,0
2030,sc01,07-02 18:00:00+02:00,CCGT_2,0
2030,sc01,07-02 18:00:00+02:00,CCGT_1,0
2030,sc01,07-02 18:00:00+02:00,CCGT_3,0
2030,sc01,07-02 19:00:00+02:00,CCGT_2,0
2030,sc01,07-02 19:00:00+02:00,CCGT_1,0
2030,sc01,07-02 19:00:00+02:00,CCGT_3,0
2030,sc01,07-02 20:00:00+02:00,CCGT_2,0
2030,sc01,07-02 20:00:00+02:00,CCGT_1,0
2030,sc01,07-02 20:00:00+02:00,CCGT_3,0
2030,sc01,07-02 21:00:00+02:00,CCGT_2,0
2030,sc01,07-02 21:00:00+02:00,CCGT_1,0
2030,sc01,07-02 21:00:00+02:00,CCGT_3,0
2030,sc01,07-02 22:00:00+02:00,CCGT_2,0
2030,sc01,07-02 22:00:00+02:00,CCGT_1,0
2030,sc01,07-02 22:00:00+02:00,CCGT_3,0
2030,sc01,07-02 23:00:00+02:00,CCGT_2,0
2030,sc01,07-02 23:00:00+02:00,CCGT_1,0
2030,sc01,07-02 23:00:00+02:00,CCGT_3,0
2030,sc01,07-15 00:00:00+02:00,CCGT_2,0
2030,sc01,07-15 00:00:00+02:00,CCGT_1,0
2030,sc01,07-15 00:00:00+02:00,CCGT_3,0
2030,sc01,07-15 01:00:00+02:00,CCGT_2,0
2030,sc01,07-15 01:00:00+02:00,CCGT_1,0
2030,sc01,07-15 01:00:00+02:00,CCGT_3,0
2030,sc01,07-15 02:00:00+02:00,CCGT_2,0
2030,sc01,07-15 02:00:00+02:00,CCGT_1,0
2030,sc01,07-15 02:00:00+02:00,CCGT_3,0
2030,sc01,07-15 03:00:00+02:00,CCGT_2,0
2030,sc01,07-15 03:00:00+02:00,CCGT_1,0
2030,sc01,07-15 03:00:00+02:00,CCGT_3,0
2030,sc01,07-15 04:00:00+02:00,CCGT_2,0
2030,sc01,07-15 04:00:00+02:00,CCGT_1,0
2030,sc01,07-15 04:00:00+02:00,CCGT_3,0
2030,sc01,07-15 05:00:00+02:00,CCGT_2,0
2030,sc01,07-15 05:00:00+02:00,CCGT_1,0
2030,sc01,07-15 05:00:00+02:00,CCGT_3,0
2030,sc01,07-15 06:00:00+02:00,CCGT_2,0
2030,sc01,07-15 06:00:00+02:00,CCGT_1,0
2030,sc01,07-15 06:00:00+02:00,CCGT_3,0
2030,sc01,07-15 07:00:00+02:00,CCGT_2,0
2030,sc01,07-15 07:00:00+02:00,CCGT_1,0
2030,sc01,07-15 07:00:00+02:00,CCGT_3,0
2030,sc01,07-15 08:00:00+02:00,CCGT_2,0
2030,sc01,07-15 08:00:00+02:00,CCGT_1,0
2030,sc01,07-15 08:00:00+02:00,CCGT_3,0
2030,sc01,07-15 09:00:00+02:00,CCGT_2,0
2030,sc01,07-15 09:00:00+02:00,CCGT_1,0
2030,sc01,07-15 09:00:00+02:00,CCGT_3,0
2030,sc01,07-15 10:00:00+02:00,CCGT_2,0
2030,sc01,07-15 10:00:00+02:00,CCGT_1,0
2030,sc01,07-15 10:00:00+02:00,CCGT_3,0
2030,sc01,07-15 11:00:00+02:00,CCGT_2,0
2030,sc01,07-15 11:00:00+02:00,CCGT_1,0
2030,sc01,07-15 11:00:00+02:00,CCGT_3,0
2030,sc01,07-15 12:00:00+02:00,CCGT_2,0
2030,sc01,07-15 12:00:00+02:00,CCGT_1,0
2030,sc01,07-15 12:00:00+02:00,CCGT_3,0
2030,sc01,07-15 13:00:00+02:00,CCGT_2,0
2030,sc01,07-15 13:00:00+02:00,CCGT_1,0
2030,sc01,07-15 13:00:00+02:00,CCGT_3,0
2030,sc01,07-15 14:00:00+02:00,CCGT_2,0
2030,sc01,07-15 14:00:00+02:00,CCGT_1,0
2030,sc01,07-15 14:00:00+02:00,CCGT_3,0
2030,sc01,07-15 15:00:00+02:00,CCGT_2,0
2030,sc01,07-15 15:00:00+02:00,CCGT_1,0
2030,sc01,07-15 15:00:00+02:00,CCGT_3,0
2030,sc01,07-15 16:00:00+02:00,CCGT_2,0
2030,sc01,07-15 16:00:00+02:00,CCGT_1,0
2030,sc01,07-15 16:00:00+02:00,CCGT_3,0
2030,sc01,07-15 17:00:00+02:00,CCGT_2,0
2030,sc01,07-15 17:00:00+02:00,CCGT_1,0
2030,sc01,07-15 17:00:00+02:00,CCGT_3,0
2030,sc01,07-15 18:00:00+02:00,CCGT_2,0
2030,sc01,07-15 18:00:00+02:00,CCGT_1,0
2030,sc01,07-15 18:00:00+02:00,CCGT_3,0
2030,sc01,07-15 19:00:00+02:00,CCGT_2,0
2030,sc01,07-15 19:00:00+02:00,CCGT_1,0
2030,sc01,07-15 19:00:00+02:00,CCGT_3,0
2030,sc01,07-15 20:00:00+02:00,CCGT_2,0
2030,sc01,07-15 20:00:00+02:00,CCGT_1,0
2030,sc01,07-15 20:00:00+02:00,CCGT_3,0
2030,sc01,07-15 21:00:00+02:00,CCGT_2,0
2030,sc01,07-15 21:00:00+02:00,CCGT_1,0
2030,sc01,07-15 21:00:00+02:00,CCGT_3,0
2030,sc01,07-15 22:00:00+02:00,CCGT_2,0
2030,sc01,07-15 22:00:00+02:00,CCGT_1,0
2030,sc01,07-15 22:00:00+02:00,CCGT_3,0
2030,sc01,07-15 23:00:00+02:00,CCGT_2,0
2030,sc01,07-15 23:00:00+02:00,CCGT_1,0
2030,sc01,07-15 23:00:00+02:00,CCGT_3,0
2030,sc01,08-02 00:00:00+02:00,CCGT_2,0
2030,sc01,08-02 00:00:00+02:00,CCGT_1,0
2030,sc01,08-02 00:00:00+02:00,CCGT_3,0
2030,sc01,08-02 01:00:00+02:00,CCGT_2,0
2030,sc01,08-02 01:00:00+02:00,CCGT_1,0
2030,sc01,08-02 01:00:00+02:00,CCGT_3,0
2030,sc01,08-02 02:00:00+02:00,CCGT_2,0
2030,sc01,08-02 02:00:00+02:00,CCGT_1,0
2030,sc01,08-02 02:00:00+02:00,CCGT_3,0
2030,sc01,08-02 03:00:00+02:00,CCGT_2,0
2030,sc01,08-02 03:00:00+02:00,CCGT_1,0
2030,sc01,08-02 03:00:00+02:00,CCGT_3,0
2030,sc01,08-02 04:00:00+02:00,CCGT_2,0
2030,sc01,08-02 04:00:00+02:00,CCGT_1,0
2030,sc01,08-02 04:00:00+02:00,CCGT_3,0
2030,sc01,08-02 05:00:00+02:00,CCGT_2,0
2030,sc01,08-02 05:00:00+02:00,CCGT_1,0
2030,sc01,08-02 05:00:00+02:00,CCGT_3,0
2030,sc01,08-02 06:00:00+02:00,CCGT_2,0
2030,sc01,08-02 06:00:00+02:00,CCGT_1,0
2030,sc01,08-02 06:00:00+02:00,CCGT_3,0
2030,sc01,08-02 07:00:00+02:00,CCGT_2,0
2030,sc01,08-02 07:00:00+02:00,CCGT_1,0
2030,sc01,08-02 07:00:00+02:00,CCGT_3,0
2030,sc01,08-02 08:00:00+02:00,CCGT_2,0
2030,sc01,08-02 08:00:00+02:00,CCGT_1,0
2030,sc01,08-02 08:00:00+02:00,CCGT_3,0
2030,sc01,08-02 09:00:00+02:00,CCGT_2,0
2030,sc01,08-02 09:00:00+02:00,CCGT_1,0
2030,sc01,08-02 09:00:00+02:00,CCGT_3,0
2030,sc01,08-02 10:00:00+02:00,CCGT_2,0
2030,sc01,08-02 10:00:00+02:00,CCGT_1,0
2030,sc01,08-02 10:00:00+02:00,CCGT_3,0
2030,sc01,08-02 11:00:00+02:00,CCGT_2,0
2030,sc01,08-02 11:00:00+02:00,CCGT_1,0
2030,sc01,08-02 11:00:00+02:00,CCGT_3,0
2030,sc01,08-02 12:00:00+02:00,CCGT_2,0
2030,sc01,08-02 12:00:00+02:00,CCGT_1,0
2030,sc01,08-02 12:00:00+02:00,CCGT_3,0
2030,sc01,08-02 13:00:00+02:00,CCGT_2,0
2030,sc01,08-02 13:00:00+02:00,CCGT_1,0
2030,sc01,08-02 13:00:00+02:00,CCGT_3,0
2030,sc01,08-02 14:00:00+02:00,CCGT_2,0
2030,sc01,08-02 14:00:00+02:00,CCGT_1,0
2030,sc01,08-02 14:00:00+02:00,CCGT_3,0
2030,sc01,08-02 15:00:00+02:00,CCGT_2,0
2030,sc01,08-02 15:00:00+02:00,CCGT_1,0
2030,sc01,08-02 15:00:00+02:00,CCGT_3,0
2030,sc01,08-02 16:00:00+02:00,CCGT_2,0
2030,sc01,08-02 16:00:00+02:00,CCGT_1,0
2030,sc01,08-02 16:00:00+02:00,CCGT_3,0
2030,sc01,08-02 17:00:00+02:00,CCGT_2,0
2030,sc01,08-02 17:00:00+02:00,CCGT_1,0
2030,sc01,08-02 17:00:00+02:00,CCGT_3,0
2030,sc01,08-02 18:00:00+02:00,CCGT_2,0
2030,sc01,08-02 18:00:00+02:00,CCGT_1,0
2030,sc01,08-02 18:00:00+02:00,CCGT_3,0
2030,sc01,08-02 19:00:00+02:00,CCGT_2,0
2030,sc01,08-02 19:00:00+02:00,CCGT_1,0
2030,sc01,08-02 19:00:00+02:00,CCGT_3,0
2030,sc01,08-02 20:00:00+02:00,CCGT_2,0
2030,sc01,08-02 20:00:00+02:00,CCGT_1,0
2030,sc01,08-02 20:00:00+02:00,CCGT_3,0
2030,sc01,08-02 21:00:00+02:00,CCGT_2,0
2030,sc01,08-02 21:00:00+02:00,CCGT_1,0
2030,sc01,08-02 21:00:00+02:00,CCGT_3,0
2030,sc01,08-02 22:00:00+02:00,CCGT_2,0
2030,sc01,08-02 22:00:00+02:00,CCGT_1,0
2030,sc01,08-02 22:00:00+02:00,CCGT_3,0
2030,sc01,08-02 23:00:00+02:00,CCGT_2,0
2030,sc01,08-02 23:00:00+02:00,CCGT_1,0
2030,sc01,08-02 23:00:00+02:00,CCGT_3,0
2030,sc01,08-18 00:00:00+02:00,CCGT_2,0
2030,sc01,08-18 00:00:00+02:00,CCGT_1,0
2030,sc01,08-18 00:00:00+02:00,CCGT_3,0
2030,sc01,08-18 01:00:00+02:00,CCGT_2,0
2030,sc01,08-18 01:00:00+02:00,CCGT_1,0
2030,sc01,08-18 01:00:00+02:00,CCGT_3,0
2030,sc01,08-18 02:00:00+02:00,CCGT_2,0
2030,sc01,08-18 02:00:00+02:00,CCGT_1,0
2030,sc01,08-18 02:00:00+02:00,CCGT_3,0
2030,sc01,08-18 03:00:00+02:00,CCGT_2,0
2030,sc01,08-18 03:00:00+02:00,CCGT_1,0
2030,sc01,08-18 03:00:00+02:00,CCGT_3,0
2030,sc01,08-18 04:00:00+02:00,CCGT_2,0
2030,sc01,08-18 04:00:00+02:00,CCGT_1,0
2030,sc01,08-18 04:00:00+02:00,CCGT_3,0
2030,sc01,08-18 05:00:00+02:00,CCGT_2,0
2030,sc01,08-18 05:00:00+02:00,CCGT_1,0
2030,sc01,08-18 05:00:00+02:00,CCGT_3,0
2030,sc01,08-18 06:00:00+02:00,CCGT_2,0
2030,sc01,08-18 06:00:00+02:00,CCGT_1,0
2030,sc01,08-18 06:00:00+02:00,CCGT_3,0
2030,sc01,08-18 07:00:00+02:00,CCGT_2,0
2030,sc01,08-18 07:00:00+02:00,CCGT_1,0
2030,sc01,08-18 07:00:00+02:00,CCGT_3,0
2030,sc01,08-18 08:00:00+02:00,CCGT_2,0
2030,sc01,08-18 08:00:00+02:00,CCGT_1,0
2030,sc01,08-18 08:00:00+02:00,CCGT_3,0
2030,sc01,08-18 09:00:00+02:00,CCGT_2,0
2030,sc01,08-18 09:00:00+02:00,CCGT_1,0
2030,sc01,08-18 09:00:00+02:00,CCGT_3,0
2030,sc01,08-18 10:00:00+02:00,CCGT_2,0
2030,sc01,08-18 10:00:00+02:00,CCGT_1,0
2030,sc01,08-18 10:00:00+02:00,CCGT_3,0
2030,sc01,08-18 11:00:00+02:00,CCGT_2,0
2030,sc01,08-18 11:00:00+02:00,CCGT_1,0
2030,sc01,08-18 11:00:00+02:00,CCGT_3,0
2030,sc01,08-18 12:00:00+02:00,CCGT_2,0
2030,sc01,08-18 12:00:00+02:00,CCGT_1,0
2030,sc01,08-18 12:00:00+02:00,CCGT_3,0
2030,sc01,08-18 13:00:00+02:00,CCGT_2,0
2030,sc01,08-18 13:00:00+02:00,CCGT_1,0
2030,sc01,08-18 13:00:00+02:00,CCGT_3,0
2030,sc01,08-18 14:00:00+02:00,CCGT_2,0
2030,sc01,08-18 14:00:00+02:00,CCGT_1,0
2030,sc01,08-18 14:00:00+02:00,CCGT_3,0
2030,sc01,08-18 15:00:00+02:00,CCGT_2,0
2030,sc01,08-18 15:00:00+02:00,CCGT_1,0
2030,sc01,08-18 15:00:00+02:00,CCGT_3,0
2030,sc01,08-18 16:00:00+02:00,CCGT_2,0
2030,sc01,08-18 16:00:00+02:00,CCGT_1,0
2030,sc01,08-18 16:00:00+02:00,CCGT_3,0
2030,sc01,08-18 17:00:00+02:00,CCGT_2,0
2030,sc01,08-18 17:00:00+02:00,CCGT_1,0
2030,sc01,08-18 17:00:00+02:00,CCGT_3,0
2030,sc01,08-18 18:00:00+02:00,CCGT_2,0
2030,sc01,08-18 18:00:00+02:00,CCGT_1,0
2030,sc01,08-18 18:00:00+02:00,CCGT_3,0
2030,sc01,08-18 19:00:00+02:00,CCGT_2,0
2030,sc01,08-18 19:00:00+02:00,CCGT_1,0
2030,sc01,08-18 19:00:00+02:00,CCGT_3,0
2030,sc01,08-18 20:00:00+02:00,CCGT_2,0
2030,sc01,08-18 20:00:00+02:00,CCGT_1,0
2030,sc01,08-18 20:00:00+02:00,CCGT_3,0
2030,sc01,08-18 21:00:00+02:00,CCGT_2,0
2030,sc01,08-18 21:00:00+02:00,CCGT_1,0
2030,sc01,08-18 21:00:00+02:00,CCGT_3,0
2030,sc01,08-18 22:00:00+02:00,CCGT_2,0
2030,sc01,08-18 22:00:00+02:00,CCGT_1,0
2030,sc01,08-18 22:00:00+02:00,CCGT_3,0
2030,sc01,08-18 23:00:00+02:00,CCGT_2,0
2030,sc01,08-18 23:00:00+02:00,CCGT_1,0
2030,sc01,08-18 23:00:00+02:00,CCGT_3,0
2030,sc01,08-20 00:00:00+02:00,CCGT_2,0
2030,sc01,08-20 00:00:00+02:00,CCGT_1,0
2030,sc01,08-20 00:00:00+02:00,CCGT_3,0
2030,sc01,08-20 01:00:00+02:00,CCGT_2,0
2030,sc01,08-20 01:00:00+02:00,CCGT_1,0
2030,sc01,08-20 01:00:00+02:00,CCGT_3,0
2030,sc01,08-20 02:00:00+02:00,CCGT_2,0
2030,sc01,08-20 02:00:00+02:00,CCGT_1,0
2030,sc01,08-20 02:00:00+02:00,CCGT_3,0
2030,sc01,08-20 03:00:00+02:00,CCGT_2,0
2030,sc01,08-20 03:00:00+02:00,CCGT_1,0
2030,sc01,08-20 03:00:00+02:00,CCGT_3,0
2030,sc01,08-20 04:00:00+02:00,CCGT_2,0
2030,sc01,08-20 04:00:00+02:00,CCGT_1,0
2030,sc01,08-20 04:00:00+02:00,CCGT_3,0
2030,sc01,08-20 05:00:00+02:00,CCGT_2,0
2030,sc01,08-20 05:00:00+02:00,CCGT_1,0
2030,sc01,08-20 05:00:00+02:00,CCGT_3,0
2030,sc01,08-20 06:00:00+02:00,CCGT_2,0
2030,sc01,08-20 06:00:00+02:00,CCGT_1,0
2030,sc01,08-20 06:00:00+02:00,CCGT_3,0
2030,sc01,08-20 07:00:00+02:00,CCGT_2,0
2030,sc01,08-20 07:00:00+02:00,CCGT_1,0
2030,sc01,08-20 07:00:00+02:00,CCGT_3,0
2030,sc01,08-20 08:00:00+02:00,CCGT_2,0
2030,sc01,08-20 08:00:00+02:00,CCGT_1,0
2030,sc01,08-20 08:00:00+02:00,CCGT_3,0
2030,sc01,08-20 09:00:00+02:00,CCGT_2,0
2030,sc01,08-20 09:00:00+02:00,CCGT_1,0
2030,sc01,08-20 09:00:00+02:00,CCGT_3,0
2030,sc01,08-20 10:00:00+02:00,CCGT_2,0
2030,sc01,08-20 10:00:00+02:00,CCGT_1,0
2030,sc01,08-20 10:00:00+02:00,CCGT_3,0
2030,sc01,08-20 11:00:00+02:00,CCGT_2,0
2030,sc01,08-20 11:00:00+02:00,CCGT_1,0
2030,sc01,08-20 11:00:00+02:00,CCGT_3,0
2030,sc01,08-20 12:00:00+02:00,CCGT_2,0
2030,sc01,08-20 12:00:00+02:00,CCGT_1,0
2030,sc01,08-20 12:00:00+02:00,CCGT_3,0
2030,sc01,08-20 13:00:00+02:00,CCGT_2,0
2030,sc01,08-20 13:00:00+02:00,CCGT_1,0
2030,sc01,08-20 13:00:00+02:00,CCGT_3,0
2030,sc01,08-20 14:00:00+02:00,CCGT_2,0
2030,sc01,08-20 14:00:00+02:00,CCGT_1,0
2030,sc01,08-20 14:00:00+02:00,CCGT_3,0
2030,sc01,08-20 15:00:00+02:00,CCGT_2,0
2030,sc01,08-20 15:00:00+02:00,CCGT_1,0
2030,sc01,08-20 15:00:00+02:00,CCGT_3,0
2030,sc01,08-20 16:00:00+02:00,CCGT_2,0
2030,sc01,08-20 16:00:00+02:00,CCGT_1,0
2030,sc01,08-20 16:00:00+02:00,CCGT_3,0
2030,sc01,08-20 17:00:00+02:00,CCGT_2,0
2030,sc01,08-20 17:00:00+02:00,CCGT_1,0
2030,sc01,08-20 17:00:00+02:00,CCGT_3,0
2030,sc01,08-20 18:00:00+02:00,CCGT_2,0
2030,sc01,08-20 18:00:00+02:00,CCGT_1,0
2030,sc01,08-20 18:00:00+02:00,CCGT_3,0
2030,sc01,08-20 19:00:00+02:00,CCGT_2,0
2030,sc01,08-20 19:00:00+02:00,CCGT_1,0
2030,sc01,08-20 19:00:00+02:00,CCGT_3,0
2030,sc01,08-20 20:00:00+02:00,CCGT_2,0
2030,sc01,08-20 20:00:00+02:00,CCGT_1,0
2030,sc01,08-20 20:00:00+02:00,CCGT_3,0
2030,sc01,08-20 21:00:00+02:00,CCGT_2,0
2030,sc01,08-20 21:00:00+02:00,CCGT_1,0
2030,sc01,08-20 21:00:00+02:00,CCGT_3,0
2030,sc01,08-20 22:00:00+02:00,CCGT_2,0
2030,sc01,08-20 22:00:00+02:00,CCGT_1,0
2030,sc01,08-20 22:00:00+02:00,CCGT_3,0
2030,sc01,08-20 23:00:00+02:00,CCGT_2,0
2030,sc01,08-20 23:00:00+02:00,CCGT_1,0
2030,sc01,08-20 23:00:00+02:00,CCGT_3,0
2030,sc01,09-03 00:00:00+02:00,CCGT_2,0
2030,sc01,09-03 00:00:00+02:00,CCGT_1,0
2030,sc01,09-03 00:00:00+02:00,CCGT_3,0
2030,sc01,09-03 01:00:00+02:00,CCGT_2,0
2030,sc01,09-03 01:00:00+02:00,CCGT_1,0
2030,sc01,09-03 01:00:00+02:00,CCGT_3,0
2030,sc01,09-03 02:00:00+02:00,CCGT_2,0
2030,sc01,09-03 02:00:00+02:00,CCGT_1,0
2030,sc01,09-03 02:00:00+02:00,CCGT_3,0
2030,sc01,09-03 03:00:00+02:00,CCGT_2,0
2030,sc01,09-03 03:00:00+02:00,CCGT_1,0
2030,sc01,09-03 03:00:00+02:00,CCGT_3,0
2030,sc01,09-03 04:00:00+02:00,CCGT_2,0
2030,sc01,09-03 04:00:00+02:00,CCGT_1,0
2030,sc01,09-03 04:00:00+02:00,CCGT_3,0
2030,sc01,09-03 05:00:00+02:00,CCGT_2,0
2030,sc01,09-03 05:00:00+02:00,CCGT_1,0
2030,sc01,09-03 05:00:00+02:00,CCGT_3,0
2030,sc01,09-03 06:00:00+02:00,CCGT_2,0
2030,sc01,09-03 06:00:00+02:00,CCGT_1,0
2030,sc01,09-03 06:00:00+02:00,CCGT_3,0
2030,sc01,09-03 07:00:00+02:00,CCGT_2,0
2030,sc01,09-03 07:00:00+02:00,CCGT_1,0
2030,sc01,09-03 07:00:00+02:00,CCGT_3,0
2030,sc01,09-03 08:00:00+02:00,CCGT_2,0
2030,sc01,09-03 08:00:00+02:00,CCGT_1,0
2030,sc01,09-03 08:00:00+02:00,CCGT_3,0
2030,sc01,09-03 09:00:00+02:00,CCGT_2,0
2030,sc01,09-03 09:00:00+02:00,CCGT_1,0
2030,sc01,09-03 09:00:00+02:00,CCGT_3,0
2030,sc01,09-03 10:00:00+02:00,CCGT_2,0
2030,sc01,09-03 10:00:00+02:00,CCGT_1,0
2030,sc01,09-03 10:00:00+02:00,CCGT_3,0
2030,sc01,09-03 11:00:00+02:00,CCGT_2,0
2030,sc01,09-03 11:00:00+02:00,CCGT_1,0
2030,sc01,09-03 11:00:00+02:00,CCGT_3,0
2030,sc01,09-03 12:00:00+02:00,CCGT_2,0
2030,sc01,09-03 12:00:00+02:00,CCGT_1,0
2030,sc01,09-03 12:00:00+02:00,CCGT_3,0
2030,sc01,09-03 13:00:00+02:00,CCGT_2,0
2030,sc01,09-03 13:00:00+02:00,CCGT_1,0
2030,sc01,09-03 13:00:00+02:00,CCGT_3,0
2030,sc01,09-03 14:00:00+02:00,CCGT_2,0
2030,sc01,09-03 14:00:00+02:00,CCGT_1,0
2030,sc01,09-03 14:00:00+02:00,CCGT_3,0
2030,sc01,09-03 15:00:00+02:00,CCGT_2,0
2030,sc01,09-03 15:00:00+02:00,CCGT_1,0
2030,sc01,09-03 15:00:00+02:00,CCGT_3,0
2030,sc01,09-03 16:00:00+02:00,CCGT_2,0
2030,sc01,09-03 16:00:00+02:00,CCGT_1,0
2030,sc01,09-03 16:00:00+02:00,CCGT_3,0
2030,sc01,09-03 17:00:00+02:00,CCGT_2,0
2030,sc01,09-03 17:00:00+02:00,CCGT_1,0
2030,sc01,09-03 17:00:00+02:00,CCGT_3,0
2030,sc01,09-03 18:00:00+02:00,CCGT_2,0
2030,sc01,09-03 18:00:00+02:00,CCGT_1,0
2030,sc01,09-03 18:00:00+02:00,CCGT_3,0
2030,sc01,09-03 19:00:00+02:00,CCGT_2,0
2030,sc01,09-03 19:00:00+02:00,CCGT_1,0
2030,sc01,09-03 19:00:00+02:00,CCGT_3,0
2030,sc01,09-03 20:00:00+02:00,CCGT_2,0
2030,sc01,09-03 20:00:00+02:00,CCGT_1,0
2030,sc01,09-03 20:00:00+02:00,CCGT_3,0
2030,sc01,09-03 21:00:00+02:00,CCGT_2,0
2030,sc01,09-03 21:00:00+02:00,CCGT_1,0
2030,sc01,09-03 21:00:00+02:00,CCGT_3,0
2030,sc01,09-03 22:00:00+02:00,CCGT_2,0
2030,sc01,09-03 22:00:00+02:00,CCGT_1,0
2030,sc01,09-03 22:00:00+02:00,CCGT_3,0
2030,sc01,09-03 23:00:00+02:00,CCGT_2,0
2030,sc01,09-03 23:00:00+02:00,CCGT_1,0
2030,sc01,09-03 23:00:00+02:00,CCGT_3,0
2030,sc01,10-11 00:00:00+02:00,CCGT_2,0
2030,sc01,10-11 00:00:00+02:00,CCGT_1,0
2030,sc01,10-11 00:00:00+02:00,CCGT_3,0
2030,sc01,10-11 01:00:00+02:00,CCGT_2,0
2030,sc01,10-11 01:00:00+02:00,CCGT_1,0
2030,sc01,10-11 01:00:00+02:00,CCGT_3,0
2030,sc01,10-11 02:00:00+02:00,CCGT_2,0
2030,sc01,10-11 02:00:00+02:00,CCGT_1,0
2030,sc01,10-11 02:00:00+02:00,CCGT_3,0
2030,sc01,10-11 03:00:00+02:00,CCGT_2,0
2030,sc01,10-11 03:00:00+02:00,CCGT_1,0
2030,sc01,10-11 03:00:00+02:00,CCGT_3,0
2030,sc01,10-11 04:00:00+02:00,CCGT_2,0
2030,sc01,10-11 04:00:00+02:00,CCGT_1,0
2030,sc01,10-11 04:00:00+02:00,CCGT_3,0
2030,sc01,10-11 05:00:00+02:00,CCGT_2,0
2030,sc01,10-11 05:00:00+02:00,CCGT_1,0
2030,sc01,10-11 05:00:00+02:00,CCGT_3,0
2030,sc01,10-11 06:00:00+02:00,CCGT_2,0
2030,sc01,10-11 06:00:00+02:00,CCGT_1,0
2030,sc01,10-11 06:00:00+02:00,CCGT_3,0
2030,sc01,10-11 07:00:00+02:00,CCGT_2,0
2030,sc01,10-11 07:00:00+02:00,CCGT_1,0
2030,sc01,10-11 07:00:00+02:00,CCGT_3,0
2030,sc01,10-11 08:00:00+02:00,CCGT_2,0
2030,sc01,10-11 08:00:00+02:00,CCGT_1,0
2030,sc01,10-11 08:00:00+02:00,CCGT_3,0
2030,sc01,10-11 09:00:00+02:00,CCGT_2,0
2030,sc01,10-11 09:00:00+02:00,CCGT_1,0
2030,sc01,10-11 09:00:00+02:00,CCGT_3,0
2030,sc01,10-11 10:00:00+02:00,CCGT_2,0
2030,sc01,10-11 10:00:00+02:00,CCGT_1,0
2030,sc01,10-11 10:00:00+02:00,CCGT_3,0
2030,sc01,10-11 11:00:00+02:00,CCGT_2,0
2030,sc01,10-11 11:00:00+02:00,CCGT_1,0
2030,sc01,10-11 11:00:00+02:00,CCGT_3,0
2030,sc01,10-11 12:00:00+02:00,CCGT_2,0
2030,sc01,10-11 12:00:00+02:00,CCGT_1,0
2030,sc01,10-11 12:00:00+02:00,CCGT_3,0
2030,sc01,10-11 13:00:00+02:00,CCGT_2,0
2030,sc01,10-11 13:00:00+02:00,CCGT_1,0
2030,sc01,10-11 13:00:00+02:00,CCGT_3,0
2030,sc01,10-11 14:00:00+02:00,CCGT_2,0
2030,sc01,10-11 14:00:00+02:00,CCGT_1,0
2030,sc01,10-11 14:00:00+02:00,CCGT_3,0
2030,sc01,10-11 15:00:00+02:00,CCGT_2,0
2030,sc01,10-11 15:00:00+02:00,CCGT_1,0
2030,sc01,10-11 15:00:00+02:00,CCGT_3,0
2030,sc01,10-11 16:00:00+02:00,CCGT_2,0
2030,sc01,10-11 16:00:00+02:00,CCGT_1,0
2030,sc01,10-11 16:00:00+02:00,CCGT_3,0
2030,sc01,10-11 17:00:00+02:00,CCGT_2,0
2030,sc01,10-11 17:00:00+02:00,CCGT_1,0
2030,sc01,10-11 17:00:00+02:00,CCGT_3,0
2030,sc01,10-11 18:00:00+02:00,CCGT_2,0
2030,sc01,10-11 18:00:00+02:00,CCGT_1,0
2030,sc01,10-11 18:00:00+02:00,CCGT_3,0
2030,sc01,10-11 19:00:00+02:00,CCGT_2,0
2030,sc01,10-11 19:00:00+02:00,CCGT_1,0
2030,sc01,10-11 19:00:00+02:00,CCGT_3,0
2030,sc01,10-11 20:00:00+02:00,CCGT_2,0
2030,sc01,10-11 20:00:00+02:00,CCGT_1,0
2030,sc01,10-11 20:00:00+02:00,CCGT_3,0
2030,sc01,10-11 21:00:00+02:00,CCGT_2,0
2030,sc01,10-11 21:00:00+02:00,CCGT_1,0
2030,sc01,10-11 21:00:00+02:00,CCGT_3,0
2030,sc01,10-11 22:00:00+02:00,CCGT_2,0
2030,sc01,10-11 22:00:00+02:00,CCGT_1,0
2030,sc01,10-11 22:00:00+02:00,CCGT_3,0
2030,sc01,10-11 23:00:00+02:00,CCGT_2,0
2030,sc01,10-11 23:00:00+02:00,CCGT_1,0
2030,sc01,10-11 23:00:00+02:00,CCGT_3,0
2030,sc01,10-29 00:00:00+01:00,CCGT_2,0
2030,sc01,10-29 00:00:00+01:00,CCGT_1,0
2030,sc01,10-29 00:00:00+01:00,CCGT_3,0
2030,sc01,10-29 01:00:00+01:00,CCGT_2,0
2030,sc01,10-29 01:00:00+01:00,CCGT_1,0
2030,sc01,10-29 01:00:00+01:00,CCGT_3,0
2030,sc01,10-29 02:00:00+01:00,CCGT_2,0
2030,sc01,10-29 02:00:00+01:00,CCGT_1,0
2030,sc01,10-29 02:00:00+01:00,CCGT_3,0
2030,sc01,10-29 03:00:00+01:00,CCGT_2,0
2030,sc01,10-29 03:00:00+01:00,CCGT_1,0
2030,sc01,10-29 03:00:00+01:00,CCGT_3,0
2030,sc01,10-29 04:00:00+01:00,CCGT_2,0
2030,sc01,10-29 04:00:00+01:00,CCGT_1,0
2030,sc01,10-29 04:00:00+01:00,CCGT_3,0
2030,sc01,10-29 05:00:00+01:00,CCGT_2,0
2030,sc01,10-29 05:00:00+01:00,CCGT_1,0
2030,sc01,10-29 05:00:00+01:00,CCGT_3,0
2030,sc01,10-29 06:00:00+01:00,CCGT_2,0
2030,sc01,10-29 06:00:00+01:00,CCGT_1,0
2030,sc01,10-29 06:00:00+01:00,CCGT_3,0
2030,sc01,10-29 07:00:00+01:00,CCGT_2,0
2030,sc01,10-29 07:00:00+01:00,CCGT_1,0
2030,sc01,10-29 07:00:00+01:00,CCGT_3,0
2030,sc01,10-29 08:00:00+01:00,CCGT_2,0
2030,sc01,10-29 08:00:00+01:00,CCGT_1,0
2030,sc01,10-29 08:00:00+01:00,CCGT_3,0
2030,sc01,10-29 09:00:00+01:00,CCGT_2,0
2030,sc01,10-29 09:00:00+01:00,CCGT_1,0
2030,sc01,10-29 09:00:00+01:00,CCGT_3,0
2030,sc01,10-29 10:00:00+01:00,CCGT_2,0
2030,sc01,10-29 10:00:00+01:00,CCGT_1,0
2030,sc01,10-29 10:00:00+01:00,CCGT_3,0
2030,sc01,10-29 11:00:00+01:00,CCGT_2,0
2030,sc01,10-29 11:00:00+01:00,CCGT_1,0
2030,sc01,10-29 11:00:00+01:00,CCGT_3,0
2030,sc01,10-29 12:00:00+01:00,CCGT_2,0
2030,sc01,10-29 12:00:00+01:00,CCGT_1,0
2030,sc01,10-29 12:00:00+01:00,CCGT_3,0
2030,sc01,10-29 13:00:00+01:00,CCGT_2,0
2030,sc01,10-29 13:00:00+01:00,CCGT_1,0
2030,sc01,10-29 13:00:00+01:00,CCGT_3,0
2030,sc01,10-29 14:00:00+01:00,CCGT_2,0
2030,sc01,10-29 14:00:00+01:00,CCGT_1,0
2030,sc01,10-29 14:00:00+01:00,CCGT_3,0
2030,sc01,10-29 15:00:00+01:00,CCGT_2,0
2030,sc01,10-29 15:00:00+01:00,CCGT_1,0
2030,sc01,10-29 15:00:00+01:00,CCGT_3,0
2030,sc01,10-29 16:00:00+01:00,CCGT_2,0
2030,sc01,10-29 16:00:00+01:00,CCGT_1,0
2030,sc01,10-29 16:00:00+01:00,CCGT_3,0
2030,sc01,10-29 17:00:00+01:00,CCGT_2,0
2030,sc01,10-29 17:00:00+01:00,CCGT_1,0
2030,sc01,10-29 17:00:00+01:00,CCGT_3,0
2030,sc01,10-29 18:00:00+01:00,CCGT_2,0
2030,sc01,10-29 18:00:00+01:00,CCGT_1,0
2030,sc01,10-29 18:00:00+01:00,CCGT_3,0
2030,sc01,10-29 19:00:00+01:00,CCGT_2,0
2030,sc01,10-29 19:00:00+01:00,CCGT_1,0
2030,sc01,10-29 19:00:00+01:00,CCGT_3,0
2030,sc01,10-29 20:00:00+01:00,CCGT_2,0
2030,sc01,10-29 20:00:00+01:00,CCGT_1,0
2030,sc01,10-29 20:00:00+01:00,CCGT_3,0
2030,sc01,10-29 21:00:00+01:00,CCGT_2,0
2030,sc01,10-29 21:00:00+01:00,CCGT_1,0
2030,sc01,10-29 21:00:00+01:00,CCGT_3,0
2030,sc01,10-29 22:00:00+01:00,CCGT_2,0
2030,sc01,10-29 22:00:00+01:00,CCGT_1,0
2030,sc01,10-29 22:00:00+01:00,CCGT_3,0
2030,sc01,10-29 23:00:00+01:00,CCGT_2,0
2030,sc01,10-29 23:00:00+01:00,CCGT_1,0
2030,sc01,10-29 23:00:00+01:00,CCGT_3,0
2030,sc01,11-06 00:00:00+01:00,CCGT_2,0
2030,sc01,11-06 00:00:00+01:00,CCGT_1,0
2030,sc01,11-06 00:00:00+01:00,CCGT_3,0
2030,sc01,11-06 01:00:00+01:00,CCGT_2,0
2030,sc01,11-06 01:00:00+01:00,CCGT_1,0
2030,sc01,11-06 01:00:00+01:00,CCGT_3,0
2030,sc01,11-06 02:00:00+01:00,CCGT_2,0
2030,sc01,11-06 02:00:00+01:00,CCGT_1,0
2030,sc01,11-06 02:00:00+01:00,CCGT_3,0
2030,sc01,11-06 03:00:00+01:00,CCGT_2,0
2030,sc01,11-06 03:00:00+01:00,CCGT_1,0
2030,sc01,11-06 03:00:00+01:00,CCGT_3,0
2030,sc01,11-06 04:00:00+01:00,CCGT_2,0
2030,sc01,11-06 04:00:00+01:00,CCGT_1,0
2030,sc01,11-06 04:00:00+01:00,CCGT_3,0
2030,sc01,11-06 05:00:00+01:00,CCGT_2,0
2030,sc01,11-06 05:00:00+01:00,CCGT_1,0
2030,sc01,11-06 05:00:00+01:00,CCGT_3,0
2030,sc01,11-06 06:00:00+01:00,CCGT_2,0
2030,sc01,11-06 06:00:00+01:00,CCGT_1,0
2030,sc01,11-06 06:00:00+01:00,CCGT_3,0
2030,sc01,11-06 07:00:00+01:00,CCGT_2,0
2030,sc01,11-06 07:00:00+01:00,CCGT_1,0
2030,sc01,11-06 07:00:00+01:00,CCGT_3,0
2030,sc01,11-06 08:00:00+01:00,CCGT_2,0
2030,sc01,11-06 08:00:00+01:00,CCGT_1,0
2030,sc01,11-06 08:00:00+01:00,CCGT_3,0
2030,sc01,11-06 09:00:00+01:00,CCGT_2,0
2030,sc01,11-06 09:00:00+01:00,CCGT_1,0
2030,sc01,11-06 09:00:00+01:00,CCGT_3,0
2030,sc01,11-06 10:00:00+01:00,CCGT_2,0
2030,sc01,11-06 10:00:00+01:00,CCGT_1,0
2030,sc01,11-06 10:00:00+01:00,CCGT_3,0
2030,sc01,11-06 11:00:00+01:00,CCGT_2,0
2030,sc01,11-06 11:00:00+01:00,CCGT_1,0
2030,sc01,11-06 11:00:00+01:00,CCGT_3,0
2030,sc01,11-06 12:00:00+01:00,CCGT_2,0
2030,sc01,11-06 12:00:00+01:00,CCGT_1,0
2030,sc01,11-06 12:00:00+01:00,CCGT_3,0
2030,sc01,11-06 13:00:00+01:00,CCGT_2,0
2030,sc01,11-06 13:00:00+01:00,CCGT_1,0
2030,sc01,11-06 13:00:00+01:00,CCGT_3,0
2030,sc01,11-06 14:00:00+01:00,CCGT_2,0
2030,sc01,11-06 14:00:00+01:00,CCGT_1,0
2030,sc01,11-06 14:00:00+01:00,CCGT_3,0
2030,sc01,11-06 15:00:00+01:00,CCGT_2,0
2030,sc01,11-06 15:00:00+01:00,CCGT_1,0
2030,sc01,11-06 15:00:00+01:00,CCGT_3,0
2030,sc01,11-06 16:00:00+01:00,CCGT_2,0
2030,sc01,11-06 16:00:00+01:00,CCGT_1,0
2030,sc01,11-06 16:00:00+01:00,CCGT_3,0
2030,sc01,11-06 17:00:00+01:00,CCGT_2,0
2030,sc01,11-06 17:00:00+01:00,CCGT_1,0
2030,sc01,11-06 17:00:00+01:00,CCGT_3,0
2030,sc01,11-06 18:00:00+01:00,CCGT_2,0
2030,sc01,11-06 18:00:00+01:00,CCGT_1,0
2030,sc01,11-06 18:00:00+01:00,CCGT_3,0
2030,sc01,11-06 19:00:00+01:00,CCGT_2,0
2030,sc01,11-06 19:00:00+01:00,CCGT_1,0
2030,sc01,11-06 19:00:00+01:00,CCGT_3,0
2030,sc01,11-06 20:00:00+01:00,CCGT_2,0
2030,sc01,11-06 20:00:00+01:00,CCGT_1,0
2030,sc01,11-06 20:00:00+01:00,CCGT_3,0
2030,sc01,11-06 21:00:00+01:00,CCGT_2,0
2030,sc01,11-06 21:00:00+01:00,CCGT_1,0
2030,sc01,11-06 21:00:00+01:00,CCGT_3,0
2030,sc01,11-06 22:00:00+01:00,CCGT_2,0
2030,sc01,11-06 22:00:00+01:00,CCGT_1,0
2030,sc01,11-06 22:00:00+01:00,CCGT_3,0
2030,sc01,11-06 23:00:00+01:00,CCGT_2,0
2030,sc01,11-06 23:00:00+01:00,CCGT_1,0
2030,sc01,11-06 23:00:00+01:00,CCGT_3,0
2030,sc01,11-09 00:00:00+01:00,CCGT_2,0
2030,sc01,11-09 00:00:00+01:00,CCGT_1,0
2030,sc01,11-09 00:00:00+01:00,CCGT_3,0
2030,sc01,11-09 01:00:00+01:00,CCGT_2,0
2030,sc01,11-09 01:00:00+01:00,CCGT_1,0
2030,sc01,11-09 01:00:00+01:00,CCGT_3,0
2030,sc01,11-09 02:00:00+01:00,CCGT_2,0
2030,sc01,11-09 02:00:00+01:00,CCGT_1,0
2030,sc01,11-09 02:00:00+01:00,CCGT_3,0
2030,sc01,11-09 03:00:00+01:00,CCGT_2,0
2030,sc01,11-09 03:00:00+01:00,CCGT_1,0
2030,sc01,11-09 03:00:00+01:00,CCGT_3,0
2030,sc01,11-09 04:00:00+01:00,CCGT_2,0
2030,sc01,11-09 04:00:00+01:00,CCGT_1,0
2030,sc01,11-09 04:00:00+01:00,CCGT_3,0
2030,sc01,11-09 05:00:00+01:00,CCGT_2,0
2030,sc01,11-09 05:00:00+01:00,CCGT_1,0
2030,sc01,11-09 05:00:00+01:00,CCGT_3,0
2030,sc01,11-09 06:00:00+01:00,CCGT_2,0
2030,sc01,11-09 06:00:00+01:00,CCGT_1,0
2030,sc01,11-09 06:00:00+01:00,CCGT_3,0
2030,sc01,11-09 07:00:00+01:00,CCGT_2,0
2030,sc01,11-09 07:00:00+01:00,CCGT_1,0
2030,sc01,11-09 07:00:00+01:00,CCGT_3,0
2030,sc01,11-09 08:00:00+01:00,CCGT_2,0
2030,sc01,11-09 08:00:00+01:00,CCGT_1,0
2030,sc01,11-09 08:00:00+01:00,CCGT_3,0
2030,sc01,11-09 09:00:00+01:00,CCGT_2,0
2030,sc01,11-09 09:00:00+01:00,CCGT_1,0
2030,sc01,11-09 09:00:00+01:00,CCGT_3,0
2030,sc01,11-09 10:00:00+01:00,CCGT_2,0
2030,sc01,11-09 10:00:00+01:00,CCGT_1,0
2030,sc01,11-09 10:00:00+01:00,CCGT_3,0
2030,sc01,11-09 11:00:00+01:00,CCGT_2,0
2030,sc01,11-09 11:00:00+01:00,CCGT_1,0
2030,sc01,11-09 11:00:00+01:00,CCGT_3,0
2030,sc01,11-09 12:00:00+01:00,CCGT_2,0
2030,sc01,11-09 12:00:00+01:00,CCGT_1,0
2030,sc01,11-09 12:00:00+01:00,CCGT_3,0
2030,sc01,11-09 13:00:00+01:00,CCGT_2,0
2030,sc01,11-09 13:00:00+01:00,CCGT_1,0
2030,sc01,11-09 13:00:00+01:00,CCGT_3,0
2030,sc01,11-09 14:00:00+01:00,CCGT_2,0
2030,sc01,11-09 14:00:00+01:00,CCGT_1,0
2030,sc01,11-09 14:00:00+01:00,CCGT_3,0
2030,sc01,11-09 15:00:00+01:00,CCGT_2,0
2030,sc01,11-09 15:00:00+01:00,CCGT_1,0
2030,sc01,11-09 15:00:00+01:00,CCGT_3,0
2030,sc01,11-09 16:00:00+01:00,CCGT_2,0
2030,sc01,11-09 16:00:00+01:00,CCGT_1,0
2030,sc01,11-09 16:00:00+01:00,CCGT_3,0
2030,sc01,11-09 17:00:00+01:00,CCGT_2,0
2030,sc01,11-09 17:00:00+01:00,CCGT_1,0
2030,sc01,11-09 17:00:00+01:00,CCGT_3,0
2030,sc01,11-09 18:00:00+01:00,CCGT_2,0
2030,sc01,11-09 18:00:00+01:00,CCGT_1,0
2030,sc01,11-09 18:00:00+01:00,CCGT_3,0
2030,sc01,11-09 19:00:00+01:00,CCGT_2,0
2030,sc01,11-09 19:00:00+01:00,CCGT_1,0
2030,sc01,11-09 19:00:00+01:00,CCGT_3,0
2030,sc01,11-09 20:00:00+01:00,CCGT_2,0
2030,sc01,11-09 20:00:00+01:00,CCGT_1,0
2030,sc01,11-09 20:00:00+01:00,CCGT_3,0
2030,sc01,11-09 21:00:00+01:00,CCGT_2,0
2030,sc01,11-09 21:00:00+01:00,CCGT_1,0
2030,sc01,11-09 21:00:00+01:00,CCGT_3,0
2030,sc01,11-09 22:00:00+01:00,CCGT_2,0
2030,sc01,11-09 22:00:00+01:00,CCGT_1,0
2030,sc01,11-09 22:00:00+01:00,CCGT_3,0
2030,sc01,11-09 23:00:00+01:00,CCGT_2,0
2030,sc01,11-09 23:00:00+01:00,CCGT_1,0
2030,sc01,11-09 23:00:00+01:00,CCGT_3,0
2030,sc01,11-10 00:00:00+01:00,CCGT_2,0
2030,sc01,11-10 00:00:00+01:00,CCGT_1,0
2030,sc01,11-10 00:00:00+01:00,CCGT_3,0
2030,sc01,11-10 01:00:00+01:00,CCGT_2,0
2030,sc01,11-10 01:00:00+01:00,CCGT_1,0
2030,sc01,11-10 01:00:00+01:00,CCGT_3,0
2030,sc01,11-10 02:00:00+01:00,CCGT_2,0
2030,sc01,11-10 02:00:00+01:00,CCGT_1,0
2030,sc01,11-10 02:00:00+01:00,CCGT_3,0
2030,sc01,11-10 03:00:00+01:00,CCGT_2,0
2030,sc01,11-10 03:00:00+01:00,CCGT_1,0
2030,sc01,11-10 03:00:00+01:00,CCGT_3,0
2030,sc01,11-10 04:00:00+01:00,CCGT_2,0
2030,sc01,11-10 04:00:00+01:00,CCGT_1,0
2030,sc01,11-10 04:00:00+01:00,CCGT_3,0
2030,sc01,11-10 05:00:00+01:00,CCGT_2,0
2030,sc01,11-10 05:00:00+01:00,CCGT_1,0
2030,sc01,11-10 05:00:00+01:00,CCGT_3,0
2030,sc01,11-10 06:00:00+01:00,CCGT_2,0
2030,sc01,11-10 06:00:00+01:00,CCGT_1,0
2030,sc01,11-10 06:00:00+01:00,CCGT_3,0
2030,sc01,11-10 07:00:00+01:00,CCGT_2,0
2030,sc01,11-10 07:00:00+01:00,CCGT_1,0
2030,sc01,11-10 07:00:00+01:00,CCGT_3,0
2030,sc01,11-10 08:00:00+01:00,CCGT_2,0
2030,sc01,11-10 08:00:00+01:00,CCGT_1,0
2030,sc01,11-10 08:00:00+01:00,CCGT_3,0
2030,sc01,11-10 09:00:00+01:00,CCGT_2,0
2030,sc01,11-10 09:00:00+01:00,CCGT_1,0
2030,sc01,11-10 09:00:00+01:00,CCGT_3,0
2030,sc01,11-10 10:00:00+01:00,CCGT_2,0
2030,sc01,11-10 10:00:00+01:00,CCGT_1,0
2030,sc01,11-10 10:00:00+01:00,CCGT_3,0
2030,sc01,11-10 11:00:00+01:00,CCGT_2,0
2030,sc01,11-10 11:00:00+01:00,CCGT_1,0
2030,sc01,11-10 11:00:00+01:00,CCGT_3,0
2030,sc01,11-10 12:00:00+01:00,CCGT_2,0
2030,sc01,11-10 12:00:00+01:00,CCGT_1,0
2030,sc01,11-10 12:00:00+01:00,CCGT_3,0
2030,sc01,11-10 13:00:00+01:00,CCGT_2,0
2030,sc01,11-10 13:00:00+01:00,CCGT_1,0
2030,sc01,11-10 13:00:00+01:00,CCGT_3,0
2030,sc01,11-10 14:00:00+01:00,CCGT_2,0
2030,sc01,11-10 14:00:00+01:00,CCGT_1,0
2030,sc01,11-10 14:00:00+01:00,CCGT_3,0
2030,sc01,11-10 15:00:00+01:00,CCGT_2,0
2030,sc01,11-10 15:00:00+01:00,CCGT_1,0
2030,sc01,11-10 15:00:00+01:00,CCGT_3,0
2030,sc01,11-10 16:00:00+01:00,CCGT_2,0
2030,sc01,11-10 16:00:00+01:00,CCGT_1,0
2030,sc01,11-10 16:00:00+01:00,CCGT_3,0
2030,sc01,11-10 17:00:00+01:00,CCGT_2,0
2030,sc01,11-10 17:00:00+01:00,CCGT_1,0
2030,sc01,11-10 17:00:00+01:00,CCGT_3,0
2030,sc01,11-10 18:00:00+01:00,CCGT_2,0
2030,sc01,11-10 18:00:00+01:00,CCGT_1,0
2030,sc01,11-10 18:00:00+01:00,CCGT_3,0
2030,sc01,11-10 19:00:00+01:00,CCGT_2,0
2030,sc01,11-10 19:00:00+01:00,CCGT_1,0
2030,sc01,11-10 19:00:00+01:00,CCGT_3,0
2030,sc01,11-10 20:00:00+01:00,CCGT_2,0
2030,sc01,11-10 20:00:00+01:00,CCGT_1,0
2030,sc01,11-10 20:00:00+01:00,CCGT_3,0
2030,sc01,11-10 21:00:00+01:00,CCGT_2,0
2030,sc01,11-10 21:00:00+01:00,CCGT_1,0
2030,sc01,11-10 21:00:00+01:00,CCGT_3,0
2030,sc01,11-10 22:00:00+01:00,CCGT_2,0
2030,sc01,11-10 22:00:00+01:00,CCGT_1,0
2030,sc01,11-10 22:00:00+01:00,CCGT_3,0
2030,sc01,11-10 23:00:00+01:00,CCGT_2,0
2030,sc01,11-10 23:00:00+01:00,CCGT_1,0
2030,sc01,11-10 23:00:00+01:00,CCGT_3,0
2030,sc01,11-14 00:00:00+01:00,CCGT_2,0
2030,sc01,11-14 00:00:00+01:00,CCGT_1,0
2030,sc01,11-14 00:00:00+01:00,CCGT_3,0
2030,sc01,11-14 01:00:00+01:00,CCGT_2,0
2030,sc01,11-14 01:00:00+01:00,CCGT_1,0
2030,sc01,11-14 01:00:00+01:00,CCGT_3,0
2030,sc01,11-14 02:00:00+01:00,CCGT_2,0
2030,sc01,11-14 02:00:00+01:00,CCGT_1,0
2030,sc01,11-14 02:00:00+01:00,CCGT_3,0
2030,sc01,11-14 03:00:00+01:00,CCGT_2,0
2030,sc01,11-14 03:00:00+01:00,CCGT_1,0
2030,sc01,11-14 03:00:00+01:00,CCGT_3,0
2030,sc01,11-14 04:00:00+01:00,CCGT_2,0
2030,sc01,11-14 04:00:00+01:00,CCGT_1,0
2030,sc01,11-14 04:00:00+01:00,CCGT_3,0
2030,sc01,11-14 05:00:00+01:00,CCGT_2,0
2030,sc01,11-14 05:00:00+01:00,CCGT_1,0
2030,sc01,11-14 05:00:00+01:00,CCGT_3,0
2030,sc01,11-14 06:00:00+01:00,CCGT_2,0
2030,sc01,11-14 06:00:00+01:00,CCGT_1,0
2030,sc01,11-14 06:00:00+01:00,CCGT_3,0
2030,sc01,11-14 07:00:00+01:00,CCGT_2,0
2030,sc01,11-14 07:00:00+01:00,CCGT_1,0
2030,sc01,11-14 07:00:00+01:00,CCGT_3,0
2030,sc01,11-14 08:00:00+01:00,CCGT_2,0
2030,sc01,11-14 08:00:00+01:00,CCGT_1,0
2030,sc01,11-14 08:00:00+01:00,CCGT_3,0
2030,sc01,11-14 09:00:00+01:00,CCGT_2,0
2030,sc01,11-14 09:00:00+01:00,CCGT_1,0
2030,sc01,11-14 09:00:00+01:00,CCGT_3,0
2030,sc01,11-14 10:00:00+01:00,CCGT_2,0
2030,sc01,11-14 10:00:00+01:00,CCGT_1,0
2030,sc01,11-14 10:00:00+01:00,CCGT_3,0
2030,sc01,11-14 11:00:00+01:00,CCGT_2,0
2030,sc01,11-14 11:00:00+01:00,CCGT_1,0
2030,sc01,11-14 11:00:00+01:00,CCGT_3,0
2030,sc01,11-14 12:00:00+01:00,CCGT_2,0
2030,sc01,11-14 12:00:00+01:00,CCGT_1,0
2030,sc01,11-14 12:00:00+01:00,CCGT_3,0
2030,sc01,11-14 13:00:00+01:00,CCGT_2,0
2030,sc01,11-14 13:00:00+01:00,CCGT_1,0
2030,sc01,11-14 13:00:00+01:00,CCGT_3,0
2030,sc01,11-14 14:00:00+01:00,CCGT_2,0
2030,sc01,11-14 14:00:00+01:00,CCGT_1,0
2030,sc01,11-14 14:00:00+01:00,CCGT_3,0
2030,sc01,11-14 15:00:00+01:00,CCGT_2,0
2030,sc01,11-14 15:00:00+01:00,CCGT_1,0
2030,sc01,11-14 15:00:00+01:00,CCGT_3,0
2030,sc01,11-14 16:00:00+01:00,CCGT_2,0
2030,sc01,11-14 16:00:00+01:00,CCGT_1,0
2030,sc01,11-14 16:00:00+01:00,CCGT_3,0
2030,sc01,11-14 17:00:00+01:00,CCGT_2,0
2030,sc01,11-14 17:00:00+01:00,CCGT_1,0
2030,sc01,11-14 17:00:00+01:00,CCGT_3,0
2030,sc01,11-14 18:00:00+01:00,CCGT_2,0
2030,sc01,11-14 18:00:00+01:00,CCGT_1,0
2030,sc01,11-14 18:00:00+01:00,CCGT_3,0
2030,sc01,11-14 19:00:00+01:00,CCGT_2,0
2030,sc01,11-14 19:00:00+01:00,CCGT_1,0
2030,sc01,11-14 19:00:00+01:00,CCGT_3,0
2030,sc01,11-14 20:00:00+01:00,CCGT_2,0
2030,sc01,11-14 20:00:00+01:00,CCGT_1,0
2030,sc01,11-14 20:00:00+01:00,CCGT_3,0
2030,sc01,11-14 21:00:00+01:00,CCGT_2,0
2030,sc01,11-14 21:00:00+01:00,CCGT_1,0
2030,sc01,11-14 21:00:00+01:00,CCGT_3,0
2030,sc01,11-14 22:00:00+01:00,CCGT_2,0
2030,sc01,11-14 22:00:00+01:00,CCGT_1,0
2030,sc01,11-14 22:00:00+01:00,CCGT_3,0
2030,sc01,11-14 23:00:00+01:00,CCGT_2,0
2030,sc01,11-14 23:00:00+01:00,CCGT_1,0
2030,sc01,11-14 23:00:00+01:00,CCGT_3,0
2030,sc01,11-18 00:00:00+01:00,CCGT_2,0
2030,sc01,11-18 00:00:00+01:00,CCGT_1,0
2030,sc01,11-18 00:00:00+01:00,CCGT_3,0
2030,sc01,11-18 01:00:00+01:00,CCGT_2,0
2030,sc01,11-18 01:00:00+01:00,CCGT_1,0
2030,sc01,11-18 01:00:00+01:00,CCGT_3,0
2030,sc01,11-18 02:00:00+01:00,CCGT_2,0
2030,sc01,11-18 02:00:00+01:00,CCGT_1,0
2030,sc01,11-18 02:00:00+01:00,CCGT_3,0
2030,sc01,11-18 03:00:00+01:00,CCGT_2,0
2030,sc01,11-18 03:00:00+01:00,CCGT_1,0
2030,sc01,11-18 03:00:00+01:00,CCGT_3,0
2030,sc01,11-18 04:00:00+01:00,CCGT_2,0
2030,sc01,11-18 04:00:00+01:00,CCGT_1,0
2030,sc01,11-18 04:00:00+01:00,CCGT_3,0
2030,sc01,11-18 05:00:00+01:00,CCGT_2,0
2030,sc01,11-18 05:00:00+01:00,CCGT_1,0
2030,sc01,11-18 05:00:00+01:00,CCGT_3,0
2030,sc01,11-18 06:00:00+01:00,CCGT_2,0
2030,sc01,11-18 06:00:00+01:00,CCGT_1,0
2030,sc01,11-18 06:00:00+01:00,CCGT_3,0
2030,sc01,11-18 07:00:00+01:00,CCGT_2,0
2030,sc01,11-18 07:00:00+01:00,CCGT_1,0
2030,sc01,11-18 07:00:00+01:00,CCGT_3,0
2030,sc01,11-18 08:00:00+01:00,CCGT_2,0
2030,sc01,11-18 08:00:00+01:00,CCGT_1,0
2030,sc01,11-18 08:00:00+01:00,CCGT_3,0
2030,sc01,11-18 09:00:00+01:00,CCGT_2,0
2030,sc01,11-18 09:00:00+01:00,CCGT_1,0
2030,sc01,11-18 09:00:00+01:00,CCGT_3,0
2030,sc01,11-18 10:00:00+01:00,CCGT_2,0
2030,sc01,11-18 10:00:00+01:00,CCGT_1,0
2030,sc01,11-18 10:00:00+01:00,CCGT_3,0
2030,sc01,11-18 11:00:00+01:00,CCGT_2,0
2030,sc01,11-18 11:00:00+01:00,CCGT_1,0
2030,sc01,11-18 11:00:00+01:00,CCGT_3,0
2030,sc01,11-18 12:00:00+01:00,CCGT_2,0
2030,sc01,11-18 12:00:00+01:00,CCGT_1,0
2030,sc01,11-18 12:00:00+01:00,CCGT_3,0
2030,sc01,11-18 13:00:00+01:00,CCGT_2,0
2030,sc01,11-18 13:00:00+01:00,CCGT_1,0
2030,sc01,11-18 13:00:00+01:00,CCGT_3,0
2030,sc01,11-18 14:00:00+01:00,CCGT_2,0
2030,sc01,11-18 14:00:00+01:00,CCGT_1,0
2030,sc01,11-18 14:00:00+01:00,CCGT_3,0
2030,sc01,11-18 15:00:00+01:00,CCGT_2,0
2030,sc01,11-18 15:00:00+01:00,CCGT_1,0
2030,sc01,11-18 15:00:00+01:00,CCGT_3,0
2030,sc01,11-18 16:00:00+01:00,CCGT_2,0
2030,sc01,11-18 16:00:00+01:00,CCGT_1,0
2030,sc01,11-18 16:00:00+01:00,CCGT_3,0
2030,sc01,11-18 17:00:00+01:00,CCGT_2,0
2030,sc01,11-18 17:00:00+01:00,CCGT_1,0
2030,sc01,11-18 17:00:00+01:00,CCGT_3,0
2030,sc01,11-18 18:00:00+01:00,CCGT_2,0
2030,sc01,11-18 18:00:00+01:00,CCGT_1,0
2030,sc01,11-18 18:00:00+01:00,CCGT_3,0
2030,sc01,11-18 19:00:00+01:00,CCGT_2,0
2030,sc01,11-18 19:00:00+01:00,CCGT_1,0
2030,sc01,11-18 19:00:00+01:00,CCGT_3,0
2030,sc01,11-18 20:00:00+01:00,CCGT_2,0
2030,sc01,11-18 20:00:00+01:00,CCGT_1,0
2030,sc01,11-18 20:00:00+01:00,CCGT_3,0
2030,sc01,11-18 21:00:00+01:00,CCGT_2,0
2030,sc01,11-18 21:00:00+01:00,CCGT_1,0
2030,sc01,11-18 21:00:00+01:00,CCGT_3,0
2030,sc01,11-18 22:00:00+01:00,CCGT_2,0
2030,sc01,11-18 22:00:00+01:00,CCGT_1,0
2030,sc01,11-18 22:00:00+01:00,CCGT_3,0
2030,sc01,11-18 23:00:00+01:00,CCGT_2,0
2030,sc01,11-18 23:00:00+01:00,CCGT_1,0
2030,sc01,11-18 23:00:00+01:00,CCGT_3,0
2030,sc01,11-19 00:00:00+01:00,CCGT_2,0
2030,sc01,11-19 00:00:00+01:00,CCGT_1,0
2030,sc01,11-19 00:00:00+01:00,CCGT_3,0
2030,sc01,11-19 01:00:00+01:00,CCGT_2,0
2030,sc01,11-19 01:00:00+01:00,CCGT_1,0
2030,sc01,11-19 01:00:00+01:00,CCGT_3,0
2030,sc01,11-19 02:00:00+01:00,CCGT_2,0
2030,sc01,11-19 02:00:00+01:00,CCGT_1,0
2030,sc01,11-19 02:00:00+01:00,CCGT_3,0
2030,sc01,11-19 03:00:00+01:00,CCGT_2,0
2030,sc01,11-19 03:00:00+01:00,CCGT_1,0
2030,sc01,11-19 03:00:00+01:00,CCGT_3,0
2030,sc01,11-19 04:00:00+01:00,CCGT_2,0
2030,sc01,11-19 04:00:00+01:00,CCGT_1,0
2030,sc01,11-19 04:00:00+01:00,CCGT_3,0
2030,sc01,11-19 05:00:00+01:00,CCGT_2,0
2030,sc01,11-19 05:00:00+01:00,CCGT_1,0
2030,sc01,11-19 05:00:00+01:00,CCGT_3,0
2030,sc01,11-19 06:00:00+01:00,CCGT_2,0
2030,sc01,11-19 06:00:00+01:00,CCGT_1,0
2030,sc01,11-19 06:00:00+01:00,CCGT_3,0
2030,sc01,11-19 07:00:00+01:00,CCGT_2,0
2030,sc01,11-19 07:00:00+01:00,CCGT_1,0
2030,sc01,11-19 07:00:00+01:00,CCGT_3,0
2030,sc01,11-19 08:00:00+01:00,CCGT_2,0
2030,sc01,11-19 08:00:00+01:00,CCGT_1,0
2030,sc01,11-19 08:00:00+01:00,CCGT_3,0
2030,sc01,11-19 09:00:00+01:00,CCGT_2,0
2030,sc01,11-19 09:00:00+01:00,CCGT_1,0
2030,sc01,11-19 09:00:00+01:00,CCGT_3,0
2030,sc01,11-19 10:00:00+01:00,CCGT_2,0
2030,sc01,11-19 10:00:00+01:00,CCGT_1,0
2030,sc01,11-19 10:00:00+01:00,CCGT_3,0
2030,sc01,11-19 11:00:00+01:00,CCGT_2,0
2030,sc01,11-19 11:00:00+01:00,CCGT_1,0
2030,sc01,11-19 11:00:00+01:00,CCGT_3,0
2030,sc01,11-19 12:00:00+01:00,CCGT_2,0
2030,sc01,11-19 12:00:00+01:00,CCGT_1,0
2030,sc01,11-19 12:00:00+01:00,CCGT_3,0
2030,sc01,11-19 13:00:00+01:00,CCGT_2,0
2030,sc01,11-19 13:00:00+01:00,CCGT_1,0
2030,sc01,11-19 13:00:00+01:00,CCGT_3,0
2030,sc01,11-19 14:00:00+01:00,CCGT_2,0
2030,sc01,11-19 14:00:00+01:00,CCGT_1,0
2030,sc01,11-19 14:00:00+01:00,CCGT_3,0
2030,sc01,11-19 15:00:00+01:00,CCGT_2,0
2030,sc01,11-19 15:00:00+01:00,CCGT_1,0
2030,sc01,11-19 15:00:00+01:00,CCGT_3,0
2030,sc01,11-19 16:00:00+01:00,CCGT_2,0
2030,sc01,11-19 16:00:00+01:00,CCGT_1,0
2030,sc01,11-19 16:00:00+01:00,CCGT_3,0
2030,sc01,11-19 17:00:00+01:00,CCGT_2,0
2030,sc01,11-19 17:00:00+01:00,CCGT_1,0
2030,sc01,11-19 17:00:00+01:00,CCGT_3,0
2030,sc01,11-19 18:00:00+01:00,CCGT_2,0
2030,sc01,11-19 18:00:00+01:00,CCGT_1,0
2030,sc01,11-19 18:00:00+01:00,CCGT_3,0
2030,sc01,11-19 19:00:00+01:00,CCGT_2,0
2030,sc01,11-19 19:00:00+01:00,CCGT_1,0
2030,sc01,11-19 19:00:00+01:00,CCGT_3,0
2030,sc01,11-19 20:00:00+01:00,CCGT_2,0
2030,sc01,11-19 20:00:00+01:00,CCGT_1,0
2030,sc01,11-19 20:00:00+01:00,CCGT_3,0
2030,sc01,11-19 21:00:00+01:00,CCGT_2,0
2030,sc01,11-19 21:00:00+01:00,CCGT_1,0
2030,sc01,11-19 21:00:00+01:00,CCGT_3,0
2030,sc01,11-19 22:00:00+01:00,CCGT_2,0
2030,sc01,11-19 22:00:00+01:00,CCGT_1,0
2030,sc01,11-19 22:00:00+01:00,CCGT_3,0
2030,sc01,11-19 23:00:00+01:00,CCGT_2,0
2030,sc01,11-19 23:00:00+01:00,CCGT_1,0
2030,sc01,11-19 23:00:00+01:00,CCGT_3,0
2030,sc01,11-30 00:00:00+01:00,CCGT_2,0
2030,sc01,11-30 00:00:00+01:00,CCGT_1,0
2030,sc01,11-30 00:00:00+01:00,CCGT_3,0
2030,sc01,11-30 01:00:00+01:00,CCGT_2,0
2030,sc01,11-30 01:00:00+01:00,CCGT_1,0
2030,sc01,11-30 01:00:00+01:00,CCGT_3,0
2030,sc01,11-30 02:00:00+01:00,CCGT_2,0
2030,sc01,11-30 02:00:00+01:00,CCGT_1,0
2030,sc01,11-30 02:00:00+01:00,CCGT_3,0
2030,sc01,11-30 03:00:00+01:00,CCGT_2,0
2030,sc01,11-30 03:00:00+01:00,CCGT_1,0
2030,sc01,11-30 03:00:00+01:00,CCGT_3,0
2030,sc01,11-30 04:00:00+01:00,CCGT_2,0
2030,sc01,11-30 04:00:00+01:00,CCGT_1,0
2030,sc01,11-30 04:00:00+01:00,CCGT_3,0
2030,sc01,11-30 05:00:00+01:00,CCGT_2,0
2030,sc01,11-30 05:00:00+01:00,CCGT_1,0
2030,sc01,11-30 05:00:00+01:00,CCGT_3,0
2030,sc01,11-30 06:00:00+01:00,CCGT_2,0
2030,sc01,11-30 06:00:00+01:00,CCGT_1,0
2030,sc01,11-30 06:00:00+01:00,CCGT_3,0
2030,sc01,11-30 07:00:00+01:00,CCGT_2,0
2030,sc01,11-30 07:00:00+01:00,CCGT_1,0
2030,sc01,11-30 07:00:00+01:00,CCGT_3,0
2030,sc01,11-30 08:00:00+01:00,CCGT_2,0
2030,sc01,11-30 08:00:00+01:00,CCGT_1,0
2030,sc01,11-30 08:00:00+01:00,CCGT_3,0
2030,sc01,11-30 09:00:00+01:00,CCGT_2,0
2030,sc01,11-30 09:00:00+01:00,CCGT_1,0
2030,sc01,11-30 09:00:00+01:00,CCGT_3,0
2030,sc01,11-30 10:00:00+01:00,CCGT_2,0
2030,sc01,11-30 10:00:00+01:00,CCGT_1,0
2030,sc01,11-30 10:00:00+01:00,CCGT_3,0
2030,sc01,11-30 11:00:00+01:00,CCGT_2,0
2030,sc01,11-30 11:00:00+01:00,CCGT_1,0
2030,sc01,11-30 11:00:00+01:00,CCGT_3,0
2030,sc01,11-30 12:00:00+01:00,CCGT_2,0
2030,sc01,11-30 12:00:00+01:00,CCGT_1,0
2030,sc01,11-30 12:00:00+01:00,CCGT_3,0
2030,sc01,11-30 13:00:00+01:00,CCGT_2,0
2030,sc01,11-30 13:00:00+01:00,CCGT_1,0
2030,sc01,11-30 13:00:00+01:00,CCGT_3,0
2030,sc01,11-30 14:00:00+01:00,CCGT_2,0
2030,sc01,11-30 14:00:00+01:00,CCGT_1,0
2030,sc01,11-30 14:00:00+01:00,CCGT_3,0
2030,sc01,11-30 15:00:00+01:00,CCGT_2,0
2030,sc01,11-30 15:00:00+01:00,CCGT_1,0
2030,sc01,11-30 15:00:00+01:00,CCGT_3,0
2030,sc01,11-30 16:00:00+01:00,CCGT_2,0
2030,sc01,11-30 16:00:00+01:00,CCGT_1,0
2030,sc01,11-30 16:00:00+01:00,CCGT_3,0
2030,sc01,11-30 17:00:00+01:00,CCGT_2,0
2030,sc01,11-30 17:00:00+01:00,CCGT_1,0
2030,sc01,11-30 17:00:00+01:00,CCGT_3,0
2030,sc01,11-30 18:00:00+01:00,CCGT_2,0
2030,sc01,11-30 18:00:00+01:00,CCGT_1,0
2030,sc01,11-30 18:00:00+01:00,CCGT_3,0
2030,sc01,11-30 19:00:00+01:00,CCGT_2,0
2030,sc01,11-30 19:00:00+01:00,CCGT_1,0
2030,sc01,11-30 19:00:00+01:00,CCGT_3,0
2030,sc01,11-30 20:00:00+01:00,CCGT_2,0
2030,sc01,11-30 20:00:00+01:00,CCGT_1,0
2030,sc01,11-30 20:00:00+01:00,CCGT_3,0
2030,sc01,11-30 21:00:00+01:00,CCGT_2,0
2030,sc01,11-30 21:00:00+01:00,CCGT_1,0
2030,sc01,11-30 21:00:00+01:00,CCGT_3,0
2030,sc01,11-30 22:00:00+01:00,CCGT_2,0
2030,sc01,11-30 22:00:00+01:00,CCGT_1,0
2030,sc01,11-30 22:00:00+01:00,CCGT_3,0
2030,sc01,11-30 23:00:00+01:00,CCGT_2,0
2030,sc01,11-30 23:00:00+01:00,CCGT_1,0
2030,sc01,11-30 23:00:00+01:00,CCGT_3,0
2030,sc01,12-05 00:00:00+01:00,CCGT_2,0
2030,sc01,12-05 00:00:00+01:00,CCGT_1,0
2030,sc01,12-05 00:00:00+01:00,CCGT_3,0
2030,sc01,12-05 01:00:00+01:00,CCGT_2,0
2030,sc01,12-05 01:00:00+01:00,CCGT_1,0
2030,sc01,12-05 01:00:00+01:00,CCGT_3,0
2030,sc01,12-05 02:00:00+01:00,CCGT_2,0
2030,sc01,12-05 02:00:00+01:00,CCGT_1,0
2030,sc01,12-05 02:00:00+01:00,CCGT_3,0
2030,sc01,12-05 03:00:00+01:00,CCGT_2,0
2030,sc01,12-05 03:00:00+01:00,CCGT_1,0
2030,sc01,12-05 03:00:00+01:00,CCGT_3,0
2030,sc01,12-05 04:00:00+01:00,CCGT_2,0
2030,sc01,12-05 04:00:00+01:00,CCGT_1,0
2030,sc01,12-05 04:00:00+01:00,CCGT_3,0
2030,sc01,12-05 05:00:00+01:00,CCGT_2,0
2030,sc01,12-05 05:00:00+01:00,CCGT_1,0
2030,sc01,12-05 05:00:00+01:00,CCGT_3,0
2030,sc01,12-05 06:00:00+01:00,CCGT_2,0
2030,sc01,12-05 06:00:00+01:00,CCGT_1,0
2030,sc01,12-05 06:00:00+01:00,CCGT_3,0
2030,sc01,12-05 07:00:00+01:00,CCGT_2,0
2030,sc01,12-05 07:00:00+01:00,CCGT_1,0
2030,sc01,12-05 07:00:00+01:00,CCGT_3,0
2030,sc01,12-05 08:00:00+01:00,CCGT_2,0
2030,sc01,12-05 08:00:00+01:00,CCGT_1,0
2030,sc01,12-05 08:00:00+01:00,CCGT_3,0
2030,sc01,12-05 09:00:00+01:00,CCGT_2,0
2030,sc01,12-05 09:00:00+01:00,CCGT_1,0
2030,sc01,12-05 09:00:00+01:00,CCGT_3,0
2030,sc01,12-05 10:00:00+01:00,CCGT_2,0
2030,sc01,12-05 10:00:00+01:00,CCGT_1,0
2030,sc01,12-05 10:00:00+01:00,CCGT_3,0
2030,sc01,12-05 11:00:00+01:00,CCGT_2,0
2030,sc01,12-05 11:00:00+01:00,CCGT_1,0
2030,sc01,12-05 11:00:00+01:00,CCGT_3,0
2030,sc01,12-05 12:00:00+01:00,CCGT_2,0
2030,sc01,12-05 12:00:00+01:00,CCGT_1,0
2030,sc01,12-05 12:00:00+01:00,CCGT_3,0
2030,sc01,12-05 13:00:00+01:00,CCGT_2,0
2030,sc01,12-05 13:00:00+01:00,CCGT_1,0
2030,sc01,12-05 13:00:00+01:00,CCGT_3,0
2030,sc01,12-05 14:00:00+01:00,CCGT_2,0
2030,sc01,12-05 14:00:00+01:00,CCGT_1,0
2030,sc01,12-05 14:00:00+01:00,CCGT_3,0
2030,sc01,12-05 15:00:00+01:00,CCGT_2,0
2030,sc01,12-05 15:00:00+01:00,CCGT_1,0
2030,sc01,12-05 15:00:00+01:00,CCGT_3,0
2030,sc01,12-05 16:00:00+01:00,CCGT_2,0
2030,sc01,12-05 16:00:00+01:00,CCGT_1,0
2030,sc01,12-05 16:00:00+01:00,CCGT_3,0
2030,sc01,12-05 17:00:00+01:00,CCGT_2,0
2030,sc01,12-05 17:00:00+01:00,CCGT_1,0
2030,sc01,12-05 17:00:00+01:00,CCGT_3,0
2030,sc01,12-05 18:00:00+01:00,CCGT_2,0
2030,sc01,12-05 18:00:00+01:00,CCGT_1,0
2030,sc01,12-05 18:00:00+01:00,CCGT_3,0
2030,sc01,12-05 19:00:00+01:00,CCGT_2,0
2030,sc01,12-05 19:00:00+01:00,CCGT_1,0
2030,sc01,12-05 19:00:00+01:00,CCGT_3,0
2030,sc01,12-05 20:00:00+01:00,CCGT_2,0
2030,sc01,12-05 20:00:00+01:00,CCGT_1,0
2030,sc01,12-05 20:00:00+01:00,CCGT_3,0
2030,sc01,12-05 21:00:00+01:00,CCGT_2,0
2030,sc01,12-05 21:00:00+01:00,CCGT_1,0
2030,sc01,12-05 21:00:00+01:00,CCGT_3,0
2030,sc01,12-05 22:00:00+01:00,CCGT_2,0
2030,sc01,12-05 22:00:00+01:00,CCGT_1,0
2030,sc01,12-05 22:00:00+01:00,CCGT_3,0
2030,sc01,12-05 23:00:00+01:00,CCGT_2,0
2030,sc01,12-05 23:00:00+01:00,CCGT_1,0
2030,sc01,12-05 23:00:00+01:00,CCGT_3,0
2030,sc01,12-09 00:00:00+01:00,CCGT_2,0
2030,sc01,12-09 00:00:00+01:00,CCGT_1,0
2030,sc01,12-09 00:00:00+01:00,CCGT_3,0
2030,sc01,12-09 01:00:00+01:00,CCGT_2,0
2030,sc01,12-09 01:00:00+01:00,CCGT_1,0
2030,sc01,12-09 01:00:00+01:00,CCGT_3,0
2030,sc01,12-09 02:00:00+01:00,CCGT_2,0
2030,sc01,12-09 02:00:00+01:00,CCGT_1,0
2030,sc01,12-09 02:00:00+01:00,CCGT_3,0
2030,sc01,12-09 03:00:00+01:00,CCGT_2,0
2030,sc01,12-09 03:00:00+01:00,CCGT_1,0
2030,sc01,12-09 03:00:00+01:00,CCGT_3,0
2030,sc01,12-09 04:00:00+01:00,CCGT_2,0
2030,sc01,12-09 04:00:00+01:00,CCGT_1,0
2030,sc01,12-09 04:00:00+01:00,CCGT_3,0
2030,sc01,12-09 05:00:00+01:00,CCGT_2,0
2030,sc01,12-09 05:00:00+01:00,CCGT_1,0
2030,sc01,12-09 05:00:00+01:00,CCGT_3,0
2030,sc01,12-09 06:00:00+01:00,CCGT_2,0
2030,sc01,12-09 06:00:00+01:00,CCGT_1,0
2030,sc01,12-09 06:00:00+01:00,CCGT_3,0
2030,sc01,12-09 07:00:00+01:00,CCGT_2,0
2030,sc01,12-09 07:00:00+01:00,CCGT_1,0
2030,sc01,12-09 07:00:00+01:00,CCGT_3,0
2030,sc01,12-09 08:00:00+01:00,CCGT_2,0
2030,sc01,12-09 08:00:00+01:00,CCGT_1,0
2030,sc01,12-09 08:00:00+01:00,CCGT_3,0
2030,sc01,12-09 09:00:00+01:00,CCGT_2,0
2030,sc01,12-09 09:00:00+01:00,CCGT_1,0
2030,sc01,12-09 09:00:00+01:00,CCGT_3,0
2030,sc01,12-09 10:00:00+01:00,CCGT_2,0
2030,sc01,12-09 10:00:00+01:00,CCGT_1,0
2030,sc01,12-09 10:00:00+01:00,CCGT_3,0
2030,sc01,12-09 11:00:00+01:00,CCGT_2,0
2030,sc01,12-09 11:00:00+01:00,CCGT_1,0
2030,sc01,12-09 11:00:00+01:00,CCGT_3,0
2030,sc01,12-09 12:00:00+01:00,CCGT_2,0
2030,sc01,12-09 12:00:00+01:00,CCGT_1,0
2030,sc01,12-09 12:00:00+01:00,CCGT_3,0
2030,sc01,12-09 13:00:00+01:00,CCGT_2,0
2030,sc01,12-09 13:00:00+01:00,CCGT_1,0
2030,sc01,12-09 13:00:00+01:00,CCGT_3,0
2030,sc01,12-09 14:00:00+01:00,CCGT_2,0
2030,sc01,12-09 14:00:00+01:00,CCGT_1,0
2030,sc01,12-09 14:00:00+01:00,CCGT_3,0
2030,sc01,12-09 15:00:00+01:00,CCGT_2,0
2030,sc01,12-09 15:00:00+01:00,CCGT_1,0
2030,sc01,12-09 15:00:00+01:00,CCGT_3,0
2030,sc01,12-09 16:00:00+01:00,CCGT_2,0
2030,sc01,12-09 16:00:00+01:00,CCGT_1,0
2030,sc01,12-09 16:00:00+01:00,CCGT_3,0
2030,sc01,12-09 17:00:00+01:00,CCGT_2,0
2030,sc01,12-09 17:00:00+01:00,CCGT_1,0
2030,sc01,12-09 17:00:00+01:00,CCGT_3,0
2030,sc01,12-09 18:00:00+01:00,CCGT_2,0
2030,sc01,12-09 18:00:00+01:00,CCGT_1,0
2030,sc01,12-09 18:00:00+01:00,CCGT_3,0
2030,sc01,12-09 19:00:00+01:00,CCGT_2,0
2030,sc01,12-09 19:00:00+01:00,CCGT_1,0
2030,sc01,12-09 19:00:00+01:00,CCGT_3,0
2030,sc01,12-09 20:00:00+01:00,CCGT_2,0
2030,sc01,12-09 20:00:00+01:00,CCGT_1,0
2030,sc01,12-09 20:00:00+01:00,CCGT_3,0
2030,sc01,12-09 21:00:00+01:00,CCGT_2,0
2030,sc01,12-09 21:00:00+01:00,CCGT_1,0
2030,sc01,12-09 21:00:00+01:00,CCGT_3,0
2030,sc01,12-09 22:00:00+01:00,CCGT_2,0
2030,sc01,12-09 22:00:00+01:00,CCGT_1,0
2030,sc01,12-09 22:00:00+01:00,CCGT_3,0
2030,sc01,12-09 23:00:00+01:00,CCGT_2,0
2030,sc01,12-09 23:00:00+01:00,CCGT_1,0
2030,sc01,12-09 23:00:00+01:00,CCGT_3,0
2030,sc01,12-10 00:00:00+01:00,CCGT_2,0
2030,sc01,12-10 00:00:00+01:00,CCGT_1,0
2030,sc01,12-10 00:00:00+01:00,CCGT_3,0
2030,sc01,12-10 01:00:00+01:00,CCGT_2,0
2030,sc01,12-10 01:00:00+01:00,CCGT_1,0
2030,sc01,12-10 01:00:00+01:00,CCGT_3,0
2030,sc01,12-10 02:00:00+01:00,CCGT_2,0
2030,sc01,12-10 02:00:00+01:00,CCGT_1,0
2030,sc01,12-10 02:00:00+01:00,CCGT_3,0
2030,sc01,12-10 03:00:00+01:00,CCGT_2,0
2030,sc01,12-10 03:00:00+01:00,CCGT_1,0
2030,sc01,12-10 03:00:00+01:00,CCGT_3,0
2030,sc01,12-10 04:00:00+01:00,CCGT_2,0
2030,sc01,12-10 04:00:00+01:00,CCGT_1,0
2030,sc01,12-10 04:00:00+01:00,CCGT_3,0
2030,sc01,12-10 05:00:00+01:00,CCGT_2,0
2030,sc01,12-10 05:00:00+01:00,CCGT_1,0
2030,sc01,12-10 05:00:00+01:00,CCGT_3,0
2030,sc01,12-10 06:00:00+01:00,CCGT_2,0
2030,sc01,12-10 06:00:00+01:00,CCGT_1,0
2030,sc01,12-10 06:00:00+01:00,CCGT_3,0
2030,sc01,12-10 07:00:00+01:00,CCGT_2,0
2030,sc01,12-10 07:00:00+01:00,CCGT_1,0
2030,sc01,12-10 07:00:00+01:00,CCGT_3,0
2030,sc01,12-10 08:00:00+01:00,CCGT_2,0
2030,sc01,12-10 08:00:00+01:00,CCGT_1,0
2030,sc01,12-10 08:00:00+01:00,CCGT_3,0
2030,sc01,12-10 09:00:00+01:00,CCGT_2,0
2030,sc01,12-10 09:00:00+01:00,CCGT_1,0
2030,sc01,12-10 09:00:00+01:00,CCGT_3,0
2030,sc01,12-10 10:00:00+01:00,CCGT_2,0
2030,sc01,12-10 10:00:00+01:00,CCGT_1,0
2030,sc01,12-10 10:00:00+01:00,CCGT_3,0
2030,sc01,12-10 11:00:00+01:00,CCGT_2,0
2030,sc01,12-10 11:00:00+01:00,CCGT_1,0
2030,sc01,12-10 11:00:00+01:00,CCGT_3,0
2030,sc01,12-10 12:00:00+01:00,CCGT_2,0
2030,sc01,12-10 12:00:00+01:00,CCGT_1,0
2030,sc01,12-10 12:00:00+01:00,CCGT_3,0
2030,sc01,12-10 13:00:00+01:00,CCGT_2,0
2030,sc01,12-10 13:00:00+01:00,CCGT_1,0
2030,sc01,12-10 13:00:00+01:00,CCGT_3,0
2030,sc01,12-10 14:00:00+01:00,CCGT_2,0
2030,sc01,12-10 14:00:00+01:00,CCGT_1,0
2030,sc01,12-10 14:00:00+01:00,CCGT_3,0
2030,sc01,12-10 15:00:00+01:00,CCGT_2,0
2030,sc01,12-10 15:00:00+01:00,CCGT_1,0
2030,sc01,12-10 15:00:00+01:00,CCGT_3,0
2030,sc01,12-10 16:00:00+01:00,CCGT_2,0
2030,sc01,12-10 16:00:00+01:00,CCGT_1,0
2030,sc01,12-10 16:00:00+01:00,CCGT_3,0
2030,sc01,12-10 17:00:00+01:00,CCGT_2,0
2030,sc01,12-10 17:00:00+01:00,CCGT_1,0
2030,sc01,12-10 17:00:00+01:00,CCGT_3,0
2030,sc01,12-10 18:00:00+01:00,CCGT_2,0
2030,sc01,12-10 18:00:00+01:00,CCGT_1,0
2030,sc01,12-10 18:00:00+01:00,CCGT_3,0
2030,sc01,12-10 19:00:00+01:00,CCGT_2,0
2030,sc01,12-10 19:00:00+01:00,CCGT_1,0
2030,sc01,12-10 19:00:00+01:00,CCGT_3,0
2030,sc01,12-10 20:00:00+01:00,CCGT_2,0
2030,sc01,12-10 20:00:00+01:00,CCGT_1,0
2030,sc01,12-10 20:00:00+01:00,CCGT_3,0
2030,sc01,12-10 21:00:00+01:00,CCGT_2,0
2030,sc01,12-10 21:00:00+01:00,CCGT_1,0
2030,sc01,12-10 21:00:00+01:00,CCGT_3,0
2030,sc01,12-10 22:00:00+01:00,CCGT_2,0
2030,sc01,12-10 22:00:00+01:00,CCGT_1,0
2030,sc01,12-10 22:00:00+01:00,CCGT_3,0
2030,sc01,12-10 23:00:00+01:00,CCGT_2,0
2030,sc01,12-10 23:00:00+01:00,CCGT_1,0
2030,sc01,12-10 23:00:00+01:00,CCGT_3,0
2030,sc01,12-23 00:00:00+01:00,CCGT_2,0
2030,sc01,12-23 00:00:00+01:00,CCGT_1,0
2030,sc01,12-23 00:00:00+01:00,CCGT_3,0
2030,sc01,12-23 01:00:00+01:00,CCGT_2,0
2030,sc01,12-23 01:00:00+01:00,CCGT_1,0
2030,sc01,12-23 01:00:00+01:00,CCGT_3,0
2030,sc01,12-23 02:00:00+01:00,CCGT_2,0
2030,sc01,12-23 02:00:00+01:00,CCGT_1,0
2030,sc01,12-23 02:00:00+01:00,CCGT_3,0
2030,sc01,12-23 03:00:00+01:00,CCGT_2,0
2030,sc01,12-23 03:00:00+01:00,CCGT_1,0
2030,sc01,12-23 03:00:00+01:00,CCGT_3,0
2030,sc01,12-23 04:00:00+01:00,CCGT_2,0
2030,sc01,12-23 04:00:00+01:00,CCGT_1,0
2030,sc01,12-23 04:00:00+01:00,CCGT_3,0
2030,sc01,12-23 05:00:00+01:00,CCGT_2,0
2030,sc01,12-23 05:00:00+01:00,CCGT_1,0
2030,sc01,12-23 05:00:00+01:00,CCGT_3,0
2030,sc01,12-23 06:00:00+01:00,CCGT_2,0
2030,sc01,12-23 06:00:00+01:00,CCGT_1,0
2030,sc01,12-23 06:00:00+01:00,CCGT_3,0
2030,sc01,12-23 07:00:00+01:00,CCGT_2,0
2030,sc01,12-23 07:00:00+01:00,CCGT_1,0
2030,sc01,12-23 07:00:00+01:00,CCGT_3,0
2030,sc01,12-23 08:00:00+01:00,CCGT_2,0
2030,sc01,12-23 08:00:00+01:00,CCGT_1,0
2030,sc01,12-23 08:00:00+01:00,CCGT_3,0
2030,sc01,12-23 09:00:00+01:00,CCGT_2,0
2030,sc01,12-23 09:00:00+01:00,CCGT_1,0
2030,sc01,12-23 09:00:00+01:00,CCGT_3,0
2030,sc01,12-23 10:00:00+01:00,CCGT_2,0
2030,sc01,12-23 10:00:00+01:00,CCGT_1,0
2030,sc01,12-23 10:00:00+01:00,CCGT_3,0
2030,sc01,12-23 11:00:00+01:00,CCGT_2,0
2030,sc01,12-23 11:00:00+01:00,CCGT_1,0
2030,sc01,12-23 11:00:00+01:00,CCGT_3,0
2030,sc01,12-23 12:00:00+01:00,CCGT_2,0
2030,sc01,12-23 12:00:00+01:00,CCGT_1,0
2030,sc01,12-23 12:00:00+01:00,CCGT_3,0
2030,sc01,12-23 13:00:00+01:00,CCGT_2,0
2030,sc01,12-23 13:00:00+01:00,CCGT_1,0
2030,sc01,12-23 13:00:00+01:00,CCGT_3,0
2030,sc01,12-23 14:00:00+01:00,CCGT_2,0
2030,sc01,12-23 14:00:00+01:00,CCGT_1,0
2030,sc01,12-23 14:00:00+01:00,CCGT_3,0
2030,sc01,12-23 15:00:00+01:00,CCGT_2,0
2030,sc01,12-23 15:00:00+01:00,CCGT_1,0
2030,sc01,12-23 15:00:00+01:00,CCGT_3,0
2030,sc01,12-23 16:00:00+01:00,CCGT_2,0
2030,sc01,12-23 16:00:00+01:00,CCGT_1,0
2030,sc01,12-23 16:00:00+01:00,CCGT_3,0
2030,sc01,12-23 17:00:00+01:00,CCGT_2,0
2030,sc01,12-23 17:00:00+01:00,CCGT_1,0
2030,sc01,12-23 17:00:00+01:00,CCGT_3,0
2030,sc01,12-23 18:00:00+01:00,CCGT_2,0
2030,sc01,12-23 18:00:00+01:00,CCGT_1,0
2030,sc01,12-23 18:00:00+01:00,CCGT_3,0
2030,sc01,12-23 19:00:00+01:00,CCGT_2,0
2030,sc01,12-23 19:00:00+01:00,CCGT_1,0
2030,sc01,12-23 19:00:00+01:00,CCGT_3,0
2030,sc01,12-23 20:00:00+01:00,CCGT_2,0
2030,sc01,12-23 20:00:00+01:00,CCGT_1,0
2030,sc01,12-23 20:00:00+01:00,CCGT_3,0
2030,sc01,12-23 21:00:00+01:00,CCGT_2,0
2030,sc01,12-23 21:00:00+01:00,CCGT_1,0
2030,sc01,12-23 21:00:00+01:00,CCGT_3,0
2030,sc01,12-23 22:00:00+01:00,CCGT_2,0
2030,sc01,12-23 22:00:00+01:00,CCGT_1,0
2030,sc01,12-23 22:00:00+01:00,CCGT_3,0
2030,sc01,12-23 23:00:00+01:00,CCGT_2,0
2030,sc01,12-23 23:00:00+01:00,CCGT_1,0
2030,sc01,12-23 23:00:00+01:00,CCGT_3,0
