,,,101_CT_1,101_CT_2,101_STEAM_3,101_STEAM_4,102_CT_1,102_CT_2,102_STEAM_3,102_STEAM_4,107_CC_1,113_CT_1,113_CT_2,113_CT_3,113_CT_4,115_STEAM_1,115_STEAM_2,115_STEAM_3,116_STEAM_1,118_CC_1,123_STEAM_2,123_STEAM_3,123_CT_1,123_CT_4,123_CT_5,114_SYNC_COND_1,121_NUCLEAR_1,122_HYDRO_1,122_HYDRO_2,122_HYDRO_3,122_HYDRO_4,122_HYDRO_5,122_HYDRO_6,113_PV_1,102_PV_1,101_PV_1,102_PV_2,104_PV_1,101_PV_2,101_PV_3,101_PV_4,103_PV_1,119_PV_1,118_RTPV_1,118_RTPV_2,118_RTPV_3,118_RTPV_4,118_RTPV_5,118_RTPV_6,118_RTPV_7,118_RTPV_8,118_RTPV_9,118_RTPV_10,122_WIND_1,109_BATTERY_1,110_BATTERY_1,111_BATTERY_1,112_BATTERY_1,121_BATTERY_1,107_BATTERY_1,113_BATTERY_1,123_BATTERY_1
2030,sc01,01-01 00:00:00+01:00,,,,,,,,,,,,,,,,,,,,,,,,,,19.65333333333333,19.65333333333333,19.65333333333333,19.65333333333333,19.65333333333333,19.65333333333333,,,,,,,,,,,,,,,,,,,,,,,,,,,,,
2030,sc01,01-01 02:00:00+01:00,,,,,,,,,,,,,,,,,,,,,,,,,,19.53333333333333,19.53333333333333,19.53333333333333,19.53333333333333,19.53333333333333,19.53333333333333,,,,,,,,,,,,,,,,,,,,,,,,,,,,,
2030,sc01,01-01 09:00:00+01:00,,,,,,,,,,,,,,,,,,,,,,,,,,20.47,20.47,20.47,20.47,20.47,20.47,,,,,,,,,,,,,,,,,,,,,,,,,,,,,
2030,sc01,01-01 17:00:00+01:00,,,,,,,,,,,,,,,,,,,,,,,,,,20.276666666666664,20.276666666666664,20.276666666666664,20.276666666666664,20.276666666666664,20.276666666666664,,,,,,,,,,,,,,,,,,,,,,,,,,,,,
2030,sc01,01-01 20:00:00+01:00,,,,,,,,,,,,,,,,,,,,,,,,,,22.293333333333333,22.293333333333333,22.293333333333333,22.293333333333333,22.293333333333333,22.293333333333333,,,,,,,,,,,,,,,,,,,,,,,,,,,,,
2030,sc01,01-02 06:00:00+01:00,,,,,,,,,,,,,,,,,,,,,,,,,,22.05,22.05,22.05,22.05,22.05,22.05,,,,,,,,,,,,,,,,,,,,,,,,,,,,,
2030,sc01,01-02 09:00:00+01:00,,,,,,,,,,,,,,,,,,,,,,,,,,21.83,21.83,21.83,21.83,21.83,21.83,,,,,,,,,,,,,,,,,,,,,,,,,,,,,
2030,sc01,01-02 10:00:00+01:00,,,,,,,,,,,,,,,,,,,,,,,,,,22.52,22.52,22.52,22.52,22.52,22.52,,,,,,,,,,,,,,,,,,,,,,,,,,,,,
2030,sc01,01-02 14:00:00+01:00,,,,,,,,,,,,,,,,,,,,,,,,,,21.07333333333333,21.07333333333333,21.07333333333333,21.07333333333333,21.07333333333333,21.07333333333333,,,,,,,,,,,,,,,,,,,,,,,,,,,,,
2030,sc01,01-02 18:00:00+01:00,,,,,,,,,,,,,,,,,,,,,,,,,,19.32,19.32,19.32,19.32,19.32,19.32,,,,,,,,,,,,,,,,,,,,,,,,,,,,,
2030,sc01,01-02 22:00:00+01:00,,,,,,,,,,,,,,,,,,,,,,,,,,19.01,19.01,19.01,19.01,19.01,19.01,,,,,,,,,,,,,,,,,,,,,,,,,,,,,
2030,sc01,01-03 01:00:00+01:00,,,,,,,,,,,,,,,,,,,,,,,,,,18.81,18.81,18.81,18.81,18.81,18.81,,,,,,,,,,,,,,,,,,,,,,,,,,,,,
2030,sc01,01-03 06:00:00+01:00,,,,,,,,,,,,,,,,,,,,,,,,,,19.666666666666668,19.666666666666668,19.666666666666668,19.666666666666668,19.666666666666668,19.666666666666668,,,,,,,,,,,,,,,,,,,,,,,,,,,,,
2030,sc01,01-03 07:00:00+01:00,,,,,,,,,,,,,,,,,,,,,,,,,,20.183333333333334,20.183333333333334,20.183333333333334,20.183333333333334,20.183333333333334,20.183333333333334,,,,,,,,,,,,,,,,,,,,,,,,,,,,,
2030,sc01,01-03 16:00:00+01:00,,,,,,,,,,,,,,,,,,,,,,,,,,21.15666666666667,21.15666666666667,21.15666666666667,21.15666666666667,21.15666666666667,21.15666666666667,,,,,,,,,,,,,,,,,,,,,,,,,,,,,
2030,sc01,01-03 17:00:00+01:00,,,,,,,,,,,,,,,,,,,,,,,,,,21.616666666666667,21.616666666666667,21.616666666666667,21.616666666666667,21.616666666666667,21.616666666666667,,,,,,,,,,,,,,,,,,,,,,,,,,,,,
2030,sc01,01-03 19:00:00+01:00,,,,,,,,,,,,,,,,,,,,,,,,,,23.4,23.4,23.4,23.4,23.4,23.4,,,,,,,,,,,,,,,,,,,,,,,,,,,,,
2030,sc01,01-04 00:00:00+01:00,,,,,,,,,,,,,,,,,,,,,,,,,,24.433333333333334,24.433333333333334,24.433333333333334,24.433333333333334,24.433333333333334,24.433333333333334,,,,,,,,,,,,,,,,,,,,,,,,,,,,,
2030,sc01,01-04 02:00:00+01:00,,,,,,,,,,,,,,,,,,,,,,,,,,24.69,24.69,24.69,24.69,24.69,24.69,,,,,,,,,,,,,,,,,,,,,,,,,,,,,
2030,sc01,01-04 06:00:00+01:00,,,,,,,,,,,,,,,,,,,,,,,,,,24.58333333333333,24.58333333333333,24.58333333333333,24.58333333333333,24.58333333333333,24.58333333333333,,,,,,,,,,,,,,,,,,,,,,,,,,,,,
2030,sc01,01-04 10:00:00+01:00,,,,,,,,,,,,,,,,,,,,,,,,,,24.62333333333333,24.62333333333333,24.62333333333333,24.62333333333333,24.62333333333333,24.62333333333333,,,,,,,,,,,,,,,,,,,,,,,,,,,,,
2030,sc01,01-04 16:00:00+01:00,,,,,,,,,,,,,,,,,,,,,,,,,,23.743333333333336,23.743333333333336,23.743333333333336,23.743333333333336,23.743333333333336,23.743333333333336,,,,,,,,,,,,,,,,,,,,,,,,,,,,,
2030,sc01,01-05 06:00:00+01:00,,,,,,,,,,,,,,,,,,,,,,,,,,21.996666666666663,21.996666666666663,21.996666666666663,21.996666666666663,21.996666666666663,21.996666666666663,,,,,,,,,,,,,,,,,,,,,,,,,,,,,
2030,sc01,01-05 07:00:00+01:00,,,,,,,,,,,,,,,,,,,,,,,,,,20.44333333333333,20.44333333333333,20.44333333333333,20.44333333333333,20.44333333333333,20.44333333333333,,,,,,,,,,,,,,,,,,,,,,,,,,,,,
2030,sc01,01-05 08:00:00+01:00,,,,,,,,,,,,,,,,,,,,,,,,,,20.966666666666665,20.966666666666665,20.966666666666665,20.966666666666665,20.966666666666665,20.966666666666665,,,,,,,,,,,,,,,,,,,,,,,,,,,,,
2030,sc01,01-05 10:00:00+01:00,,,,,,,,,,,,,,,,,,,,,,,,,,21.05666666666667,21.05666666666667,21.05666666666667,21.05666666666667,21.05666666666667,21.05666666666667,,,,,,,,,,,,,,,,,,,,,,,,,,,,,
2030,sc01,01-05 16:00:00+01:00,,,,,,,,,,,,,,,,,,,,,,,,,,21.14333333333333,21.14333333333333,21.14333333333333,21.14333333333333,21.14333333333333,21.14333333333333,,,,,,,,,,,,,,,,,,,,,,,,,,,,,
2030,sc01,01-05 19:00:00+01:00,,,,,,,,,,,,,,,,,,,,,,,,,,21.116666666666667,21.116666666666667,21.116666666666667,21.116666666666667,21.116666666666667,21.116666666666667,,,,,,,,,,,,,,,,,,,,,,,,,,,,,
2030,sc01,01-05 21:00:00+01:00,,,,,,,,,,,,,,,,,,,,,,,,,,22.9,22.9,22.9,22.9,22.9,22.9,,,,,,,,,,,,,,,,,,,,,,,,,,,,,
2030,sc01,01-05 23:00:00+01:00,,,,,,,,,,,,,,,,,,,,,,,,,,24.52,24.52,24.52,24.52,24.52,24.52,,,,,,,,,,,,,,,,,,,,,,,,,,,,,
2030,sc01,01-06 01:00:00+01:00,,,,,,,,,,,,,,,,,,,,,,,,,,24.52333333333333,24.52333333333333,24.52333333333333,24.52333333333333,24.52333333333333,24.52333333333333,,,,,,,,,,,,,,,,,,,,,,,,,,,,,
2030,sc01,01-06 02:00:00+01:00,,,,,,,,,,,,,,,,,,,,,,,,,,23.36,23.36,23.36,23.36,23.36,23.36,,,,,,,,,,,,,,,,,,,,,,,,,,,,,
2030,sc01,01-06 09:00:00+01:00,,,,,,,,,,,,,,,,,,,,,,,,,,23.36,23.36,23.36,23.36,23.36,23.36,,,,,,,,,,,,,,,,,,,,,,,,,,,,,
2030,sc01,01-07 06:00:00+01:00,,,,,,,,,,,,,,,,,,,,,,,,,,20.64333333333333,20.64333333333333,20.64333333333333,20.64333333333333,20.64333333333333,20.64333333333333,,,,,,,,,,,,,,,,,,,,,,,,,,,,,
2030,sc01,01-07 07:00:00+01:00,,,,,,,,,,,,,,,,,,,,,,,,,,20.42,20.42,20.42,20.42,20.42,20.42,,,,,,,,,,,,,,,,,,,,,,,,,,,,,
2030,sc01,01-07 08:00:00+01:00,,,,,,,,,,,,,,,,,,,,,,,,,,19.366666666666667,19.366666666666667,19.366666666666667,19.366666666666667,19.366666666666667,19.366666666666667,,,,,,,,,,,,,,,,,,,,,,,,,,,,,
2030,sc01,01-07 10:00:00+01:00,,,,,,,,,,,,,,,,,,,,,,,,,,19.85172413793104,19.85172413793104,19.85172413793104,19.85172413793104,19.85172413793104,19.85172413793104,,,,,,,,,,,,,,,,,,,,,,,,,,,,,
2030,sc01,01-07 16:00:00+01:00,,,,,,,,,,,,,,,,,,,,,,,,,,19.186206896551724,19.186206896551724,19.186206896551724,19.186206896551724,19.186206896551724,19.186206896551724,,,,,,,,,,,,,,,,,,,,,,,,,,,,,
2030,sc01,01-07 17:00:00+01:00,,,,,,,,,,,,,,,,,,,,,,,,,,20.389655172413796,20.389655172413796,20.389655172413796,20.389655172413796,20.389655172413796,20.389655172413796,,,,,,,,,,,,,,,,,,,,,,,,,,,,,
2030,sc01,01-07 18:00:00+01:00,,,,,,,,,,,,,,,,,,,,,,,,,,22.21034482758621,22.21034482758621,22.21034482758621,22.21034482758621,22.21034482758621,22.21034482758621,,,,,,,,,,,,,,,,,,,,,,,,,,,,,
2030,sc01,01-07 19:00:00+01:00,,,,,,,,,,,,,,,,,,,,,,,,,,23.141379310344828,23.141379310344828,23.141379310344828,23.141379310344828,23.141379310344828,23.141379310344828,,,,,,,,,,,,,,,,,,,,,,,,,,,,,
2030,sc01,01-07 20:00:00+01:00,,,,,,,,,,,,,,,,,,,,,,,,,,23.344827586206897,23.344827586206897,23.344827586206897,23.344827586206897,23.344827586206897,23.344827586206897,,,,,,,,,,,,,,,,,,,,,,,,,,,,,
2030,sc01,01-07 21:00:00+01:00,,,,,,,,,,,,,,,,,,,,,,,,,,23.517241379310345,23.517241379310345,23.517241379310345,23.517241379310345,23.517241379310345,23.517241379310345,,,,,,,,,,,,,,,,,,,,,,,,,,,,,
2030,sc01,01-07 23:00:00+01:00,,,,,,,,,,,,,,,,,,,,,,,,,,23.627586206896552,23.627586206896552,23.627586206896552,23.627586206896552,23.627586206896552,23.627586206896552,,,,,,,,,,,,,,,,,,,,,,,,,,,,,
2030,sc01,01-08 07:00:00+01:00,,,,,,,,,,,,,,,,,,,,,,,,,,22.85862068965517,22.85862068965517,22.85862068965517,22.85862068965517,22.85862068965517,22.85862068965517,,,,,,,,,,,,,,,,,,,,,,,,,,,,,
2030,sc01,01-08 08:00:00+01:00,,,,,,,,,,,,,,,,,,,,,,,,,,24.089655172413792,24.089655172413792,24.089655172413792,24.089655172413792,24.089655172413792,24.089655172413792,,,,,,,,,,,,,,,,,,,,,,,,,,,,,
2030,sc01,01-08 09:00:00+01:00,,,,,,,,,,,,,,,,,,,,,,,,,,21.47241379310345,21.47241379310345,21.47241379310345,21.47241379310345,21.47241379310345,21.47241379310345,,,,,,,,,,,,,,,,,,,,,,,,,,,,,
2030,sc01,01-08 16:00:00+01:00,,,,,,,,,,,,,,,,,,,,,,,,,,20.593103448275865,20.593103448275865,20.593103448275865,20.593103448275865,20.593103448275865,20.593103448275865,,,,,,,,,,,,,,,,,,,,,,,,,,,,,
2030,sc01,01-08 17:00:00+01:00,,,,,,,,,,,,,,,,,,,,,,,,,,21.41379310344828,21.41379310344828,21.41379310344828,21.41379310344828,21.41379310344828,21.41379310344828,,,,,,,,,,,,,,,,,,,,,,,,,,,,,
2030,sc01,01-08 18:00:00+01:00,,,,,,,,,,,,,,,,,,,,,,,,,,21.33793103448276,21.33793103448276,21.33793103448276,21.33793103448276,21.33793103448276,21.33793103448276,,,,,,,,,,,,,,,,,,,,,,,,,,,,,
2030,sc01,01-08 19:00:00+01:00,,,,,,,,,,,,,,,,,,,,,,,,,,21.46896551724138,21.46896551724138,21.46896551724138,21.46896551724138,21.46896551724138,21.46896551724138,,,,,,,,,,,,,,,,,,,,,,,,,,,,,
2030,sc01,01-08 20:00:00+01:00,,,,,,,,,,,,,,,,,,,,,,,,,,22.217241379310344,22.217241379310344,22.217241379310344,22.217241379310344,22.217241379310344,22.217241379310344,,,,,,,,,,,,,,,,,,,,,,,,,,,,,
2030,sc01,01-09 08:00:00+01:00,,,,,,,,,,,,,,,,,,,,,,,,,,24.46206896551724,24.46206896551724,24.46206896551724,24.46206896551724,24.46206896551724,24.46206896551724,,,,,,,,,,,,,,,,,,,,,,,,,,,,,
2030,sc01,01-09 09:00:00+01:00,,,,,,,,,,,,,,,,,,,,,,,,,,24.348275862068967,24.348275862068967,24.348275862068967,24.348275862068967,24.348275862068967,24.348275862068967,,,,,,,,,,,,,,,,,,,,,,,,,,,,,
2030,sc01,01-09 15:00:00+01:00,,,,,,,,,,,,,,,,,,,,,,,,,,23.803448275862067,23.803448275862067,23.803448275862067,23.803448275862067,23.803448275862067,23.803448275862067,,,,,,,,,,,,,,,,,,,,,,,,,,,,,
2030,sc01,01-09 19:00:00+01:00,,,,,,,,,,,,,,,,,,,,,,,,,,25.489655172413794,25.489655172413794,25.489655172413794,25.489655172413794,25.489655172413794,25.489655172413794,,,,,,,,,,,,,,,,,,,,,,,,,,,,,
2030,sc01,01-09 20:00:00+01:00,,,,,,,,,,,,,,,,,,,,,,,,,,23.79655172413793,23.79655172413793,23.79655172413793,23.79655172413793,23.79655172413793,23.79655172413793,,,,,,,,,,,,,,,,,,,,,,,,,,,,,
2030,sc01,01-10 09:00:00+01:00,,,,,,,,,,,,,,,,,,,,,,,,,,21.341379310344827,21.341379310344827,21.341379310344827,21.341379310344827,21.341379310344827,21.341379310344827,,,,,,,,,,,,,,,,,,,,,,,,,,,,,
2030,sc01,01-10 11:00:00+01:00,,,,,,,,,,,,,,,,,,,,,,,,,,19.51034482758621,19.51034482758621,19.51034482758621,19.51034482758621,19.51034482758621,19.51034482758621,,,,,,,,,,,,,,,,,,,,,,,,,,,,,
2030,sc01,01-10 14:00:00+01:00,,,,,,,,,,,,,,,,,,,,,,,,,,19.13103448275862,19.13103448275862,19.13103448275862,19.13103448275862,19.13103448275862,19.13103448275862,,,,,,,,,,,,,,,,,,,,,,,,,,,,,
2030,sc01,01-10 17:00:00+01:00,,,,,,,,,,,,,,,,,,,,,,,,,,19.71034482758621,19.71034482758621,19.71034482758621,19.71034482758621,19.71034482758621,19.71034482758621,,,,,,,,,,,,,,,,,,,,,,,,,,,,,
2030,sc01,01-10 19:00:00+01:00,,,,,,,,,,,,,,,,,,,,,,,,,,20.231034482758623,20.231034482758623,20.231034482758623,20.231034482758623,20.231034482758623,20.231034482758623,,,,,,,,,,,,,,,,,,,,,,,,,,,,,
2030,sc01,01-11 07:00:00+01:00,,,,,,,,,,,,,,,,,,,,,,,,,,21.889655172413796,21.889655172413796,21.889655172413796,21.889655172413796,21.889655172413796,21.889655172413796,,,,,,,,,,,,,,,,,,,,,,,,,,,,,
2030,sc01,01-11 08:00:00+01:00,,,,,,,,,,,,,,,,,,,,,,,,,,22.227586206896557,22.227586206896557,22.227586206896557,22.227586206896557,22.227586206896557,22.227586206896557,,,,,,,,,,,,,,,,,,,,,,,,,,,,,
2030,sc01,01-11 19:00:00+01:00,,,,,,,,,,,,,,,,,,,,,,,,,,22.92413793103448,22.92413793103448,22.92413793103448,22.92413793103448,22.92413793103448,22.92413793103448,,,,,,,,,,,,,,,,,,,,,,,,,,,,,
2030,sc01,01-12 18:00:00+01:00,,,,,,,,,,,,,,,,,,,,,,,,,,23.806896551724137,23.806896551724137,23.806896551724137,23.806896551724137,23.806896551724137,23.806896551724137,,,,,,,,,,,,,,,,,,,,,,,,,,,,,
2030,sc01,01-13 11:00:00+01:00,,,,,,,,,,,,,,,,,,,,,,,,,,23.648275862068967,23.648275862068967,23.648275862068967,23.648275862068967,23.648275862068967,23.648275862068967,,,,,,,,,,,,,,,,,,,,,,,,,,,,,
2030,sc01,01-13 15:00:00+01:00,,,,,,,,,,,,,,,,,,,,,,,,,,22.810344827586206,22.810344827586206,22.810344827586206,22.810344827586206,22.810344827586206,22.810344827586206,,,,,,,,,,,,,,,,,,,,,,,,,,,,,
2030,sc01,01-17 19:00:00+01:00,,,,,,,,,,,,,,,,,,,,,,,,,,22.75172413793103,22.75172413793103,22.75172413793103,22.75172413793103,22.75172413793103,22.75172413793103,,,,,,,,,,,,,,,,,,,,,,,,,,,,,
2030,sc01,01-19 10:00:00+01:00,,,,,,,,,,,,,,,,,,,,,,,,,,22.32758620689655,22.32758620689655,22.32758620689655,22.32758620689655,22.32758620689655,22.32758620689655,,,,,,,,,,,,,,,,,,,,,,,,,,,,,
2030,sc01,01-21 19:00:00+01:00,,,,,,,,,,,,,,,,,,,,,,,,,,21.217241379310344,21.217241379310344,21.217241379310344,21.217241379310344,21.217241379310344,21.217241379310344,,,,,,,,,,,,,,,,,,,,,,,,,,,,,
2030,sc01,01-22 08:00:00+01:00,,,,,,,,,,,,,,,,,,,,,,,,,,21.603448275862068,21.603448275862068,21.603448275862068,21.603448275862068,21.603448275862068,21.603448275862068,,,,,,,,,,,,,,,,,,,,,,,,,,,,,
2030,sc01,01-22 09:00:00+01:00,,,,,,,,,,,,,,,,,,,,,,,,,,21.441379310344825,21.441379310344825,21.441379310344825,21.441379310344825,21.441379310344825,21.441379310344825,,,,,,,,,,,,,,,,,,,,,,,,,,,,,
2030,sc01,01-22 10:00:00+01:00,,,,,,,,,,,,,,,,,,,,,,,,,,22.151724137931037,22.151724137931037,22.151724137931037,22.151724137931037,22.151724137931037,22.151724137931037,,,,,,,,,,,,,,,,,,,,,,,,,,,,,
2030,sc01,01-22 11:00:00+01:00,,,,,,,,,,,,,,,,,,,,,,,,,,21.986206896551725,21.986206896551725,21.986206896551725,21.986206896551725,21.986206896551725,21.986206896551725,,,,,,,,,,,,,,,,,,,,,,,,,,,,,
2030,sc01,01-22 15:00:00+01:00,,,,,,,,,,,,,,,,,,,,,,,,,,22.93448275862069,22.93448275862069,22.93448275862069,22.93448275862069,22.93448275862069,22.93448275862069,,,,,,,,,,,,,,,,,,,,,,,,,,,,,
2030,sc01,01-22 17:00:00+01:00,,,,,,,,,,,,,,,,,,,,,,,,,,23.731034482758623,23.731034482758623,23.731034482758623,23.731034482758623,23.731034482758623,23.731034482758623,,,,,,,,,,,,,,,,,,,,,,,,,,,,,
2030,sc01,01-22 19:00:00+01:00,,,,,,,,,,,,,,,,,,,,,,,,,,24.66896551724138,24.66896551724138,24.66896551724138,24.66896551724138,24.66896551724138,24.66896551724138,,,,,,,,,,,,,,,,,,,,,,,,,,,,,
2030,sc01,01-22 20:00:00+01:00,,,,,,,,,,,,,,,,,,,,,,,,,,24.193103448275863,24.193103448275863,24.193103448275863,24.193103448275863,24.193103448275863,24.193103448275863,,,,,,,,,,,,,,,,,,,,,,,,,,,,,
2030,sc01,01-23 08:00:00+01:00,,,,,,,,,,,,,,,,,,,,,,,,,,23.51034482758621,23.51034482758621,23.51034482758621,23.51034482758621,23.51034482758621,23.51034482758621,,,,,,,,,,,,,,,,,,,,,,,,,,,,,
2030,sc01,01-23 10:00:00+01:00,,,,,,,,,,,,,,,,,,,,,,,,,,22.906896551724135,22.906896551724135,22.906896551724135,22.906896551724135,22.906896551724135,22.906896551724135,,,,,,,,,,,,,,,,,,,,,,,,,,,,,
2030,sc01,01-23 20:00:00+01:00,,,,,,,,,,,,,,,,,,,,,,,,,,22.74137931034483,22.74137931034483,22.74137931034483,22.74137931034483,22.74137931034483,22.74137931034483,,,,,,,,,,,,,,,,,,,,,,,,,,,,,
2030,sc01,01-26 07:00:00+01:00,,,,,,,,,,,,,,,,,,,,,,,,,,20.85172413793104,20.85172413793104,20.85172413793104,20.85172413793104,20.85172413793104,20.85172413793104,,,,,,,,,,,,,,,,,,,,,,,,,,,,,
2030,sc01,01-29 20:00:00+01:00,,,,,,,,,,,,,,,,,,,,,,,,,,20.03448275862069,20.03448275862069,20.03448275862069,20.03448275862069,20.03448275862069,20.03448275862069,,,,,,,,,,,,,,,,,,,,,,,,,,,,,
2030,sc01,01-30 08:00:00+01:00,,,,,,,,,,,,,,,,,,,,,,,,,,20.46896551724138,20.46896551724138,20.46896551724138,20.46896551724138,20.46896551724138,20.46896551724138,,,,,,,,,,,,,,,,,,,,,,,,,,,,,
2030,sc01,01-30 09:00:00+01:00,,,,,,,,,,,,,,,,,,,,,,,,,,20.6,20.6,20.6,20.6,20.6,20.6,,,,,,,,,,,,,,,,,,,,,,,,,,,,,
2030,sc01,01-30 10:00:00+01:00,,,,,,,,,,,,,,,,,,,,,,,,,,21.47241379310345,21.47241379310345,21.47241379310345,21.47241379310345,21.47241379310345,21.47241379310345,,,,,,,,,,,,,,,,,,,,,,,,,,,,,
2030,sc01,01-30 18:00:00+01:00,,,,,,,,,,,,,,,,,,,,,,,,,,21.97241379310345,21.97241379310345,21.97241379310345,21.97241379310345,21.97241379310345,21.97241379310345,,,,,,,,,,,,,,,,,,,,,,,,,,,,,
2030,sc01,01-31 09:00:00+01:00,,,,,,,,,,,,,,,,,,,,,,,,,,23.31379310344828,23.31379310344828,23.31379310344828,23.31379310344828,23.31379310344828,23.31379310344828,,,,,,,,,,,,,,,,,,,,,,,,,,,,,
2030,sc01,02-03 10:00:00+01:00,,,,,,,,,,,,,,,,,,,,,,,,,,23.67586206896552,23.67586206896552,23.67586206896552,23.67586206896552,23.67586206896552,23.67586206896552,,,,,,,,,,,,,,,,,,,,,,,,,,,,,
2030,sc01,02-04 10:00:00+01:00,,,,,,,,,,,,,,,,,,,,,,,,,,24.3,24.3,24.3,24.3,24.3,24.3,,,,,,,,,,,,,,,,,,,,,,,,,,,,,
2030,sc01,02-07 13:00:00+01:00,,,,,,,,,,,,,,,,,,,,,,,,,,23.43103448275862,23.43103448275862,23.43103448275862,23.43103448275862,23.43103448275862,23.43103448275862,,,,,,,,,,,,,,,,,,,,,,,,,,,,,
2030,sc01,02-07 16:00:00+01:00,,,,,,,,,,,,,,,,,,,,,,,,,,22.158620689655173,22.158620689655173,22.158620689655173,22.158620689655173,22.158620689655173,22.158620689655173,,,,,,,,,,,,,,,,,,,,,,,,,,,,,
2030,sc01,02-08 00:00:00+01:00,,,,,,,,,,,,,,,,,,,,,,,,,,22.196551724137933,22.196551724137933,22.196551724137933,22.196551724137933,22.196551724137933,22.196551724137933,,,,,,,,,,,,,,,,,,,,,,,,,,,,,
2030,sc01,02-08 01:00:00+01:00,,,,,,,,,,,,,,,,,,,,,,,,,,20.9,20.9,20.9,20.9,20.9,20.9,,,,,,,,,,,,,,,,,,,,,,,,,,,,,
2030,sc01,02-08 07:00:00+01:00,,,,,,,,,,,,,,,,,,,,,,,,,,21.39655172413793,21.39655172413793,21.39655172413793,21.39655172413793,21.39655172413793,21.39655172413793,,,,,,,,,,,,,,,,,,,,,,,,,,,,,
2030,sc01,02-08 10:00:00+01:00,,,,,,,,,,,,,,,,,,,,,,,,,,20.424137931034487,20.424137931034487,20.424137931034487,20.424137931034487,20.424137931034487,20.424137931034487,,,,,,,,,,,,,,,,,,,,,,,,,,,,,
2030,sc01,02-08 18:00:00+01:00,,,,,,,,,,,,,,,,,,,,,,,,,,21.33448275862069,21.33448275862069,21.33448275862069,21.33448275862069,21.33448275862069,21.33448275862069,,,,,,,,,,,,,,,,,,,,,,,,,,,,,
2030,sc01,02-08 20:00:00+01:00,,,,,,,,,,,,,,,,,,,,,,,,,,21.579310344827583,21.579310344827583,21.579310344827583,21.579310344827583,21.579310344827583,21.579310344827583,,,,,,,,,,,,,,,,,,,,,,,,,,,,,
2030,sc01,02-09 09:00:00+01:00,,,,,,,,,,,,,,,,,,,,,,,,,,22.77586206896552,22.77586206896552,22.77586206896552,22.77586206896552,22.77586206896552,22.77586206896552,,,,,,,,,,,,,,,,,,,,,,,,,,,,,
2030,sc01,02-10 09:00:00+01:00,,,,,,,,,,,,,,,,,,,,,,,,,,22.920689655172417,22.920689655172417,22.920689655172417,22.920689655172417,22.920689655172417,22.920689655172417,,,,,,,,,,,,,,,,,,,,,,,,,,,,,
2030,sc01,02-14 11:00:00+01:00,,,,,,,,,,,,,,,,,,,,,,,,,,24.85862068965517,24.85862068965517,24.85862068965517,24.85862068965517,24.85862068965517,24.85862068965517,,,,,,,,,,,,,,,,,,,,,,,,,,,,,
2030,sc01,02-16 00:00:00+01:00,,,,,,,,,,,,,,,,,,,,,,,,,,24.26551724137931,24.26551724137931,24.26551724137931,24.26551724137931,24.26551724137931,24.26551724137931,,,,,,,,,,,,,,,,,,,,,,,,,,,,,
2030,sc01,02-16 02:00:00+01:00,,,,,,,,,,,,,,,,,,,,,,,,,,23.87241379310345,23.87241379310345,23.87241379310345,23.87241379310345,23.87241379310345,23.87241379310345,,,,,,,,,,,,,,,,,,,,,,,,,,,,,
2030,sc01,02-16 09:00:00+01:00,,,,,,,,,,,,,,,,,,,,,,,,,,21.33103448275862,21.33103448275862,21.33103448275862,21.33103448275862,21.33103448275862,21.33103448275862,,,,,,,,,,,,,,,,,,,,,,,,,,,,,
2030,sc01,02-16 10:00:00+01:00,,,,,,,,,,,,,,,,,,,,,,,,,,20.282758620689656,20.282758620689656,20.282758620689656,20.282758620689656,20.282758620689656,20.282758620689656,,,,,,,,,,,,,,,,,,,,,,,,,,,,,
2030,sc01,02-16 11:00:00+01:00,,,,,,,,,,,,,,,,,,,,,,,,,,19.4,19.4,19.4,19.4,19.4,19.4,,,,,,,,,,,,,,,,,,,,,,,,,,,,,
2030,sc01,02-16 13:00:00+01:00,,,,,,,,,,,,,,,,,,,,,,,,,,18.50689655172414,18.50689655172414,18.50689655172414,18.50689655172414,18.50689655172414,18.50689655172414,,,,,,,,,,,,,,,,,,,,,,,,,,,,,
2030,sc01,02-16 16:00:00+01:00,,,,,,,,,,,,,,,,,,,,,,,,,,19.200000000000003,19.200000000000003,19.200000000000003,19.200000000000003,19.200000000000003,19.200000000000003,,,,,,,,,,,,,,,,,,,,,,,,,,,,,
2030,sc01,02-17 08:00:00+01:00,,,,,,,,,,,,,,,,,,,,,,,,,,20.66896551724138,20.66896551724138,20.66896551724138,20.66896551724138,20.66896551724138,20.66896551724138,,,,,,,,,,,,,,,,,,,,,,,,,,,,,
2030,sc01,02-17 09:00:00+01:00,,,,,,,,,,,,,,,,,,,,,,,,,,21.2551724137931,21.2551724137931,21.2551724137931,21.2551724137931,21.2551724137931,21.2551724137931,,,,,,,,,,,,,,,,,,,,,,,,,,,,,
2030,sc01,02-18 09:00:00+01:00,,,,,,,,,,,,,,,,,,,,,,,,,,21.85862068965517,21.85862068965517,21.85862068965517,21.85862068965517,21.85862068965517,21.85862068965517,,,,,,,,,,,,,,,,,,,,,,,,,,,,,
2030,sc01,02-18 16:00:00+01:00,,,,,,,,,,,,,,,,,,,,,,,,,,22.2,22.2,22.2,22.2,22.2,22.2,,,,,,,,,,,,,,,,,,,,,,,,,,,,,
2030,sc01,02-18 17:00:00+01:00,,,,,,,,,,,,,,,,,,,,,,,,,,22.03448275862069,22.03448275862069,22.03448275862069,22.03448275862069,22.03448275862069,22.03448275862069,,,,,,,,,,,,,,,,,,,,,,,,,,,,,
2030,sc01,02-18 21:00:00+01:00,,,,,,,,,,,,,,,,,,,,,,,,,,23.403448275862072,23.403448275862072,23.403448275862072,23.403448275862072,23.403448275862072,23.403448275862072,,,,,,,,,,,,,,,,,,,,,,,,,,,,,
2030,sc01,02-19 11:00:00+01:00,,,,,,,,,,,,,,,,,,,,,,,,,,22.889655172413796,22.889655172413796,22.889655172413796,22.889655172413796,22.889655172413796,22.889655172413796,,,,,,,,,,,,,,,,,,,,,,,,,,,,,
2030,sc01,02-20 12:00:00+01:00,,,,,,,,,,,,,,,,,,,,,,,,,,21.906896551724135,21.906896551724135,21.906896551724135,21.906896551724135,21.906896551724135,21.906896551724135,,,,,,,,,,,,,,,,,,,,,,,,,,,,,
2030,sc01,02-21 15:00:00+01:00,,,,,,,,,,,,,,,,,,,,,,,,,,20.272413793103446,20.272413793103446,20.272413793103446,20.272413793103446,20.272413793103446,20.272413793103446,,,,,,,,,,,,,,,,,,,,,,,,,,,,,
2030,sc01,02-23 06:00:00+01:00,,,,,,,,,,,,,,,,,,,,,,,,,,19.517241379310345,19.517241379310345,19.517241379310345,19.517241379310345,19.517241379310345,19.517241379310345,,,,,,,,,,,,,,,,,,,,,,,,,,,,,
2030,sc01,02-26 15:00:00+01:00,,,,,,,,,,,,,,,,,,,,,,,,,,20.393103448275863,20.393103448275863,20.393103448275863,20.393103448275863,20.393103448275863,20.393103448275863,,,,,,,,,,,,,,,,,,,,,,,,,,,,,
2030,sc01,02-27 23:00:00+01:00,,,,,,,,,,,,,,,,,,,,,,,,,,20.910344827586208,20.910344827586208,20.910344827586208,20.910344827586208,20.910344827586208,20.910344827586208,,,,,,,,,,,,,,,,,,,,,,,,,,,,,
2030,sc01,02-28 07:00:00+01:00,,,,,,,,,,,,,,,,,,,,,,,,,,21.20689655172414,21.20689655172414,21.20689655172414,21.20689655172414,21.20689655172414,21.20689655172414,,,,,,,,,,,,,,,,,,,,,,,,,,,,,
2030,sc01,03-02 02:00:00+01:00,,,,,,,,,,,,,,,,,,,,,,,,,,21.844827586206897,21.844827586206897,21.844827586206897,21.844827586206897,21.844827586206897,21.844827586206897,,,,,,,,,,,,,,,,,,,,,,,,,,,,,
2030,sc01,03-02 10:00:00+01:00,,,,,,,,,,,,,,,,,,,,,,,,,,22.217241379310344,22.217241379310344,22.217241379310344,22.217241379310344,22.217241379310344,22.217241379310344,,,,,,,,,,,,,,,,,,,,,,,,,,,,,
2030,sc01,03-03 09:00:00+01:00,,,,,,,,,,,,,,,,,,,,,,,,,,22.85172413793104,22.85172413793104,22.85172413793104,22.85172413793104,22.85172413793104,22.85172413793104,,,,,,,,,,,,,,,,,,,,,,,,,,,,,
2030,sc01,03-04 01:00:00+01:00,,,,,,,,,,,,,,,,,,,,,,,,,,24.013793103448275,24.013793103448275,24.013793103448275,24.013793103448275,24.013793103448275,24.013793103448275,,,,,,,,,,,,,,,,,,,,,,,,,,,,,
2030,sc01,03-04 07:00:00+01:00,,,,,,,,,,,,,,,,,,,,,,,,,,24.689655172413797,24.689655172413797,24.689655172413797,24.689655172413797,24.689655172413797,24.689655172413797,,,,,,,,,,,,,,,,,,,,,,,,,,,,,
2030,sc01,03-09 13:00:00+01:00,,,,,,,,,,,,,,,,,,,,,,,,,,23.53793103448276,23.53793103448276,23.53793103448276,23.53793103448276,23.53793103448276,23.53793103448276,,,,,,,,,,,,,,,,,,,,,,,,,,,,,
2030,sc01,03-10 01:00:00+01:00,,,,,,,,,,,,,,,,,,,,,,,,,,22.99655172413793,22.99655172413793,22.99655172413793,22.99655172413793,22.99655172413793,22.99655172413793,,,,,,,,,,,,,,,,,,,,,,,,,,,,,
2030,sc01,03-10 22:00:00+01:00,,,,,,,,,,,,,,,,,,,,,,,,,,23.106896551724137,23.106896551724137,23.106896551724137,23.106896551724137,23.106896551724137,23.106896551724137,,,,,,,,,,,,,,,,,,,,,,,,,,,,,
2030,sc01,03-11 01:00:00+01:00,,,,,,,,,,,,,,,,,,,,,,,,,,21.04137931034483,21.04137931034483,21.04137931034483,21.04137931034483,21.04137931034483,21.04137931034483,,,,,,,,,,,,,,,,,,,,,,,,,,,,,
2030,sc01,03-11 14:00:00+01:00,,,,,,,,,,,,,,,,,,,,,,,,,,20.196551724137933,20.196551724137933,20.196551724137933,20.196551724137933,20.196551724137933,20.196551724137933,,,,,,,,,,,,,,,,,,,,,,,,,,,,,
2030,sc01,03-16 08:00:00+01:00,,,,,,,,,,,,,,,,,,,,,,,,,,20.8,20.8,20.8,20.8,20.8,20.8,,,,,,,,,,,,,,,,,,,,,,,,,,,,,
2030,sc01,03-21 11:00:00+01:00,,,,,,,,,,,,,,,,,,,,,,,,,,21.165517241379312,21.165517241379312,21.165517241379312,21.165517241379312,21.165517241379312,21.165517241379312,,,,,,,,,,,,,,,,,,,,,,,,,,,,,
2030,sc01,03-21 18:00:00+01:00,,,,,,,,,,,,,,,,,,,,,,,,,,21.658620689655173,21.658620689655173,21.658620689655173,21.658620689655173,21.658620689655173,21.658620689655173,,,,,,,,,,,,,,,,,,,,,,,,,,,,,
2030,sc01,03-22 15:00:00+01:00,,,,,,,,,,,,,,,,,,,,,,,,,,22.73448275862069,22.73448275862069,22.73448275862069,22.73448275862069,22.73448275862069,22.73448275862069,,,,,,,,,,,,,,,,,,,,,,,,,,,,,
2030,sc01,03-23 02:00:00+01:00,,,,,,,,,,,,,,,,,,,,,,,,,,23.41379310344828,23.41379310344828,23.41379310344828,23.41379310344828,23.41379310344828,23.41379310344828,,,,,,,,,,,,,,,,,,,,,,,,,,,,,
2030,sc01,03-23 07:00:00+01:00,,,,,,,,,,,,,,,,,,,,,,,,,,25.200000000000003,25.200000000000003,25.200000000000003,25.200000000000003,25.200000000000003,25.200000000000003,,,,,,,,,,,,,,,,,,,,,,,,,,,,,
2030,sc01,03-23 09:00:00+01:00,,,,,,,,,,,,,,,,,,,,,,,,,,23.886206896551727,23.886206896551727,23.886206896551727,23.886206896551727,23.886206896551727,23.886206896551727,,,,,,,,,,,,,,,,,,,,,,,,,,,,,
2030,sc01,03-23 10:00:00+01:00,,,,,,,,,,,,,,,,,,,,,,,,,,22.35862068965517,22.35862068965517,22.35862068965517,22.35862068965517,22.35862068965517,22.35862068965517,,,,,,,,,,,,,,,,,,,,,,,,,,,,,
2030,sc01,03-23 16:00:00+01:00,,,,,,,,,,,,,,,,,,,,,,,,,,22.2551724137931,22.2551724137931,22.2551724137931,22.2551724137931,22.2551724137931,22.2551724137931,,,,,,,,,,,,,,,,,,,,,,,,,,,,,
2030,sc01,03-24 03:00:00+01:00,,,,,,,,,,,,,,,,,,,,,,,,,,21.955172413793104,21.955172413793104,21.955172413793104,21.955172413793104,21.955172413793104,21.955172413793104,,,,,,,,,,,,,,,,,,,,,,,,,,,,,
2030,sc01,03-24 07:00:00+01:00,,,,,,,,,,,,,,,,,,,,,,,,,,21.53103448275862,21.53103448275862,21.53103448275862,21.53103448275862,21.53103448275862,21.53103448275862,,,,,,,,,,,,,,,,,,,,,,,,,,,,,
2030,sc01,03-24 11:00:00+01:00,,,,,,,,,,,,,,,,,,,,,,,,,,21.120689655172413,21.120689655172413,21.120689655172413,21.120689655172413,21.120689655172413,21.120689655172413,,,,,,,,,,,,,,,,,,,,,,,,,,,,,
2030,sc01,03-24 14:00:00+01:00,,,,,,,,,,,,,,,,,,,,,,,,,,21.641379310344828,21.641379310344828,21.641379310344828,21.641379310344828,21.641379310344828,21.641379310344828,,,,,,,,,,,,,,,,,,,,,,,,,,,,,
2030,sc01,03-25 14:00:00+01:00,,,,,,,,,,,,,,,,,,,,,,,,,,21.620689655172413,21.620689655172413,21.620689655172413,21.620689655172413,21.620689655172413,21.620689655172413,,,,,,,,,,,,,,,,,,,,,,,,,,,,,
2030,sc01,03-29 13:00:00+01:00,,,,,,,,,,,,,,,,,,,,,,,,,,22.093103448275865,22.093103448275865,22.093103448275865,22.093103448275865,22.093103448275865,22.093103448275865,,,,,,,,,,,,,,,,,,,,,,,,,,,,,
2030,sc01,03-29 15:00:00+01:00,,,,,,,,,,,,,,,,,,,,,,,,,,22.77586206896552,22.77586206896552,22.77586206896552,22.77586206896552,22.77586206896552,22.77586206896552,,,,,,,,,,,,,,,,,,,,,,,,,,,,,
2030,sc01,03-29 16:00:00+01:00,,,,,,,,,,,,,,,,,,,,,,,,,,23.03103448275862,23.03103448275862,23.03103448275862,23.03103448275862,23.03103448275862,23.03103448275862,,,,,,,,,,,,,,,,,,,,,,,,,,,,,
2030,sc01,03-29 17:00:00+01:00,,,,,,,,,,,,,,,,,,,,,,,,,,23.36896551724138,23.36896551724138,23.36896551724138,23.36896551724138,23.36896551724138,23.36896551724138,,,,,,,,,,,,,,,,,,,,,,,,,,,,,
2030,sc01,03-31 09:00:00+02:00,,,,,,,,,,,,,,,,,,,,,,,,,,23.79655172413793,23.79655172413793,23.79655172413793,23.79655172413793,23.79655172413793,23.79655172413793,,,,,,,,,,,,,,,,,,,,,,,,,,,,,
2030,sc01,04-01 10:00:00+02:00,,,,,,,,,,,,,,,,,,,,,,,,,,22.92413793103448,22.92413793103448,22.92413793103448,22.92413793103448,22.92413793103448,22.92413793103448,,,,,,,,,,,,,,,,,,,,,,,,,,,,,
2030,sc01,04-01 15:00:00+02:00,,,,,,,,,,,,,,,,,,,,,,,,,,21.28965517241379,21.28965517241379,21.28965517241379,21.28965517241379,21.28965517241379,21.28965517241379,,,,,,,,,,,,,,,,,,,,,,,,,,,,,
2030,sc01,04-04 16:00:00+02:00,,,,,,,,,,,,,,,,,,,,,,,,,,20.7551724137931,20.7551724137931,20.7551724137931,20.7551724137931,20.7551724137931,20.7551724137931,,,,,,,,,,,,,,,,,,,,,,,,,,,,,
2030,sc01,04-06 09:00:00+02:00,,,,,,,,,,,,,,,,,,,,,,,,,,21.20344827586207,21.20344827586207,21.20344827586207,21.20344827586207,21.20344827586207,21.20344827586207,,,,,,,,,,,,,,,,,,,,,,,,,,,,,
2030,sc01,04-06 19:00:00+02:00,,,,,,,,,,,,,,,,,,,,,,,,,,20.224137931034484,20.224137931034484,20.224137931034484,20.224137931034484,20.224137931034484,20.224137931034484,,,,,,,,,,,,,,,,,,,,,,,,,,,,,
2030,sc01,04-07 10:00:00+02:00,,,,,,,,,,,,,,,,,,,,,,,,,,22.106896551724137,22.106896551724137,22.106896551724137,22.106896551724137,22.106896551724137,22.106896551724137,,,,,,,,,,,,,,,,,,,,,,,,,,,,,
2030,sc01,04-08 16:00:00+02:00,,,,,,,,,,,,,,,,,,,,,,,,,,22.013793103448275,22.013793103448275,22.013793103448275,22.013793103448275,22.013793103448275,22.013793103448275,,,,,,,,,,,,,,,,,,,,,,,,,,,,,
2030,sc01,04-13 16:00:00+02:00,,,,,,,,,,,,,,,,,,,,,,,,,,22.56896551724138,22.56896551724138,22.56896551724138,22.56896551724138,22.56896551724138,22.56896551724138,,,,,,,,,,,,,,,,,,,,,,,,,,,,,
2030,sc01,04-18 23:00:00+02:00,,,,,,,,,,,,,,,,,,,,,,,,,,23.3,23.3,23.3,23.3,23.3,23.3,,,,,,,,,,,,,,,,,,,,,,,,,,,,,
2030,sc01,04-20 00:00:00+02:00,,,,,,,,,,,,,,,,,,,,,,,,,,24.67241379310345,24.67241379310345,24.67241379310345,24.67241379310345,24.67241379310345,24.67241379310345,,,,,,,,,,,,,,,,,,,,,,,,,,,,,
2030,sc01,04-20 01:00:00+02:00,,,,,,,,,,,,,,,,,,,,,,,,,,24.92413793103448,24.92413793103448,24.92413793103448,24.92413793103448,24.92413793103448,24.92413793103448,,,,,,,,,,,,,,,,,,,,,,,,,,,,,
2030,sc01,04-20 17:00:00+02:00,,,,,,,,,,,,,,,,,,,,,,,,,,24.40344827586207,24.40344827586207,24.40344827586207,24.40344827586207,24.40344827586207,24.40344827586207,,,,,,,,,,,,,,,,,,,,,,,,,,,,,
2030,sc01,04-21 08:00:00+02:00,,,,,,,,,,,,,,,,,,,,,,,,,,23.268965517241377,23.268965517241377,23.268965517241377,23.268965517241377,23.268965517241377,23.268965517241377,,,,,,,,,,,,,,,,,,,,,,,,,,,,,
2030,sc01,04-23 19:00:00+02:00,,,,,,,,,,,,,,,,,,,,,,,,,,22.41379310344828,22.41379310344828,22.41379310344828,22.41379310344828,22.41379310344828,22.41379310344828,,,,,,,,,,,,,,,,,,,,,,,,,,,,,
2030,sc01,04-27 09:00:00+02:00,,,,,,,,,,,,,,,,,,,,,,,,,,21.803448275862067,21.803448275862067,21.803448275862067,21.803448275862067,21.803448275862067,21.803448275862067,,,,,,,,,,,,,,,,,,,,,,,,,,,,,
2030,sc01,05-02 00:00:00+02:00,,,,,,,,,,,,,,,,,,,,,,,,,,21.52758620689655,21.52758620689655,21.52758620689655,21.52758620689655,21.52758620689655,21.52758620689655,,,,,,,,,,,,,,,,,,,,,,,,,,,,,
2030,sc01,05-05 11:00:00+02:00,,,,,,,,,,,,,,,,,,,,,,,,,,20.686206896551724,20.686206896551724,20.686206896551724,20.686206896551724,20.686206896551724,20.686206896551724,,,,,,,,,,,,,,,,,,,,,,,,,,,,,
2030,sc01,05-05 19:00:00+02:00,,,,,,,,,,,,,,,,,,,,,,,,,,20.310344827586206,20.310344827586206,20.310344827586206,20.310344827586206,20.310344827586206,20.310344827586206,,,,,,,,,,,,,,,,,,,,,,,,,,,,,
2030,sc01,05-10 11:00:00+02:00,,,,,,,,,,,,,,,,,,,,,,,,,,20.393103448275863,20.393103448275863,20.393103448275863,20.393103448275863,20.393103448275863,20.393103448275863,,,,,,,,,,,,,,,,,,,,,,,,,,,,,
2030,sc01,05-16 22:00:00+02:00,,,,,,,,,,,,,,,,,,,,,,,,,,21.05862068965517,21.05862068965517,21.05862068965517,21.05862068965517,21.05862068965517,21.05862068965517,,,,,,,,,,,,,,,,,,,,,,,,,,,,,
2030,sc01,05-18 09:00:00+02:00,,,,,,,,,,,,,,,,,,,,,,,,,,22.50689655172414,22.50689655172414,22.50689655172414,22.50689655172414,22.50689655172414,22.50689655172414,,,,,,,,,,,,,,,,,,,,,,,,,,,,,
2030,sc01,05-20 10:00:00+02:00,,,,,,,,,,,,,,,,,,,,,,,,,,21.810344827586206,21.810344827586206,21.810344827586206,21.810344827586206,21.810344827586206,21.810344827586206,,,,,,,,,,,,,,,,,,,,,,,,,,,,,
2030,sc01,05-22 21:00:00+02:00,,,,,,,,,,,,,,,,,,,,,,,,,,21.979310344827585,21.979310344827585,21.979310344827585,21.979310344827585,21.979310344827585,21.979310344827585,,,,,,,,,,,,,,,,,,,,,,,,,,,,,
2030,sc01,05-25 08:00:00+02:00,,,,,,,,,,,,,,,,,,,,,,,,,,22.21379310344828,22.21379310344828,22.21379310344828,22.21379310344828,22.21379310344828,22.21379310344828,,,,,,,,,,,,,,,,,,,,,,,,,,,,,
2030,sc01,05-28 09:00:00+02:00,,,,,,,,,,,,,,,,,,,,,,,,,,22.06551724137931,22.06551724137931,22.06551724137931,22.06551724137931,22.06551724137931,22.06551724137931,,,,,,,,,,,,,,,,,,,,,,,,,,,,,
2030,sc01,05-30 05:00:00+02:00,,,,,,,,,,,,,,,,,,,,,,,,,,19.66551724137931,19.66551724137931,19.66551724137931,19.66551724137931,19.66551724137931,19.66551724137931,,,,,,,,,,,,,,,,,,,,,,,,,,,,,
2030,sc01,05-30 06:00:00+02:00,,,,,,,,,,,,,,,,,,,,,,,,,,18.63793103448276,18.63793103448276,18.63793103448276,18.63793103448276,18.63793103448276,18.63793103448276,,,,,,,,,,,,,,,,,,,,,,,,,,,,,
2030,sc01,05-30 08:00:00+02:00,,,,,,,,,,,,,,,,,,,,,,,,,,18.97241379310345,18.97241379310345,18.97241379310345,18.97241379310345,18.97241379310345,18.97241379310345,,,,,,,,,,,,,,,,,,,,,,,,,,,,,
2030,sc01,05-30 17:00:00+02:00,,,,,,,,,,,,,,,,,,,,,,,,,,19.49655172413793,19.49655172413793,19.49655172413793,19.49655172413793,19.49655172413793,19.49655172413793,,,,,,,,,,,,,,,,,,,,,,,,,,,,,
2030,sc01,05-31 09:00:00+02:00,,,,,,,,,,,,,,,,,,,,,,,,,,20.95862068965517,20.95862068965517,20.95862068965517,20.95862068965517,20.95862068965517,20.95862068965517,,,,,,,,,,,,,,,,,,,,,,,,,,,,,
2030,sc01,06-02 06:00:00+02:00,,,,,,,,,,,,,,,,,,,,,,,,,,20.93793103448276,20.93793103448276,20.93793103448276,20.93793103448276,20.93793103448276,20.93793103448276,,,,,,,,,,,,,,,,,,,,,,,,,,,,,
2030,sc01,06-07 09:00:00+02:00,,,,,,,,,,,,,,,,,,,,,,,,,,21.36206896551724,21.36206896551724,21.36206896551724,21.36206896551724,21.36206896551724,21.36206896551724,,,,,,,,,,,,,,,,,,,,,,,,,,,,,
2030,sc01,06-07 14:00:00+02:00,,,,,,,,,,,,,,,,,,,,,,,,,,22.310344827586206,22.310344827586206,22.310344827586206,22.310344827586206,22.310344827586206,22.310344827586206,,,,,,,,,,,,,,,,,,,,,,,,,,,,,
2030,sc01,06-07 16:00:00+02:00,,,,,,,,,,,,,,,,,,,,,,,,,,24.29655172413793,24.29655172413793,24.29655172413793,24.29655172413793,24.29655172413793,24.29655172413793,,,,,,,,,,,,,,,,,,,,,,,,,,,,,
2030,sc01,06-07 18:00:00+02:00,,,,,,,,,,,,,,,,,,,,,,,,,,25.16896551724138,25.16896551724138,25.16896551724138,25.16896551724138,25.16896551724138,25.16896551724138,,,,,,,,,,,,,,,,,,,,,,,,,,,,,
2030,sc01,06-07 20:00:00+02:00,,,,,,,,,,,,,,,,,,,,,,,,,,25.117241379310343,25.117241379310343,25.117241379310343,25.117241379310343,25.117241379310343,25.117241379310343,,,,,,,,,,,,,,,,,,,,,,,,,,,,,
2030,sc01,06-07 21:00:00+02:00,,,,,,,,,,,,,,,,,,,,,,,,,,23.92758620689655,23.92758620689655,23.92758620689655,23.92758620689655,23.92758620689655,23.92758620689655,,,,,,,,,,,,,,,,,,,,,,,,,,,,,
2030,sc01,06-07 23:00:00+02:00,,,,,,,,,,,,,,,,,,,,,,,,,,22.848275862068967,22.848275862068967,22.848275862068967,22.848275862068967,22.848275862068967,22.848275862068967,,,,,,,,,,,,,,,,,,,,,,,,,,,,,
2030,sc01,06-08 00:00:00+02:00,,,,,,,,,,,,,,,,,,,,,,,,,,22.06896551724138,22.06896551724138,22.06896551724138,22.06896551724138,22.06896551724138,22.06896551724138,,,,,,,,,,,,,,,,,,,,,,,,,,,,,
2030,sc01,06-08 01:00:00+02:00,,,,,,,,,,,,,,,,,,,,,,,,,,20.73793103448276,20.73793103448276,20.73793103448276,20.73793103448276,20.73793103448276,20.73793103448276,,,,,,,,,,,,,,,,,,,,,,,,,,,,,
2030,sc01,06-08 06:00:00+02:00,,,,,,,,,,,,,,,,,,,,,,,,,,20.589655172413792,20.589655172413792,20.589655172413792,20.589655172413792,20.589655172413792,20.589655172413792,,,,,,,,,,,,,,,,,,,,,,,,,,,,,
2030,sc01,06-08 08:00:00+02:00,,,,,,,,,,,,,,,,,,,,,,,,,,20.2,20.2,20.2,20.2,20.2,20.2,,,,,,,,,,,,,,,,,,,,,,,,,,,,,
2030,sc01,06-08 09:00:00+02:00,,,,,,,,,,,,,,,,,,,,,,,,,,20.603448275862068,20.603448275862068,20.603448275862068,20.603448275862068,20.603448275862068,20.603448275862068,,,,,,,,,,,,,,,,,,,,,,,,,,,,,
2030,sc01,06-08 16:00:00+02:00,,,,,,,,,,,,,,,,,,,,,,,,,,20.841379310344827,20.841379310344827,20.841379310344827,20.841379310344827,20.841379310344827,20.841379310344827,,,,,,,,,,,,,,,,,,,,,,,,,,,,,
2030,sc01,06-08 23:00:00+02:00,,,,,,,,,,,,,,,,,,,,,,,,,,21.05172413793104,21.05172413793104,21.05172413793104,21.05172413793104,21.05172413793104,21.05172413793104,,,,,,,,,,,,,,,,,,,,,,,,,,,,,
2030,sc01,06-09 08:00:00+02:00,,,,,,,,,,,,,,,,,,,,,,,,,,21.5448275862069,21.5448275862069,21.5448275862069,21.5448275862069,21.5448275862069,21.5448275862069,,,,,,,,,,,,,,,,,,,,,,,,,,,,,
2030,sc01,06-09 18:00:00+02:00,,,,,,,,,,,,,,,,,,,,,,,,,,23.02068965517241,23.02068965517241,23.02068965517241,23.02068965517241,23.02068965517241,23.02068965517241,,,,,,,,,,,,,,,,,,,,,,,,,,,,,
2030,sc01,06-11 05:00:00+02:00,,,,,,,,,,,,,,,,,,,,,,,,,,24.096551724137928,24.096551724137928,24.096551724137928,24.096551724137928,24.096551724137928,24.096551724137928,,,,,,,,,,,,,,,,,,,,,,,,,,,,,
2030,sc01,06-11 06:00:00+02:00,,,,,,,,,,,,,,,,,,,,,,,,,,24.013793103448275,24.013793103448275,24.013793103448275,24.013793103448275,24.013793103448275,24.013793103448275,,,,,,,,,,,,,,,,,,,,,,,,,,,,,
2030,sc01,06-11 07:00:00+02:00,,,,,,,,,,,,,,,,,,,,,,,,,,22.844827586206897,22.844827586206897,22.844827586206897,22.844827586206897,22.844827586206897,22.844827586206897,,,,,,,,,,,,,,,,,,,,,,,,,,,,,
2030,sc01,06-11 08:00:00+02:00,,,,,,,,,,,,,,,,,,,,,,,,,,22.33448275862069,22.33448275862069,22.33448275862069,22.33448275862069,22.33448275862069,22.33448275862069,,,,,,,,,,,,,,,,,,,,,,,,,,,,,
2030,sc01,06-13 10:00:00+02:00,,,,,,,,,,,,,,,,,,,,,,,,,,21.9,21.9,21.9,21.9,21.9,21.9,,,,,,,,,,,,,,,,,,,,,,,,,,,,,
2030,sc01,06-16 10:00:00+02:00,,,,,,,,,,,,,,,,,,,,,,,,,,20.56206896551724,20.56206896551724,20.56206896551724,20.56206896551724,20.56206896551724,20.56206896551724,,,,,,,,,,,,,,,,,,,,,,,,,,,,,
2030,sc01,06-17 14:00:00+02:00,,,,,,,,,,,,,,,,,,,,,,,,,,20.348275862068967,20.348275862068967,20.348275862068967,20.348275862068967,20.348275862068967,20.348275862068967,,,,,,,,,,,,,,,,,,,,,,,,,,,,,
2030,sc01,06-22 10:00:00+02:00,,,,,,,,,,,,,,,,,,,,,,,,,,21.06896551724138,21.06896551724138,21.06896551724138,21.06896551724138,21.06896551724138,21.06896551724138,,,,,,,,,,,,,,,,,,,,,,,,,,,,,
2030,sc01,06-26 11:00:00+02:00,,,,,,,,,,,,,,,,,,,,,,,,,,21.013793103448275,21.013793103448275,21.013793103448275,21.013793103448275,21.013793103448275,21.013793103448275,,,,,,,,,,,,,,,,,,,,,,,,,,,,,
2030,sc01,06-26 14:00:00+02:00,,,,,,,,,,,,,,,,,,,,,,,,,,22.02068965517241,22.02068965517241,22.02068965517241,22.02068965517241,22.02068965517241,22.02068965517241,,,,,,,,,,,,,,,,,,,,,,,,,,,,,
2030,sc01,06-26 16:00:00+02:00,,,,,,,,,,,,,,,,,,,,,,,,,,24.027586206896554,24.027586206896554,24.027586206896554,24.027586206896554,24.027586206896554,24.027586206896554,,,,,,,,,,,,,,,,,,,,,,,,,,,,,
2030,sc01,06-26 18:00:00+02:00,,,,,,,,,,,,,,,,,,,,,,,,,,24.144827586206898,24.144827586206898,24.144827586206898,24.144827586206898,24.144827586206898,24.144827586206898,,,,,,,,,,,,,,,,,,,,,,,,,,,,,
2030,sc01,06-26 21:00:00+02:00,,,,,,,,,,,,,,,,,,,,,,,,,,24.55172413793104,24.55172413793104,24.55172413793104,24.55172413793104,24.55172413793104,24.55172413793104,,,,,,,,,,,,,,,,,,,,,,,,,,,,,
2030,sc01,06-27 08:00:00+02:00,,,,,,,,,,,,,,,,,,,,,,,,,,23.96551724137931,23.96551724137931,23.96551724137931,23.96551724137931,23.96551724137931,23.96551724137931,,,,,,,,,,,,,,,,,,,,,,,,,,,,,
2030,sc01,06-27 16:00:00+02:00,,,,,,,,,,,,,,,,,,,,,,,,,,22.51034482758621,22.51034482758621,22.51034482758621,22.51034482758621,22.51034482758621,22.51034482758621,,,,,,,,,,,,,,,,,,,,,,,,,,,,,
2030,sc01,07-23 08:00:00+02:00,,,,,,,,,,,,,,,,,,,,,,,,,,20.448275862068964,20.448275862068964,20.448275862068964,20.448275862068964,20.448275862068964,20.448275862068964,,,,,,,,,,,,,,,,,,,,,,,,,,,,,
2030,sc01,07-23 09:00:00+02:00,,,,,,,,,,,,,,,,,,,,,,,,,,20.113793103448277,20.113793103448277,20.113793103448277,20.113793103448277,20.113793103448277,20.113793103448277,,,,,,,,,,,,,,,,,,,,,,,,,,,,,
2030,sc01,07-23 10:00:00+02:00,,,,,,,,,,,,,,,,,,,,,,,,,,19.348275862068967,19.348275862068967,19.348275862068967,19.348275862068967,19.348275862068967,19.348275862068967,,,,,,,,,,,,,,,,,,,,,,,,,,,,,
2030,sc01,07-23 16:00:00+02:00,,,,,,,,,,,,,,,,,,,,,,,,,,19.382758620689657,19.382758620689657,19.382758620689657,19.382758620689657,19.382758620689657,19.382758620689657,,,,,,,,,,,,,,,,,,,,,,,,,,,,,
2030,sc01,07-24 06:00:00+02:00,,,,,,,,,,,,,,,,,,,,,,,,,,21.20689655172414,21.20689655172414,21.20689655172414,21.20689655172414,21.20689655172414,21.20689655172414,,,,,,,,,,,,,,,,,,,,,,,,,,,,,
2030,sc01,07-24 07:00:00+02:00,,,,,,,,,,,,,,,,,,,,,,,,,,20.910344827586208,20.910344827586208,20.910344827586208,20.910344827586208,20.910344827586208,20.910344827586208,,,,,,,,,,,,,,,,,,,,,,,,,,,,,
2030,sc01,07-24 17:00:00+02:00,,,,,,,,,,,,,,,,,,,,,,,,,,21.9,21.9,21.9,21.9,21.9,21.9,,,,,,,,,,,,,,,,,,,,,,,,,,,,,
2030,sc01,07-24 18:00:00+02:00,,,,,,,,,,,,,,,,,,,,,,,,,,24.420689655172417,24.420689655172417,24.420689655172417,24.420689655172417,24.420689655172417,24.420689655172417,,,,,,,,,,,,,,,,,,,,,,,,,,,,,
2030,sc01,07-24 19:00:00+02:00,,,,,,,,,,,,,,,,,,,,,,,,,,26.42758620689655,26.42758620689655,26.42758620689655,26.42758620689655,26.42758620689655,26.42758620689655,,,,,,,,,,,,,,,,,,,,,,,,,,,,,
2030,sc01,07-24 21:00:00+02:00,,,,,,,,,,,,,,,,,,,,,,,,,,27.73793103448276,27.73793103448276,27.73793103448276,27.73793103448276,27.73793103448276,27.73793103448276,,,,,,,,,,,,,,,,,,,,,,,,,,,,,
2030,sc01,07-24 23:00:00+02:00,,,,,,,,,,,,,,,,,,,,,,,,,,27.76206896551724,27.76206896551724,27.76206896551724,27.76206896551724,27.76206896551724,27.76206896551724,,,,,,,,,,,,,,,,,,,,,,,,,,,,,
2030,sc01,07-25 00:00:00+02:00,,,,,,,,,,,,,,,,,,,,,,,,,,26.1,26.1,26.1,26.1,26.1,26.1,,,,,,,,,,,,,,,,,,,,,,,,,,,,,
2030,sc01,07-25 01:00:00+02:00,,,,,,,,,,,,,,,,,,,,,,,,,,24.5448275862069,24.5448275862069,24.5448275862069,24.5448275862069,24.5448275862069,24.5448275862069,,,,,,,,,,,,,,,,,,,,,,,,,,,,,
2030,sc01,07-26 09:00:00+02:00,,,,,,,,,,,,,,,,,,,,,,,,,,24.36206896551724,24.36206896551724,24.36206896551724,24.36206896551724,24.36206896551724,24.36206896551724,,,,,,,,,,,,,,,,,,,,,,,,,,,,,
2030,sc01,07-27 17:00:00+02:00,,,,,,,,,,,,,,,,,,,,,,,,,,23.024137931034485,23.024137931034485,23.024137931034485,23.024137931034485,23.024137931034485,23.024137931034485,,,,,,,,,,,,,,,,,,,,,,,,,,,,,
2030,sc01,07-28 00:00:00+02:00,,,,,,,,,,,,,,,,,,,,,,,,,,22.17586206896552,22.17586206896552,22.17586206896552,22.17586206896552,22.17586206896552,22.17586206896552,,,,,,,,,,,,,,,,,,,,,,,,,,,,,
2030,sc01,07-28 09:00:00+02:00,,,,,,,,,,,,,,,,,,,,,,,,,,22.127586206896552,22.127586206896552,22.127586206896552,22.127586206896552,22.127586206896552,22.127586206896552,,,,,,,,,,,,,,,,,,,,,,,,,,,,,
2030,sc01,07-28 13:00:00+02:00,,,,,,,,,,,,,,,,,,,,,,,,,,22.53448275862069,22.53448275862069,22.53448275862069,22.53448275862069,22.53448275862069,22.53448275862069,,,,,,,,,,,,,,,,,,,,,,,,,,,,,
2030,sc01,07-28 17:00:00+02:00,,,,,,,,,,,,,,,,,,,,,,,,,,23.63793103448276,23.63793103448276,23.63793103448276,23.63793103448276,23.63793103448276,23.63793103448276,,,,,,,,,,,,,,,,,,,,,,,,,,,,,
2030,sc01,07-30 17:00:00+02:00,,,,,,,,,,,,,,,,,,,,,,,,,,24.56896551724138,24.56896551724138,24.56896551724138,24.56896551724138,24.56896551724138,24.56896551724138,,,,,,,,,,,,,,,,,,,,,,,,,,,,,
2030,sc01,08-03 10:00:00+02:00,,,,,,,,,,,,,,,,,,,,,,,,,,24.917241379310347,24.917241379310347,24.917241379310347,24.917241379310347,24.917241379310347,24.917241379310347,,,,,,,,,,,,,,,,,,,,,,,,,,,,,
2030,sc01,08-06 10:00:00+02:00,,,,,,,,,,,,,,,,,,,,,,,,,,25.28965517241379,25.28965517241379,25.28965517241379,25.28965517241379,25.28965517241379,25.28965517241379,,,,,,,,,,,,,,,,,,,,,,,,,,,,,
2030,sc01,08-08 10:00:00+02:00,,,,,,,,,,,,,,,,,,,,,,,,,,24.16896551724138,24.16896551724138,24.16896551724138,24.16896551724138,24.16896551724138,24.16896551724138,,,,,,,,,,,,,,,,,,,,,,,,,,,,,
2030,sc01,08-08 15:00:00+02:00,,,,,,,,,,,,,,,,,,,,,,,,,,22.87586206896552,22.87586206896552,22.87586206896552,22.87586206896552,22.87586206896552,22.87586206896552,,,,,,,,,,,,,,,,,,,,,,,,,,,,,
2030,sc01,08-15 09:00:00+02:00,,,,,,,,,,,,,,,,,,,,,,,,,,21.148275862068964,21.148275862068964,21.148275862068964,21.148275862068964,21.148275862068964,21.148275862068964,,,,,,,,,,,,,,,,,,,,,,,,,,,,,
2030,sc01,08-23 03:00:00+02:00,,,,,,,,,,,,,,,,,,,,,,,,,,19.855172413793102,19.855172413793102,19.855172413793102,19.855172413793102,19.855172413793102,19.855172413793102,,,,,,,,,,,,,,,,,,,,,,,,,,,,,
2030,sc01,08-27 05:00:00+02:00,,,,,,,,,,,,,,,,,,,,,,,,,,19.513793103448275,19.513793103448275,19.513793103448275,19.513793103448275,19.513793103448275,19.513793103448275,,,,,,,,,,,,,,,,,,,,,,,,,,,,,
2030,sc01,09-03 06:00:00+02:00,,,,,,,,,,,,,,,,,,,,,,,,,,20.158620689655173,20.158620689655173,20.158620689655173,20.158620689655173,20.158620689655173,20.158620689655173,,,,,,,,,,,,,,,,,,,,,,,,,,,,,
2030,sc01,09-03 09:00:00+02:00,,,,,,,,,,,,,,,,,,,,,,,,,,20.096551724137928,20.096551724137928,20.096551724137928,20.096551724137928,20.096551724137928,20.096551724137928,,,,,,,,,,,,,,,,,,,,,,,,,,,,,
2030,sc01,09-09 04:00:00+02:00,,,,,,,,,,,,,,,,,,,,,,,,,,20.81379310344828,20.81379310344828,20.81379310344828,20.81379310344828,20.81379310344828,20.81379310344828,,,,,,,,,,,,,,,,,,,,,,,,,,,,,
2030,sc01,09-09 17:00:00+02:00,,,,,,,,,,,,,,,,,,,,,,,,,,22.410344827586208,22.410344827586208,22.410344827586208,22.410344827586208,22.410344827586208,22.410344827586208,,,,,,,,,,,,,,,,,,,,,,,,,,,,,
2030,sc01,09-09 18:00:00+02:00,,,,,,,,,,,,,,,,,,,,,,,,,,23.46896551724138,23.46896551724138,23.46896551724138,23.46896551724138,23.46896551724138,23.46896551724138,,,,,,,,,,,,,,,,,,,,,,,,,,,,,
2030,sc01,09-09 23:00:00+02:00,,,,,,,,,,,,,,,,,,,,,,,,,,24.05862068965517,24.05862068965517,24.05862068965517,24.05862068965517,24.05862068965517,24.05862068965517,,,,,,,,,,,,,,,,,,,,,,,,,,,,,
2030,sc01,09-11 08:00:00+02:00,,,,,,,,,,,,,,,,,,,,,,,,,,24.227586206896557,24.227586206896557,24.227586206896557,24.227586206896557,24.227586206896557,24.227586206896557,,,,,,,,,,,,,,,,,,,,,,,,,,,,,
2030,sc01,09-14 18:00:00+02:00,,,,,,,,,,,,,,,,,,,,,,,,,,23.20689655172414,23.20689655172414,23.20689655172414,23.20689655172414,23.20689655172414,23.20689655172414,,,,,,,,,,,,,,,,,,,,,,,,,,,,,
2030,sc01,09-19 15:00:00+02:00,,,,,,,,,,,,,,,,,,,,,,,,,,21.56896551724138,21.56896551724138,21.56896551724138,21.56896551724138,21.56896551724138,21.56896551724138,,,,,,,,,,,,,,,,,,,,,,,,,,,,,
2030,sc01,09-21 02:00:00+02:00,,,,,,,,,,,,,,,,,,,,,,,,,,21.82413793103448,21.82413793103448,21.82413793103448,21.82413793103448,21.82413793103448,21.82413793103448,,,,,,,,,,,,,,,,,,,,,,,,,,,,,
2030,sc01,09-22 16:00:00+02:00,,,,,,,,,,,,,,,,,,,,,,,,,,22.448275862068964,22.448275862068964,22.448275862068964,22.448275862068964,22.448275862068964,22.448275862068964,,,,,,,,,,,,,,,,,,,,,,,,,,,,,
2030,sc01,09-23 09:00:00+02:00,,,,,,,,,,,,,,,,,,,,,,,,,,22.27586206896552,22.27586206896552,22.27586206896552,22.27586206896552,22.27586206896552,22.27586206896552,,,,,,,,,,,,,,,,,,,,,,,,,,,,,
2030,sc01,09-23 16:00:00+02:00,,,,,,,,,,,,,,,,,,,,,,,,,,21.731034482758623,21.731034482758623,21.731034482758623,21.731034482758623,21.731034482758623,21.731034482758623,,,,,,,,,,,,,,,,,,,,,,,,,,,,,
2030,sc01,09-26 23:00:00+02:00,,,,,,,,,,,,,,,,,,,,,,,,,,22.655172413793103,22.655172413793103,22.655172413793103,22.655172413793103,22.655172413793103,22.655172413793103,,,,,,,,,,,,,,,,,,,,,,,,,,,,,
2030,sc01,10-03 20:00:00+02:00,,,,,,,,,,,,,,,,,,,,,,,,,,22.941379310344825,22.941379310344825,22.941379310344825,22.941379310344825,22.941379310344825,22.941379310344825,,,,,,,,,,,,,,,,,,,,,,,,,,,,,
2030,sc01,10-03 21:00:00+02:00,,,,,,,,,,,,,,,,,,,,,,,,,,23.903448275862072,23.903448275862072,23.903448275862072,23.903448275862072,23.903448275862072,23.903448275862072,,,,,,,,,,,,,,,,,,,,,,,,,,,,,
2030,sc01,10-04 07:00:00+02:00,,,,,,,,,,,,,,,,,,,,,,,,,,23.189655172413797,23.189655172413797,23.189655172413797,23.189655172413797,23.189655172413797,23.189655172413797,,,,,,,,,,,,,,,,,,,,,,,,,,,,,
2030,sc01,10-06 06:00:00+02:00,,,,,,,,,,,,,,,,,,,,,,,,,,22.044827586206896,22.044827586206896,22.044827586206896,22.044827586206896,22.044827586206896,22.044827586206896,,,,,,,,,,,,,,,,,,,,,,,,,,,,,
2030,sc01,10-06 08:00:00+02:00,,,,,,,,,,,,,,,,,,,,,,,,,,22.57241379310345,22.57241379310345,22.57241379310345,22.57241379310345,22.57241379310345,22.57241379310345,,,,,,,,,,,,,,,,,,,,,,,,,,,,,
2030,sc01,10-07 08:00:00+02:00,,,,,,,,,,,,,,,,,,,,,,,,,,22.393103448275863,22.393103448275863,22.393103448275863,22.393103448275863,22.393103448275863,22.393103448275863,,,,,,,,,,,,,,,,,,,,,,,,,,,,,
2030,sc01,10-07 18:00:00+02:00,,,,,,,,,,,,,,,,,,,,,,,,,,21.13793103448276,21.13793103448276,21.13793103448276,21.13793103448276,21.13793103448276,21.13793103448276,,,,,,,,,,,,,,,,,,,,,,,,,,,,,
2030,sc01,10-10 09:00:00+02:00,,,,,,,,,,,,,,,,,,,,,,,,,,19.72068965517241,19.72068965517241,19.72068965517241,19.72068965517241,19.72068965517241,19.72068965517241,,,,,,,,,,,,,,,,,,,,,,,,,,,,,
2030,sc01,10-13 21:00:00+02:00,,,,,,,,,,,,,,,,,,,,,,,,,,19.493103448275864,19.493103448275864,19.493103448275864,19.493103448275864,19.493103448275864,19.493103448275864,,,,,,,,,,,,,,,,,,,,,,,,,,,,,
2030,sc01,10-14 05:00:00+02:00,,,,,,,,,,,,,,,,,,,,,,,,,,19.2,19.2,19.2,19.2,19.2,19.2,,,,,,,,,,,,,,,,,,,,,,,,,,,,,
2030,sc01,10-20 07:00:00+02:00,,,,,,,,,,,,,,,,,,,,,,,,,,18.979310344827585,18.979310344827585,18.979310344827585,18.979310344827585,18.979310344827585,18.979310344827585,,,,,,,,,,,,,,,,,,,,,,,,,,,,,
2030,sc01,10-20 20:00:00+02:00,,,,,,,,,,,,,,,,,,,,,,,,,,19.59655172413793,19.59655172413793,19.59655172413793,19.59655172413793,19.59655172413793,19.59655172413793,,,,,,,,,,,,,,,,,,,,,,,,,,,,,
2030,sc01,10-21 06:00:00+02:00,,,,,,,,,,,,,,,,,,,,,,,,,,19.86896551724138,19.86896551724138,19.86896551724138,19.86896551724138,19.86896551724138,19.86896551724138,,,,,,,,,,,,,,,,,,,,,,,,,,,,,
2030,sc01,10-22 04:00:00+02:00,,,,,,,,,,,,,,,,,,,,,,,,,,21.54137931034483,21.54137931034483,21.54137931034483,21.54137931034483,21.54137931034483,21.54137931034483,,,,,,,,,,,,,,,,,,,,,,,,,,,,,
2030,sc01,10-22 17:00:00+02:00,,,,,,,,,,,,,,,,,,,,,,,,,,22.606896551724137,22.606896551724137,22.606896551724137,22.606896551724137,22.606896551724137,22.606896551724137,,,,,,,,,,,,,,,,,,,,,,,,,,,,,
2030,sc01,10-23 08:00:00+02:00,,,,,,,,,,,,,,,,,,,,,,,,,,24.158620689655173,24.158620689655173,24.158620689655173,24.158620689655173,24.158620689655173,24.158620689655173,,,,,,,,,,,,,,,,,,,,,,,,,,,,,
2030,sc01,10-27 07:00:00+01:00,,,,,,,,,,,,,,,,,,,,,,,,,,24.73793103448276,24.73793103448276,24.73793103448276,24.73793103448276,24.73793103448276,24.73793103448276,,,,,,,,,,,,,,,,,,,,,,,,,,,,,
2030,sc01,10-27 17:00:00+01:00,,,,,,,,,,,,,,,,,,,,,,,,,,23.07586206896552,23.07586206896552,23.07586206896552,23.07586206896552,23.07586206896552,23.07586206896552,,,,,,,,,,,,,,,,,,,,,,,,,,,,,
2030,sc01,10-28 05:00:00+01:00,,,,,,,,,,,,,,,,,,,,,,,,,,21.13448275862069,21.13448275862069,21.13448275862069,21.13448275862069,21.13448275862069,21.13448275862069,,,,,,,,,,,,,,,,,,,,,,,,,,,,,
2030,sc01,10-28 06:00:00+01:00,,,,,,,,,,,,,,,,,,,,,,,,,,19.44482758620689,19.44482758620689,19.44482758620689,19.44482758620689,19.44482758620689,19.44482758620689,,,,,,,,,,,,,,,,,,,,,,,,,,,,,
2030,sc01,10-28 19:00:00+01:00,,,,,,,,,,,,,,,,,,,,,,,,,,19.844827586206897,19.844827586206897,19.844827586206897,19.844827586206897,19.844827586206897,19.844827586206897,,,,,,,,,,,,,,,,,,,,,,,,,,,,,
2030,sc01,10-30 08:00:00+01:00,,,,,,,,,,,,,,,,,,,,,,,,,,19.772413793103446,19.772413793103446,19.772413793103446,19.772413793103446,19.772413793103446,19.772413793103446,,,,,,,,,,,,,,,,,,,,,,,,,,,,,
2030,sc01,10-30 18:00:00+01:00,,,,,,,,,,,,,,,,,,,,,,,,,,20.74827586206897,20.74827586206897,20.74827586206897,20.74827586206897,20.74827586206897,20.74827586206897,,,,,,,,,,,,,,,,,,,,,,,,,,,,,
2030,sc01,11-01 10:00:00+01:00,,,,,,,,,,,,,,,,,,,,,,,,,,20.779310344827586,20.779310344827586,20.779310344827586,20.779310344827586,20.779310344827586,20.779310344827586,,,,,,,,,,,,,,,,,,,,,,,,,,,,,
2030,sc01,11-01 16:00:00+01:00,,,,,,,,,,,,,,,,,,,,,,,,,,20.886206896551727,20.886206896551727,20.886206896551727,20.886206896551727,20.886206896551727,20.886206896551727,,,,,,,,,,,,,,,,,,,,,,,,,,,,,
2030,sc01,11-02 10:00:00+01:00,,,,,,,,,,,,,,,,,,,,,,,,,,21.768965517241377,21.768965517241377,21.768965517241377,21.768965517241377,21.768965517241377,21.768965517241377,,,,,,,,,,,,,,,,,,,,,,,,,,,,,
2030,sc01,11-02 11:00:00+01:00,,,,,,,,,,,,,,,,,,,,,,,,,,23.144827586206898,23.144827586206898,23.144827586206898,23.144827586206898,23.144827586206898,23.144827586206898,,,,,,,,,,,,,,,,,,,,,,,,,,,,,
2030,sc01,11-03 20:00:00+01:00,,,,,,,,,,,,,,,,,,,,,,,,,,23.658620689655173,23.658620689655173,23.658620689655173,23.658620689655173,23.658620689655173,23.658620689655173,,,,,,,,,,,,,,,,,,,,,,,,,,,,,
2030,sc01,11-04 08:00:00+01:00,,,,,,,,,,,,,,,,,,,,,,,,,,24.231034482758623,24.231034482758623,24.231034482758623,24.231034482758623,24.231034482758623,24.231034482758623,,,,,,,,,,,,,,,,,,,,,,,,,,,,,
2030,sc01,11-04 09:00:00+01:00,,,,,,,,,,,,,,,,,,,,,,,,,,23.544827586206896,23.544827586206896,23.544827586206896,23.544827586206896,23.544827586206896,23.544827586206896,,,,,,,,,,,,,,,,,,,,,,,,,,,,,
2030,sc01,11-04 10:00:00+01:00,,,,,,,,,,,,,,,,,,,,,,,,,,21.341379310344827,21.341379310344827,21.341379310344827,21.341379310344827,21.341379310344827,21.341379310344827,,,,,,,,,,,,,,,,,,,,,,,,,,,,,
2030,sc01,11-04 20:00:00+01:00,,,,,,,,,,,,,,,,,,,,,,,,,,20.310344827586206,20.310344827586206,20.310344827586206,20.310344827586206,20.310344827586206,20.310344827586206,,,,,,,,,,,,,,,,,,,,,,,,,,,,,
2030,sc01,11-04 21:00:00+01:00,,,,,,,,,,,,,,,,,,,,,,,,,,20.344827586206897,20.344827586206897,20.344827586206897,20.344827586206897,20.344827586206897,20.344827586206897,,,,,,,,,,,,,,,,,,,,,,,,,,,,,
2030,sc01,11-05 11:00:00+01:00,,,,,,,,,,,,,,,,,,,,,,,,,,20.63448275862069,20.63448275862069,20.63448275862069,20.63448275862069,20.63448275862069,20.63448275862069,,,,,,,,,,,,,,,,,,,,,,,,,,,,,
2030,sc01,11-09 10:00:00+01:00,,,,,,,,,,,,,,,,,,,,,,,,,,20.617241379310343,20.617241379310343,20.617241379310343,20.617241379310343,20.617241379310343,20.617241379310343,,,,,,,,,,,,,,,,,,,,,,,,,,,,,
2030,sc01,11-09 17:00:00+01:00,,,,,,,,,,,,,,,,,,,,,,,,,,21.155172413793103,21.155172413793103,21.155172413793103,21.155172413793103,21.155172413793103,21.155172413793103,,,,,,,,,,,,,,,,,,,,,,,,,,,,,
2030,sc01,11-12 18:00:00+01:00,,,,,,,,,,,,,,,,,,,,,,,,,,21.82413793103448,21.82413793103448,21.82413793103448,21.82413793103448,21.82413793103448,21.82413793103448,,,,,,,,,,,,,,,,,,,,,,,,,,,,,
2030,sc01,11-13 10:00:00+01:00,,,,,,,,,,,,,,,,,,,,,,,,,,22.817241379310342,22.817241379310342,22.817241379310342,22.817241379310342,22.817241379310342,22.817241379310342,,,,,,,,,,,,,,,,,,,,,,,,,,,,,
2030,sc01,11-13 17:00:00+01:00,,,,,,,,,,,,,,,,,,,,,,,,,,23.893103448275863,23.893103448275863,23.893103448275863,23.893103448275863,23.893103448275863,23.893103448275863,,,,,,,,,,,,,,,,,,,,,,,,,,,,,
2030,sc01,11-23 16:00:00+01:00,,,,,,,,,,,,,,,,,,,,,,,,,,24.879310344827587,24.879310344827587,24.879310344827587,24.879310344827587,24.879310344827587,24.879310344827587,,,,,,,,,,,,,,,,,,,,,,,,,,,,,
2030,sc01,12-02 10:00:00+01:00,,,,,,,,,,,,,,,,,,,,,,,,,,25.57241379310345,25.57241379310345,25.57241379310345,25.57241379310345,25.57241379310345,25.57241379310345,,,,,,,,,,,,,,,,,,,,,,,,,,,,,
2030,sc01,12-02 19:00:00+01:00,,,,,,,,,,,,,,,,,,,,,,,,,,24.948275862068964,24.948275862068964,24.948275862068964,24.948275862068964,24.948275862068964,24.948275862068964,,,,,,,,,,,,,,,,,,,,,,,,,,,,,
2030,sc01,12-03 15:00:00+01:00,,,,,,,,,,,,,,,,,,,,,,,,,,22.56551724137931,22.56551724137931,22.56551724137931,22.56551724137931,22.56551724137931,22.56551724137931,,,,,,,,,,,,,,,,,,,,,,,,,,,,,
2030,sc01,12-05 16:00:00+01:00,,,,,,,,,,,,,,,,,,,,,,,,,,22.341379310344827,22.341379310344827,22.341379310344827,22.341379310344827,22.341379310344827,22.341379310344827,,,,,,,,,,,,,,,,,,,,,,,,,,,,,
2030,sc01,12-08 10:00:00+01:00,,,,,,,,,,,,,,,,,,,,,,,,,,22.489655172413794,22.489655172413794,22.489655172413794,22.489655172413794,22.489655172413794,22.489655172413794,,,,,,,,,,,,,,,,,,,,,,,,,,,,,
2030,sc01,12-08 19:00:00+01:00,,,,,,,,,,,,,,,,,,,,,,,,,,21.97241379310345,21.97241379310345,21.97241379310345,21.97241379310345,21.97241379310345,21.97241379310345,,,,,,,,,,,,,,,,,,,,,,,,,,,,,
