Period,Scenario,LoadLevel,MEUR
2030,sc01,01-01 00:00:00+01:00,0.3721847320000004
2030,sc01,01-01 01:00:00+01:00,0.34492611036184606
2030,sc01,01-01 02:00:00+01:00,0.31650981009552526
2030,sc01,01-01 03:00:00+01:00,0.290706154516832
2030,sc01,01-01 04:00:00+01:00,0.27065137896932845
2030,sc01,01-01 05:00:00+01:00,0.26262624271367285
2030,sc01,01-01 06:00:00+01:00,0.2648564123719167
2030,sc01,01-01 07:00:00+01:00,0.27389140159618164
2030,sc01,01-01 08:00:00+01:00,0.16046005868695365
2030,sc01,01-01 09:00:00+01:00,0.04757506472374458
2030,sc01,01-01 10:00:00+01:00,0.017420434074571483
2030,sc01,01-01 11:00:00+01:00,0.0
2030,sc01,01-01 12:00:00+01:00,0.0
2030,sc01,01-01 13:00:00+01:00,0.02667353737985205
2030,sc01,01-01 14:00:00+01:00,0.08049651702126738
2030,sc01,01-01 15:00:00+01:00,0.14706166848860416
2030,sc01,01-01 16:00:00+01:00,0.2628473399274317
2030,sc01,01-01 17:00:00+01:00,0.34328355848120523
2030,sc01,01-01 18:00:00+01:00,0.40310696545681984
2030,sc01,01-01 19:00:00+01:00,0.44974794607902635
2030,sc01,01-01 20:00:00+01:00,0.469893744973232
2030,sc01,01-01 21:00:00+01:00,0.485325396823198
2030,sc01,01-01 22:00:00+01:00,0.48398148449283684
2030,sc01,01-01 23:00:00+01:00,0.4413093822164068
2030,sc01,01-04 00:00:00+01:00,0.06327332968591602
2030,sc01,01-04 01:00:00+01:00,0.05250502736628787
2030,sc01,01-04 02:00:00+01:00,0.04471922619472177
2030,sc01,01-04 03:00:00+01:00,0.04324921369165729
2030,sc01,01-04 04:00:00+01:00,0.044507182461192375
2030,sc01,01-04 05:00:00+01:00,0.04722977661666396
2030,sc01,01-04 06:00:00+01:00,0.05047307184002739
2030,sc01,01-04 07:00:00+01:00,0.05311770790818169
2030,sc01,01-04 08:00:00+01:00,0.031117110116930816
2030,sc01,01-04 09:00:00+01:00,0.012174029535871038
2030,sc01,01-04 10:00:00+01:00,0.005311582755262045
2030,sc01,01-04 11:00:00+01:00,4.152828157854364e-05
2030,sc01,01-04 12:00:00+01:00,0.0
2030,sc01,01-04 13:00:00+01:00,0.0013679077813931063
2030,sc01,01-04 14:00:00+01:00,0.010954739431877558
2030,sc01,01-04 15:00:00+01:00,0.02441348085859431
2030,sc01,01-04 16:00:00+01:00,0.04836363282112949
2030,sc01,01-04 17:00:00+01:00,0.06939344098409399
2030,sc01,01-04 18:00:00+01:00,0.08474398267453678
2030,sc01,01-04 19:00:00+01:00,0.09564509608970277
2030,sc01,01-04 20:00:00+01:00,0.10274684018172603
2030,sc01,01-04 21:00:00+01:00,0.1067014226885724
2030,sc01,01-04 22:00:00+01:00,0.10340870857157852
2030,sc01,01-04 23:00:00+01:00,0.09412104616922455
2030,sc01,02-02 00:00:00+01:00,0.00816249394387427
2030,sc01,02-02 01:00:00+01:00,0.0
2030,sc01,02-02 02:00:00+01:00,0.0
2030,sc01,02-02 03:00:00+01:00,0.0
2030,sc01,02-02 04:00:00+01:00,0.0
2030,sc01,02-02 05:00:00+01:00,0.0
2030,sc01,02-02 06:00:00+01:00,0.005263441488032566
2030,sc01,02-02 07:00:00+01:00,0.042958363039845564
2030,sc01,02-02 08:00:00+01:00,0.01945442992198675
2030,sc01,02-02 09:00:00+01:00,0.0
2030,sc01,02-02 10:00:00+01:00,0.0
2030,sc01,02-02 11:00:00+01:00,0.0
2030,sc01,02-02 12:00:00+01:00,0.0
2030,sc01,02-02 13:00:00+01:00,0.0
2030,sc01,02-02 14:00:00+01:00,0.0
2030,sc01,02-02 15:00:00+01:00,0.0
2030,sc01,02-02 16:00:00+01:00,0.05729699548270237
2030,sc01,02-02 17:00:00+01:00,0.11714749576825909
2030,sc01,02-02 18:00:00+01:00,0.13362519263392234
2030,sc01,02-02 19:00:00+01:00,0.14971665840590076
2030,sc01,02-02 20:00:00+01:00,0.15740017418124785
2030,sc01,02-02 21:00:00+01:00,0.1572992488734485
2030,sc01,02-02 22:00:00+01:00,0.14492870896113272
2030,sc01,02-02 23:00:00+01:00,0.1309356602595439
2030,sc01,03-04 00:00:00+01:00,5.6822307854566274e-05
2030,sc01,03-04 01:00:00+01:00,0.0
2030,sc01,03-04 02:00:00+01:00,0.0
2030,sc01,03-04 03:00:00+01:00,0.0
2030,sc01,03-04 04:00:00+01:00,0.0
2030,sc01,03-04 05:00:00+01:00,0.0
2030,sc01,03-04 06:00:00+01:00,0.008894799009613466
2030,sc01,03-04 07:00:00+01:00,0.008446917532055455
2030,sc01,03-04 08:00:00+01:00,0.0
2030,sc01,03-04 09:00:00+01:00,0.0
2030,sc01,03-04 10:00:00+01:00,0.0
2030,sc01,03-04 11:00:00+01:00,0.0
2030,sc01,03-04 12:00:00+01:00,0.0
2030,sc01,03-04 13:00:00+01:00,0.0
2030,sc01,03-04 14:00:00+01:00,0.0
2030,sc01,03-04 15:00:00+01:00,0.008110316153388251
2030,sc01,03-04 16:00:00+01:00,0.06959036450697109
2030,sc01,03-04 17:00:00+01:00,0.12633331581240287
2030,sc01,03-04 18:00:00+01:00,0.1588594437601544
2030,sc01,03-04 19:00:00+01:00,0.19689540522115634
2030,sc01,03-04 20:00:00+01:00,0.21829743110980032
2030,sc01,03-04 21:00:00+01:00,0.21841543050387968
2030,sc01,03-04 22:00:00+01:00,0.1956814819732436
2030,sc01,03-04 23:00:00+01:00,0.16594006020268431
2030,sc01,03-07 00:00:00+01:00,0.007647945855010897
2030,sc01,03-07 01:00:00+01:00,0.0017755666784858152
2030,sc01,03-07 02:00:00+01:00,0.0
2030,sc01,03-07 03:00:00+01:00,0.0010697928259442264
2030,sc01,03-07 04:00:00+01:00,0.00508814002826862
2030,sc01,03-07 05:00:00+01:00,0.00790722626883767
2030,sc01,03-07 06:00:00+01:00,0.010616593002509507
2030,sc01,03-07 07:00:00+01:00,0.004900132371782639
2030,sc01,03-07 08:00:00+01:00,0.0
2030,sc01,03-07 09:00:00+01:00,0.0
2030,sc01,03-07 10:00:00+01:00,0.0
2030,sc01,03-07 11:00:00+01:00,0.0
2030,sc01,03-07 12:00:00+01:00,0.0
2030,sc01,03-07 13:00:00+01:00,0.0
2030,sc01,03-07 14:00:00+01:00,0.0
2030,sc01,03-07 15:00:00+01:00,0.003963737108287036
2030,sc01,03-07 16:00:00+01:00,0.036242989293769456
2030,sc01,03-07 17:00:00+01:00,0.06657625318529048
2030,sc01,03-07 18:00:00+01:00,0.07423563590665253
2030,sc01,03-07 19:00:00+01:00,0.07489559440705436
2030,sc01,03-07 20:00:00+01:00,0.07218518891360422
2030,sc01,03-07 21:00:00+01:00,0.07252534239739641
2030,sc01,03-07 22:00:00+01:00,0.07649595406080649
2030,sc01,03-07 23:00:00+01:00,0.07427972185006207
2030,sc01,03-14 00:00:00+01:00,0.05252747893427373
2030,sc01,03-14 01:00:00+01:00,0.04626382402931953
2030,sc01,03-14 02:00:00+01:00,0.04061233730400064
2030,sc01,03-14 03:00:00+01:00,0.038740047002492665
2030,sc01,03-14 04:00:00+01:00,0.039257065128214044
2030,sc01,03-14 05:00:00+01:00,0.039503330313996436
2030,sc01,03-14 06:00:00+01:00,0.039849925770889624
2030,sc01,03-14 07:00:00+01:00,0.020931277315508763
2030,sc01,03-14 08:00:00+01:00,0.0
2030,sc01,03-14 09:00:00+01:00,0.0
2030,sc01,03-14 10:00:00+01:00,0.0
2030,sc01,03-14 11:00:00+01:00,0.0
2030,sc01,03-14 12:00:00+01:00,0.0
2030,sc01,03-14 13:00:00+01:00,0.0
2030,sc01,03-14 14:00:00+01:00,0.0
2030,sc01,03-14 15:00:00+01:00,0.0
2030,sc01,03-14 16:00:00+01:00,0.0
2030,sc01,03-14 17:00:00+01:00,0.0276643813593422
2030,sc01,03-14 18:00:00+01:00,0.048783107241670946
2030,sc01,03-14 19:00:00+01:00,0.059652387520669016
2030,sc01,03-14 20:00:00+01:00,0.07000253935714437
2030,sc01,03-14 21:00:00+01:00,0.0719722642697079
2030,sc01,03-14 22:00:00+01:00,0.06790612926266602
2030,sc01,03-14 23:00:00+01:00,0.06187661174272427
2030,sc01,03-15 00:00:00+01:00,0.2746092706005784
2030,sc01,03-15 01:00:00+01:00,0.2445269278282251
2030,sc01,03-15 02:00:00+01:00,0.2336845309681509
2030,sc01,03-15 03:00:00+01:00,0.23448409862802028
2030,sc01,03-15 04:00:00+01:00,0.2404961820572643
2030,sc01,03-15 05:00:00+01:00,0.2453830043123405
2030,sc01,03-15 06:00:00+01:00,0.2562393446235029
2030,sc01,03-15 07:00:00+01:00,0.1653910045769882
2030,sc01,03-15 08:00:00+01:00,0.07772136174341826
2030,sc01,03-15 09:00:00+01:00,0.007936719906550099
2030,sc01,03-15 10:00:00+01:00,0.0
2030,sc01,03-15 11:00:00+01:00,0.0
2030,sc01,03-15 12:00:00+01:00,0.0
2030,sc01,03-15 13:00:00+01:00,0.0
2030,sc01,03-15 14:00:00+01:00,0.0
2030,sc01,03-15 15:00:00+01:00,0.06491417056364851
2030,sc01,03-15 16:00:00+01:00,0.17772107129758893
2030,sc01,03-15 17:00:00+01:00,0.3141655871437117
2030,sc01,03-15 18:00:00+01:00,0.39830800443439585
2030,sc01,03-15 19:00:00+01:00,0.45864205156986376
2030,sc01,03-15 20:00:00+01:00,0.5247221092319138
2030,sc01,03-15 21:00:00+01:00,0.5372255802316044
2030,sc01,03-15 22:00:00+01:00,0.5143032158998178
2030,sc01,03-15 23:00:00+01:00,0.4619945335026785
2030,sc01,03-28 00:00:00+01:00,0.6907382882944499
2030,sc01,03-28 01:00:00+01:00,0.6218119398287705
2030,sc01,03-28 02:00:00+01:00,0.5889597880368023
2030,sc01,03-28 03:00:00+01:00,0.592623012235137
2030,sc01,03-28 04:00:00+01:00,0.6186917062838271
2030,sc01,03-28 05:00:00+01:00,0.6479005077712481
2030,sc01,03-28 06:00:00+01:00,0.6714286400764204
2030,sc01,03-28 07:00:00+01:00,0.4627422280303267
2030,sc01,03-28 08:00:00+01:00,0.20280355561029445
2030,sc01,03-28 09:00:00+01:00,0.0
2030,sc01,03-28 10:00:00+01:00,0.0
2030,sc01,03-28 11:00:00+01:00,0.0
2030,sc01,03-28 12:00:00+01:00,0.0
2030,sc01,03-28 13:00:00+01:00,0.0
2030,sc01,03-28 14:00:00+01:00,0.0
2030,sc01,03-28 15:00:00+01:00,0.0
2030,sc01,03-28 16:00:00+01:00,0.0
2030,sc01,03-28 17:00:00+01:00,0.16399209732315342
2030,sc01,03-28 18:00:00+01:00,0.4274848774676121
2030,sc01,03-28 19:00:00+01:00,0.5479534227734106
2030,sc01,03-28 20:00:00+01:00,0.7492058751409689
2030,sc01,03-28 21:00:00+01:00,0.8386494354277481
2030,sc01,03-28 22:00:00+01:00,0.8330088527723849
2030,sc01,03-28 23:00:00+01:00,0.7819445974042349
2030,sc01,04-02 00:00:00+02:00,0.770935275656616
2030,sc01,04-02 01:00:00+02:00,0.6656574813677067
2030,sc01,04-02 02:00:00+02:00,0.6110073532494928
2030,sc01,04-02 03:00:00+02:00,0.5924860273610102
2030,sc01,04-02 04:00:00+02:00,0.5903442946843532
2030,sc01,04-02 05:00:00+02:00,0.6542390869854826
2030,sc01,04-02 06:00:00+02:00,0.6963057756473766
2030,sc01,04-02 07:00:00+02:00,0.46864220213634483
2030,sc01,04-02 08:00:00+02:00,0.22192895521032507
2030,sc01,04-02 09:00:00+02:00,0.0
2030,sc01,04-02 10:00:00+02:00,0.0
2030,sc01,04-02 11:00:00+02:00,0.0
2030,sc01,04-02 12:00:00+02:00,0.0
2030,sc01,04-02 13:00:00+02:00,0.0
2030,sc01,04-02 14:00:00+02:00,0.0
2030,sc01,04-02 15:00:00+02:00,0.0
2030,sc01,04-02 16:00:00+02:00,0.05866571267336283
2030,sc01,04-02 17:00:00+02:00,0.21079957378652528
2030,sc01,04-02 18:00:00+02:00,0.4088704930572161
2030,sc01,04-02 19:00:00+02:00,0.525162383973706
2030,sc01,04-02 20:00:00+02:00,0.6818480704777151
2030,sc01,04-02 21:00:00+02:00,0.6495751801963552
2030,sc01,04-02 22:00:00+02:00,0.55758939908856
2030,sc01,04-02 23:00:00+02:00,0.465716205168613
2030,sc01,04-03 00:00:00+02:00,0.2064653771449574
2030,sc01,04-03 01:00:00+02:00,0.13664805819340914
2030,sc01,04-03 02:00:00+02:00,0.08662940623980878
2030,sc01,04-03 03:00:00+02:00,0.028775860170001253
2030,sc01,04-03 04:00:00+02:00,0.007085609837038088
2030,sc01,04-03 05:00:00+02:00,0.0
2030,sc01,04-03 06:00:00+02:00,0.0
2030,sc01,04-03 07:00:00+02:00,0.0
2030,sc01,04-03 08:00:00+02:00,0.0
2030,sc01,04-03 09:00:00+02:00,0.0
2030,sc01,04-03 10:00:00+02:00,0.0
2030,sc01,04-03 11:00:00+02:00,0.0
2030,sc01,04-03 12:00:00+02:00,0.0
2030,sc01,04-03 13:00:00+02:00,0.0
2030,sc01,04-03 14:00:00+02:00,0.0
2030,sc01,04-03 15:00:00+02:00,0.0
2030,sc01,04-03 16:00:00+02:00,0.0
2030,sc01,04-03 17:00:00+02:00,0.0
2030,sc01,04-03 18:00:00+02:00,0.027897686269675013
2030,sc01,04-03 19:00:00+02:00,0.117099025134547
2030,sc01,04-03 20:00:00+02:00,0.1954930310968063
2030,sc01,04-03 21:00:00+02:00,0.18354922734818907
2030,sc01,04-03 22:00:00+02:00,0.16170880470161594
2030,sc01,04-03 23:00:00+02:00,0.12563723703443386
2030,sc01,04-04 00:00:00+02:00,0.01002774756569896
2030,sc01,04-04 01:00:00+02:00,0.004721300899492062
2030,sc01,04-04 02:00:00+02:00,0.0038221199572329233
2030,sc01,04-04 03:00:00+02:00,0.0061501997196043625
2030,sc01,04-04 04:00:00+02:00,0.012015193637952143
2030,sc01,04-04 05:00:00+02:00,0.019495317746596283
2030,sc01,04-04 06:00:00+02:00,0.024915672458412842
2030,sc01,04-04 07:00:00+02:00,0.002957886264720728
2030,sc01,04-04 08:00:00+02:00,0.0
2030,sc01,04-04 09:00:00+02:00,0.0
2030,sc01,04-04 10:00:00+02:00,0.0
2030,sc01,04-04 11:00:00+02:00,0.0
2030,sc01,04-04 12:00:00+02:00,0.0
2030,sc01,04-04 13:00:00+02:00,0.0
2030,sc01,04-04 14:00:00+02:00,0.0
2030,sc01,04-04 15:00:00+02:00,0.0
2030,sc01,04-04 16:00:00+02:00,0.0
2030,sc01,04-04 17:00:00+02:00,0.0005700418308026297
2030,sc01,04-04 18:00:00+02:00,0.01822035683056893
2030,sc01,04-04 19:00:00+02:00,0.024586320488105523
2030,sc01,04-04 20:00:00+02:00,0.038995317843280516
2030,sc01,04-04 21:00:00+02:00,0.039879964175072766
2030,sc01,04-04 22:00:00+02:00,0.03886799754357266
2030,sc01,04-04 23:00:00+02:00,0.035138539022924103
2030,sc01,04-06 00:00:00+02:00,0.027330558453198255
2030,sc01,04-06 01:00:00+02:00,0.021172243034503706
2030,sc01,04-06 02:00:00+02:00,0.020224122576381613
2030,sc01,04-06 03:00:00+02:00,0.02259369703229088
2030,sc01,04-06 04:00:00+02:00,0.025763065101325283
2030,sc01,04-06 05:00:00+02:00,0.030767682501679123
2030,sc01,04-06 06:00:00+02:00,0.02972732582413362
2030,sc01,04-06 07:00:00+02:00,0.019161573978662833
2030,sc01,04-06 08:00:00+02:00,0.005131952300403528
2030,sc01,04-06 09:00:00+02:00,0.0
2030,sc01,04-06 10:00:00+02:00,0.0
2030,sc01,04-06 11:00:00+02:00,0.0
2030,sc01,04-06 12:00:00+02:00,0.0
2030,sc01,04-06 13:00:00+02:00,0.0
2030,sc01,04-06 14:00:00+02:00,0.0
2030,sc01,04-06 15:00:00+02:00,0.0
2030,sc01,04-06 16:00:00+02:00,0.004887534149297012
2030,sc01,04-06 17:00:00+02:00,0.025899708735575996
2030,sc01,04-06 18:00:00+02:00,0.042212407207263054
2030,sc01,04-06 19:00:00+02:00,0.04989146212459954
2030,sc01,04-06 20:00:00+02:00,0.05935677827745042
2030,sc01,04-06 21:00:00+02:00,0.05059472784259486
2030,sc01,04-06 22:00:00+02:00,0.039392625828584084
2030,sc01,04-06 23:00:00+02:00,0.03264452824829263
2030,sc01,04-11 00:00:00+02:00,0.15611108564762996
2030,sc01,04-11 01:00:00+02:00,0.14480405483750503
2030,sc01,04-11 02:00:00+02:00,0.13526298545877408
2030,sc01,04-11 03:00:00+02:00,0.12782223770738466
2030,sc01,04-11 04:00:00+02:00,0.12616643125640128
2030,sc01,04-11 05:00:00+02:00,0.12951646906060268
2030,sc01,04-11 06:00:00+02:00,0.12584229344981582
2030,sc01,04-11 07:00:00+02:00,0.08807502116671828
2030,sc01,04-11 08:00:00+02:00,0.056224867613782877
2030,sc01,04-11 09:00:00+02:00,0.02879772692239916
2030,sc01,04-11 10:00:00+02:00,0.0
2030,sc01,04-11 11:00:00+02:00,0.0
2030,sc01,04-11 12:00:00+02:00,0.0
2030,sc01,04-11 13:00:00+02:00,0.0
2030,sc01,04-11 14:00:00+02:00,0.0
2030,sc01,04-11 15:00:00+02:00,0.0
2030,sc01,04-11 16:00:00+02:00,0.039066080364641854
2030,sc01,04-11 17:00:00+02:00,0.09736612096213224
2030,sc01,04-11 18:00:00+02:00,0.1410780853346112
2030,sc01,04-11 19:00:00+02:00,0.15114715808164284
2030,sc01,04-11 20:00:00+02:00,0.1781773488487755
2030,sc01,04-11 21:00:00+02:00,0.17573759496524688
2030,sc01,04-11 22:00:00+02:00,0.1627753447934858
2030,sc01,04-11 23:00:00+02:00,0.15026115447599753
2030,sc01,04-12 00:00:00+02:00,0.5613189215255323
2030,sc01,04-12 01:00:00+02:00,0.5139403787668027
2030,sc01,04-12 02:00:00+02:00,0.4907353625871575
2030,sc01,04-12 03:00:00+02:00,0.470361714218612
2030,sc01,04-12 04:00:00+02:00,0.4627935868545495
2030,sc01,04-12 05:00:00+02:00,0.48208141550194705
2030,sc01,04-12 06:00:00+02:00,0.4712577425362895
2030,sc01,04-12 07:00:00+02:00,0.3516402396599353
2030,sc01,04-12 08:00:00+02:00,0.19819074433258665
2030,sc01,04-12 09:00:00+02:00,0.06571341398280366
2030,sc01,04-12 10:00:00+02:00,0.0
2030,sc01,04-12 11:00:00+02:00,0.0
2030,sc01,04-12 12:00:00+02:00,0.0
2030,sc01,04-12 13:00:00+02:00,0.0
2030,sc01,04-12 14:00:00+02:00,0.0
2030,sc01,04-12 15:00:00+02:00,0.031699692908501206
2030,sc01,04-12 16:00:00+02:00,0.18857328678074134
2030,sc01,04-12 17:00:00+02:00,0.3800305527372968
2030,sc01,04-12 18:00:00+02:00,0.5260181348817045
2030,sc01,04-12 19:00:00+02:00,0.5869876594382032
2030,sc01,04-12 20:00:00+02:00,0.7400631884344369
2030,sc01,04-12 21:00:00+02:00,0.7628658730354807
2030,sc01,04-12 22:00:00+02:00,0.7264009858427184
2030,sc01,04-12 23:00:00+02:00,0.673715552517556
2030,sc01,04-19 00:00:00+02:00,0.2739880992713789
2030,sc01,04-19 01:00:00+02:00,0.23983917013165357
2030,sc01,04-19 02:00:00+02:00,0.2168518704483839
2030,sc01,04-19 03:00:00+02:00,0.18931979127767729
2030,sc01,04-19 04:00:00+02:00,0.18296611320155787
2030,sc01,04-19 05:00:00+02:00,0.1831345978622738
2030,sc01,04-19 06:00:00+02:00,0.15492849260203562
2030,sc01,04-19 07:00:00+02:00,0.10174132712537336
2030,sc01,04-19 08:00:00+02:00,0.06692210022206879
2030,sc01,04-19 09:00:00+02:00,0.013759011960414288
2030,sc01,04-19 10:00:00+02:00,0.0
2030,sc01,04-19 11:00:00+02:00,0.0
2030,sc01,04-19 12:00:00+02:00,0.0
2030,sc01,04-19 13:00:00+02:00,0.0
2030,sc01,04-19 14:00:00+02:00,0.0
2030,sc01,04-19 15:00:00+02:00,0.0
2030,sc01,04-19 16:00:00+02:00,0.008286409287604104
2030,sc01,04-19 17:00:00+02:00,0.09421176359199682
2030,sc01,04-19 18:00:00+02:00,0.1831372724889416
2030,sc01,04-19 19:00:00+02:00,0.2561352052348811
2030,sc01,04-19 20:00:00+02:00,0.36730979328660013
2030,sc01,04-19 21:00:00+02:00,0.38822289166770474
2030,sc01,04-19 22:00:00+02:00,0.36464523153641426
2030,sc01,04-19 23:00:00+02:00,0.33044464023402054
2030,sc01,04-25 00:00:00+02:00,0.06252252997416757
2030,sc01,04-25 01:00:00+02:00,0.0
2030,sc01,04-25 02:00:00+02:00,0.0
2030,sc01,04-25 03:00:00+02:00,0.0
2030,sc01,04-25 04:00:00+02:00,0.0
2030,sc01,04-25 05:00:00+02:00,0.0
2030,sc01,04-25 06:00:00+02:00,0.0
2030,sc01,04-25 07:00:00+02:00,0.0
2030,sc01,04-25 08:00:00+02:00,0.0
2030,sc01,04-25 09:00:00+02:00,0.0
2030,sc01,04-25 10:00:00+02:00,0.0
2030,sc01,04-25 11:00:00+02:00,0.0
2030,sc01,04-25 12:00:00+02:00,0.0
2030,sc01,04-25 13:00:00+02:00,0.0
2030,sc01,04-25 14:00:00+02:00,0.0
2030,sc01,04-25 15:00:00+02:00,0.0
2030,sc01,04-25 16:00:00+02:00,0.0
2030,sc01,04-25 17:00:00+02:00,0.0
2030,sc01,04-25 18:00:00+02:00,0.0
2030,sc01,04-25 19:00:00+02:00,0.0
2030,sc01,04-25 20:00:00+02:00,0.11125804426996118
2030,sc01,04-25 21:00:00+02:00,0.10843188741238322
2030,sc01,04-25 22:00:00+02:00,0.012054969394226078
2030,sc01,04-25 23:00:00+02:00,0.0
2030,sc01,04-26 00:00:00+02:00,0.0
2030,sc01,04-26 01:00:00+02:00,0.0
2030,sc01,04-26 02:00:00+02:00,0.0
2030,sc01,04-26 03:00:00+02:00,0.0
2030,sc01,04-26 04:00:00+02:00,0.0
2030,sc01,04-26 05:00:00+02:00,0.0
2030,sc01,04-26 06:00:00+02:00,0.0
2030,sc01,04-26 07:00:00+02:00,0.0
2030,sc01,04-26 08:00:00+02:00,0.0
2030,sc01,04-26 09:00:00+02:00,0.0
2030,sc01,04-26 10:00:00+02:00,0.0
2030,sc01,04-26 11:00:00+02:00,0.0
2030,sc01,04-26 12:00:00+02:00,0.0
2030,sc01,04-26 13:00:00+02:00,0.0
2030,sc01,04-26 14:00:00+02:00,0.0
2030,sc01,04-26 15:00:00+02:00,0.0
2030,sc01,04-26 16:00:00+02:00,0.0
2030,sc01,04-26 17:00:00+02:00,0.1441674241724385
2030,sc01,04-26 18:00:00+02:00,0.43975850127349736
2030,sc01,04-26 19:00:00+02:00,0.5851183669920919
2030,sc01,04-26 20:00:00+02:00,0.7406528463015127
2030,sc01,04-26 21:00:00+02:00,0.7469663130662859
2030,sc01,04-26 22:00:00+02:00,0.6531099244003501
2030,sc01,04-26 23:00:00+02:00,0.5320412069711421
2030,sc01,04-30 00:00:00+02:00,0.08261910992630364
2030,sc01,04-30 01:00:00+02:00,0.08027385111441356
2030,sc01,04-30 02:00:00+02:00,0.08050423125890105
2030,sc01,04-30 03:00:00+02:00,0.08128869655174605
2030,sc01,04-30 04:00:00+02:00,0.0827925017965459
2030,sc01,04-30 05:00:00+02:00,0.09205159973038102
2030,sc01,04-30 06:00:00+02:00,0.0981072398776614
2030,sc01,04-30 07:00:00+02:00,0.08659198518993806
2030,sc01,04-30 08:00:00+02:00,0.06339188724469749
2030,sc01,04-30 09:00:00+02:00,0.036400478832303136
2030,sc01,04-30 10:00:00+02:00,0.018418364807358815
2030,sc01,04-30 11:00:00+02:00,0.008671389647962779
2030,sc01,04-30 12:00:00+02:00,0.004859016560347111
2030,sc01,04-30 13:00:00+02:00,0.002060343470894256
2030,sc01,04-30 14:00:00+02:00,0.007078205030061995
2030,sc01,04-30 15:00:00+02:00,0.020706069269932695
2030,sc01,04-30 16:00:00+02:00,0.039766266087729776
2030,sc01,04-30 17:00:00+02:00,0.06164971430047803
2030,sc01,04-30 18:00:00+02:00,0.07747818158661146
2030,sc01,04-30 19:00:00+02:00,0.08445745280161705
2030,sc01,04-30 20:00:00+02:00,0.09666554539022171
2030,sc01,04-30 21:00:00+02:00,0.09575335038527297
2030,sc01,04-30 22:00:00+02:00,0.0897697459413576
2030,sc01,04-30 23:00:00+02:00,0.08540146142591885
2030,sc01,05-01 00:00:00+02:00,0.7155115682393414
2030,sc01,05-01 01:00:00+02:00,0.6627184845349895
2030,sc01,05-01 02:00:00+02:00,0.6246529243799076
2030,sc01,05-01 03:00:00+02:00,0.599468428287106
2030,sc01,05-01 04:00:00+02:00,0.5718187692389485
2030,sc01,05-01 05:00:00+02:00,0.5527068626322851
2030,sc01,05-01 06:00:00+02:00,0.4721253475687671
2030,sc01,05-01 07:00:00+02:00,0.29469680298267775
2030,sc01,05-01 08:00:00+02:00,0.1258566954151702
2030,sc01,05-01 09:00:00+02:00,0.0
2030,sc01,05-01 10:00:00+02:00,0.0
2030,sc01,05-01 11:00:00+02:00,0.0
2030,sc01,05-01 12:00:00+02:00,0.0
2030,sc01,05-01 13:00:00+02:00,0.0
2030,sc01,05-01 14:00:00+02:00,0.0
2030,sc01,05-01 15:00:00+02:00,0.0
2030,sc01,05-01 16:00:00+02:00,0.0
2030,sc01,05-01 17:00:00+02:00,0.01192359900607889
2030,sc01,05-01 18:00:00+02:00,0.23219126606119872
2030,sc01,05-01 19:00:00+02:00,0.3457162368362422
2030,sc01,05-01 20:00:00+02:00,0.46013127450327884
2030,sc01,05-01 21:00:00+02:00,0.47941893305120525
2030,sc01,05-01 22:00:00+02:00,0.437965895538974
2030,sc01,05-01 23:00:00+02:00,0.40046424915721424
2030,sc01,05-02 00:00:00+02:00,0.1201008967206913
2030,sc01,05-02 01:00:00+02:00,0.11283269453600608
2030,sc01,05-02 02:00:00+02:00,0.11538249411998364
2030,sc01,05-02 03:00:00+02:00,0.1186012106293137
2030,sc01,05-02 04:00:00+02:00,0.12214123517582029
2030,sc01,05-02 05:00:00+02:00,0.13433406099909345
2030,sc01,05-02 06:00:00+02:00,0.1131772351574176
2030,sc01,05-02 07:00:00+02:00,0.06843818148180318
2030,sc01,05-02 08:00:00+02:00,0.024271538601602742
2030,sc01,05-02 09:00:00+02:00,0.0
2030,sc01,05-02 10:00:00+02:00,0.0
2030,sc01,05-02 11:00:00+02:00,0.0
2030,sc01,05-02 12:00:00+02:00,0.0
2030,sc01,05-02 13:00:00+02:00,0.0
2030,sc01,05-02 14:00:00+02:00,0.0
2030,sc01,05-02 15:00:00+02:00,0.0
2030,sc01,05-02 16:00:00+02:00,0.018226538600464512
2030,sc01,05-02 17:00:00+02:00,0.07463329159614061
2030,sc01,05-02 18:00:00+02:00,0.1361408679838761
2030,sc01,05-02 19:00:00+02:00,0.1776340241728731
2030,sc01,05-02 20:00:00+02:00,0.2196481707724208
2030,sc01,05-02 21:00:00+02:00,0.2270008383430789
2030,sc01,05-02 22:00:00+02:00,0.20490798230015167
2030,sc01,05-02 23:00:00+02:00,0.18402547917452938
2030,sc01,05-05 00:00:00+02:00,0.018857271487509167
2030,sc01,05-05 01:00:00+02:00,0.014634410542861121
2030,sc01,05-05 02:00:00+02:00,0.014897715745709077
2030,sc01,05-05 03:00:00+02:00,0.018399538499398866
2030,sc01,05-05 04:00:00+02:00,0.023913079103364474
2030,sc01,05-05 05:00:00+02:00,0.0316720687281591
2030,sc01,05-05 06:00:00+02:00,0.03761374209973404
2030,sc01,05-05 07:00:00+02:00,0.02167129683748215
2030,sc01,05-05 08:00:00+02:00,0.0022788729958537544
2030,sc01,05-05 09:00:00+02:00,0.0
2030,sc01,05-05 10:00:00+02:00,0.0
2030,sc01,05-05 11:00:00+02:00,0.0
2030,sc01,05-05 12:00:00+02:00,0.0
2030,sc01,05-05 13:00:00+02:00,0.0
2030,sc01,05-05 14:00:00+02:00,0.0
2030,sc01,05-05 15:00:00+02:00,0.0
2030,sc01,05-05 16:00:00+02:00,0.002321513380138498
2030,sc01,05-05 17:00:00+02:00,0.025818306222933136
2030,sc01,05-05 18:00:00+02:00,0.04533375046916168
2030,sc01,05-05 19:00:00+02:00,0.05478117249133666
2030,sc01,05-05 20:00:00+02:00,0.06536572538512203
2030,sc01,05-05 21:00:00+02:00,0.06642577997087643
2030,sc01,05-05 22:00:00+02:00,0.06034898911677889
2030,sc01,05-05 23:00:00+02:00,0.05732495516540964
2030,sc01,05-09 00:00:00+02:00,0.00578761169718426
2030,sc01,05-09 01:00:00+02:00,0.0018333971246989739
2030,sc01,05-09 02:00:00+02:00,0.0028067090788471793
2030,sc01,05-09 03:00:00+02:00,0.003989988871713264
2030,sc01,05-09 04:00:00+02:00,0.007358551331006644
2030,sc01,05-09 05:00:00+02:00,0.01209561536329895
2030,sc01,05-09 06:00:00+02:00,0.014830262414393489
2030,sc01,05-09 07:00:00+02:00,0.005220091992423431
2030,sc01,05-09 08:00:00+02:00,0.0
2030,sc01,05-09 09:00:00+02:00,0.0
2030,sc01,05-09 10:00:00+02:00,0.0
2030,sc01,05-09 11:00:00+02:00,0.00022546183545926757
2030,sc01,05-09 12:00:00+02:00,0.002554739739231626
2030,sc01,05-09 13:00:00+02:00,0.0014663789647948895
2030,sc01,05-09 14:00:00+02:00,0.0
2030,sc01,05-09 15:00:00+02:00,0.001816448721401828
2030,sc01,05-09 16:00:00+02:00,0.01674839636285192
2030,sc01,05-09 17:00:00+02:00,0.037547059714741995
2030,sc01,05-09 18:00:00+02:00,0.051796655846653064
2030,sc01,05-09 19:00:00+02:00,0.052955311048615276
2030,sc01,05-09 20:00:00+02:00,0.05461714579703944
2030,sc01,05-09 21:00:00+02:00,0.04951769143824683
2030,sc01,05-09 22:00:00+02:00,0.038690241581251186
2030,sc01,05-09 23:00:00+02:00,0.026877149476371626
2030,sc01,05-11 00:00:00+02:00,0.0979917591469425
2030,sc01,05-11 01:00:00+02:00,0.0854443039050543
2030,sc01,05-11 02:00:00+02:00,0.08110265144457576
2030,sc01,05-11 03:00:00+02:00,0.08617965567009409
2030,sc01,05-11 04:00:00+02:00,0.09949971482868541
2030,sc01,05-11 05:00:00+02:00,0.12670989261617774
2030,sc01,05-11 06:00:00+02:00,0.13813149680737105
2030,sc01,05-11 07:00:00+02:00,0.1067351596057958
2030,sc01,05-11 08:00:00+02:00,0.06125583863570248
2030,sc01,05-11 09:00:00+02:00,0.022862465195445054
2030,sc01,05-11 10:00:00+02:00,0.0
2030,sc01,05-11 11:00:00+02:00,0.0
2030,sc01,05-11 12:00:00+02:00,0.0
2030,sc01,05-11 13:00:00+02:00,0.0
2030,sc01,05-11 14:00:00+02:00,0.0
2030,sc01,05-11 15:00:00+02:00,0.01770093656261804
2030,sc01,05-11 16:00:00+02:00,0.05163739181460354
2030,sc01,05-11 17:00:00+02:00,0.09371248369658436
2030,sc01,05-11 18:00:00+02:00,0.1313216662238299
2030,sc01,05-11 19:00:00+02:00,0.13953264159851053
2030,sc01,05-11 20:00:00+02:00,0.15108737004674594
2030,sc01,05-11 21:00:00+02:00,0.14783078508203437
2030,sc01,05-11 22:00:00+02:00,0.12919991846298173
2030,sc01,05-11 23:00:00+02:00,0.11631889918874899
2030,sc01,05-15 00:00:00+02:00,0.24801130834206966
2030,sc01,05-15 01:00:00+02:00,0.23785724092295027
2030,sc01,05-15 02:00:00+02:00,0.23542392964975517
2030,sc01,05-15 03:00:00+02:00,0.23381452946900622
2030,sc01,05-15 04:00:00+02:00,0.23194916679471633
2030,sc01,05-15 05:00:00+02:00,0.23763640653273813
2030,sc01,05-15 06:00:00+02:00,0.23613217161089722
2030,sc01,05-15 07:00:00+02:00,0.207796947867973
2030,sc01,05-15 08:00:00+02:00,0.14003023327888603
2030,sc01,05-15 09:00:00+02:00,0.07445475900391592
2030,sc01,05-15 10:00:00+02:00,0.034508277915891415
2030,sc01,05-15 11:00:00+02:00,0.012326471050019331
2030,sc01,05-15 12:00:00+02:00,0.0
2030,sc01,05-15 13:00:00+02:00,0.0
2030,sc01,05-15 14:00:00+02:00,0.0
2030,sc01,05-15 15:00:00+02:00,0.026180357881713377
2030,sc01,05-15 16:00:00+02:00,0.0907210116631885
2030,sc01,05-15 17:00:00+02:00,0.16679080459271445
2030,sc01,05-15 18:00:00+02:00,0.23127052998513603
2030,sc01,05-15 19:00:00+02:00,0.2571462903766283
2030,sc01,05-15 20:00:00+02:00,0.2778242203736294
2030,sc01,05-15 21:00:00+02:00,0.27826266634079777
2030,sc01,05-15 22:00:00+02:00,0.25900322685203603
2030,sc01,05-15 23:00:00+02:00,0.2443807179251728
2030,sc01,05-16 00:00:00+02:00,0.37190695598611506
2030,sc01,05-16 01:00:00+02:00,0.3306840122906025
2030,sc01,05-16 02:00:00+02:00,0.29773264098343427
2030,sc01,05-16 03:00:00+02:00,0.28606278419114384
2030,sc01,05-16 04:00:00+02:00,0.29181779343357206
2030,sc01,05-16 05:00:00+02:00,0.30346757098795113
2030,sc01,05-16 06:00:00+02:00,0.27020984834635
2030,sc01,05-16 07:00:00+02:00,0.17590469838329892
2030,sc01,05-16 08:00:00+02:00,0.06810037921221199
2030,sc01,05-16 09:00:00+02:00,0.0
2030,sc01,05-16 10:00:00+02:00,0.0
2030,sc01,05-16 11:00:00+02:00,0.0
2030,sc01,05-16 12:00:00+02:00,0.0
2030,sc01,05-16 13:00:00+02:00,0.0
2030,sc01,05-16 14:00:00+02:00,0.0
2030,sc01,05-16 15:00:00+02:00,0.0
2030,sc01,05-16 16:00:00+02:00,0.0
2030,sc01,05-16 17:00:00+02:00,0.0
2030,sc01,05-16 18:00:00+02:00,0.010304633474101042
2030,sc01,05-16 19:00:00+02:00,0.04398915801447299
2030,sc01,05-16 20:00:00+02:00,0.06624655058642992
2030,sc01,05-16 21:00:00+02:00,0.08080217755647527
2030,sc01,05-16 22:00:00+02:00,0.04634132099582285
2030,sc01,05-16 23:00:00+02:00,0.011789414189201534
2030,sc01,05-17 00:00:00+02:00,0.0
2030,sc01,05-17 01:00:00+02:00,0.0
2030,sc01,05-17 02:00:00+02:00,0.0
2030,sc01,05-17 03:00:00+02:00,0.0
2030,sc01,05-17 04:00:00+02:00,0.0
2030,sc01,05-17 05:00:00+02:00,0.0
2030,sc01,05-17 06:00:00+02:00,0.0
2030,sc01,05-17 07:00:00+02:00,0.0
2030,sc01,05-17 08:00:00+02:00,0.0
2030,sc01,05-17 09:00:00+02:00,0.0
2030,sc01,05-17 10:00:00+02:00,0.0
2030,sc01,05-17 11:00:00+02:00,0.0
2030,sc01,05-17 12:00:00+02:00,0.0
2030,sc01,05-17 13:00:00+02:00,0.0
2030,sc01,05-17 14:00:00+02:00,0.0
2030,sc01,05-17 15:00:00+02:00,0.0
2030,sc01,05-17 16:00:00+02:00,0.0
2030,sc01,05-17 17:00:00+02:00,0.0
2030,sc01,05-17 18:00:00+02:00,0.0
2030,sc01,05-17 19:00:00+02:00,0.2792883086109384
2030,sc01,05-17 20:00:00+02:00,0.5488120458984862
2030,sc01,05-17 21:00:00+02:00,0.6145339559387438
2030,sc01,05-17 22:00:00+02:00,0.4597283571330951
2030,sc01,05-17 23:00:00+02:00,0.2907399359421359
2030,sc01,05-18 00:00:00+02:00,0.008317475413404178
2030,sc01,05-18 01:00:00+02:00,0.0033950703995561018
2030,sc01,05-18 02:00:00+02:00,0.0015931953085715587
2030,sc01,05-18 03:00:00+02:00,0.003900899771630277
2030,sc01,05-18 04:00:00+02:00,0.00964202023151993
2030,sc01,05-18 05:00:00+02:00,0.022466420217710843
2030,sc01,05-18 06:00:00+02:00,0.032215389462509035
2030,sc01,05-18 07:00:00+02:00,0.022584104008289883
2030,sc01,05-18 08:00:00+02:00,0.0
2030,sc01,05-18 09:00:00+02:00,0.0
2030,sc01,05-18 10:00:00+02:00,0.0
2030,sc01,05-18 11:00:00+02:00,0.0
2030,sc01,05-18 12:00:00+02:00,0.0
2030,sc01,05-18 13:00:00+02:00,0.0
2030,sc01,05-18 14:00:00+02:00,0.0
2030,sc01,05-18 15:00:00+02:00,0.0
2030,sc01,05-18 16:00:00+02:00,0.0
2030,sc01,05-18 17:00:00+02:00,0.021248018845739854
2030,sc01,05-18 18:00:00+02:00,0.04369174111400667
2030,sc01,05-18 19:00:00+02:00,0.05475737970263647
2030,sc01,05-18 20:00:00+02:00,0.05827273434415633
2030,sc01,05-18 21:00:00+02:00,0.05296504469454255
2030,sc01,05-18 22:00:00+02:00,0.04318383401257371
2030,sc01,05-18 23:00:00+02:00,0.03829655241737404
2030,sc01,05-19 00:00:00+02:00,0.03382294899833405
2030,sc01,05-19 01:00:00+02:00,0.033116036428461705
2030,sc01,05-19 02:00:00+02:00,0.03321375624170293
2030,sc01,05-19 03:00:00+02:00,0.03501267421029824
2030,sc01,05-19 04:00:00+02:00,0.03960654355769857
2030,sc01,05-19 05:00:00+02:00,0.04943443071579669
2030,sc01,05-19 06:00:00+02:00,0.054550769057721604
2030,sc01,05-19 07:00:00+02:00,0.05069023794816736
2030,sc01,05-19 08:00:00+02:00,0.03097793759223426
2030,sc01,05-19 09:00:00+02:00,0.003198194732370002
2030,sc01,05-19 10:00:00+02:00,0.0
2030,sc01,05-19 11:00:00+02:00,0.0
2030,sc01,05-19 12:00:00+02:00,0.0
2030,sc01,05-19 13:00:00+02:00,0.0
2030,sc01,05-19 14:00:00+02:00,0.0
2030,sc01,05-19 15:00:00+02:00,0.00390767865743773
2030,sc01,05-19 16:00:00+02:00,0.026209346368075752
2030,sc01,05-19 17:00:00+02:00,0.05150073109314644
2030,sc01,05-19 18:00:00+02:00,0.07306495668165897
2030,sc01,05-19 19:00:00+02:00,0.08458524962077167
2030,sc01,05-19 20:00:00+02:00,0.091198586660607
2030,sc01,05-19 21:00:00+02:00,0.09221103617611981
2030,sc01,05-19 22:00:00+02:00,0.08438886233634464
2030,sc01,05-19 23:00:00+02:00,0.08082613580473068
2030,sc01,05-20 00:00:00+02:00,0.07679810293096251
2030,sc01,05-20 01:00:00+02:00,0.07491999462527593
2030,sc01,05-20 02:00:00+02:00,0.07495236953311164
2030,sc01,05-20 03:00:00+02:00,0.07632284658038249
2030,sc01,05-20 04:00:00+02:00,0.0795314600381523
2030,sc01,05-20 05:00:00+02:00,0.08679879049230332
2030,sc01,05-20 06:00:00+02:00,0.08957114938286939
2030,sc01,05-20 07:00:00+02:00,0.0784325045963071
2030,sc01,05-20 08:00:00+02:00,0.05759174106780687
2030,sc01,05-20 09:00:00+02:00,0.00039289511206725325
2030,sc01,05-20 10:00:00+02:00,0.03012938760656594
2030,sc01,05-20 11:00:00+02:00,0.025385674025857827
2030,sc01,05-20 12:00:00+02:00,0.023880872518701267
2030,sc01,05-20 13:00:00+02:00,0.021626001609110893
2030,sc01,05-20 14:00:00+02:00,0.023344245622867188
2030,sc01,05-20 15:00:00+02:00,0.034307216906905684
2030,sc01,05-20 16:00:00+02:00,0.05101337869271763
2030,sc01,05-20 17:00:00+02:00,0.0701659161531742
2030,sc01,05-20 18:00:00+02:00,0.08497179306289078
2030,sc01,05-20 19:00:00+02:00,0.09072348835465677
2030,sc01,05-20 20:00:00+02:00,0.09670066559856662
2030,sc01,05-20 21:00:00+02:00,0.09636479922080045
2030,sc01,05-20 22:00:00+02:00,0.0888560656330835
2030,sc01,05-20 23:00:00+02:00,0.08475174990712638
2030,sc01,05-21 00:00:00+02:00,0.24148433043140458
2030,sc01,05-21 01:00:00+02:00,0.23766083281028355
2030,sc01,05-21 02:00:00+02:00,0.23793003215452818
2030,sc01,05-21 03:00:00+02:00,0.23646821780587823
2030,sc01,05-21 04:00:00+02:00,0.24050721625793514
2030,sc01,05-21 05:00:00+02:00,0.257186515931426
2030,sc01,05-21 06:00:00+02:00,0.26893891276036047
2030,sc01,05-21 07:00:00+02:00,0.2295916198537993
2030,sc01,05-21 08:00:00+02:00,0.15619155444947075
2030,sc01,05-21 09:00:00+02:00,0.10300649624136127
2030,sc01,05-21 10:00:00+02:00,0.06021178966251424
2030,sc01,05-21 11:00:00+02:00,0.02977700723938149
2030,sc01,05-21 12:00:00+02:00,0.0046480163196267335
2030,sc01,05-21 13:00:00+02:00,0.0
2030,sc01,05-21 14:00:00+02:00,0.0
2030,sc01,05-21 15:00:00+02:00,0.029108868957714
2030,sc01,05-21 16:00:00+02:00,0.08688290184998981
2030,sc01,05-21 17:00:00+02:00,0.15427647233558606
2030,sc01,05-21 18:00:00+02:00,0.21159932429019127
2030,sc01,05-21 19:00:00+02:00,0.2309566150932386
2030,sc01,05-21 20:00:00+02:00,0.2524687346125586
2030,sc01,05-21 21:00:00+02:00,0.2638996264670245
2030,sc01,05-21 22:00:00+02:00,0.24937293703006408
2030,sc01,05-21 23:00:00+02:00,0.243569202489083
2030,sc01,05-22 00:00:00+02:00,0.07793061455793741
2030,sc01,05-22 01:00:00+02:00,0.07505644218824684
2030,sc01,05-22 02:00:00+02:00,0.0724364703390007
2030,sc01,05-22 03:00:00+02:00,0.07033963961101819
2030,sc01,05-22 04:00:00+02:00,0.07225905697576143
2030,sc01,05-22 05:00:00+02:00,0.07846942917305089
2030,sc01,05-22 06:00:00+02:00,0.08581838486611139
2030,sc01,05-22 07:00:00+02:00,0.07933674827320088
2030,sc01,05-22 08:00:00+02:00,0.057039384129563137
2030,sc01,05-22 09:00:00+02:00,0.03969832376770081
2030,sc01,05-22 10:00:00+02:00,0.02936013140580593
2030,sc01,05-22 11:00:00+02:00,0.022906849849073117
2030,sc01,05-22 12:00:00+02:00,0.018297693951062767
2030,sc01,05-22 13:00:00+02:00,0.013686094722826626
2030,sc01,05-22 14:00:00+02:00,0.016400338010853104
2030,sc01,05-22 15:00:00+02:00,0.026186669741524442
2030,sc01,05-22 16:00:00+02:00,0.0448325420604741
2030,sc01,05-22 17:00:00+02:00,0.06699447481415985
2030,sc01,05-22 18:00:00+02:00,0.08465039734130539
2030,sc01,05-22 19:00:00+02:00,0.09214287591811113
2030,sc01,05-22 20:00:00+02:00,0.09923969184337988
2030,sc01,05-22 21:00:00+02:00,0.10029103082814272
2030,sc01,05-22 22:00:00+02:00,0.09362083663044404
2030,sc01,05-22 23:00:00+02:00,0.08847505677405096
2030,sc01,05-24 00:00:00+02:00,0.04929056642389418
2030,sc01,05-24 01:00:00+02:00,0.04147168471653057
2030,sc01,05-24 02:00:00+02:00,0.039212797007016395
2030,sc01,05-24 03:00:00+02:00,0.037859321035293915
2030,sc01,05-24 04:00:00+02:00,0.03617872320655068
2030,sc01,05-24 05:00:00+02:00,0.03459550945108829
2030,sc01,05-24 06:00:00+02:00,0.02682378038122249
2030,sc01,05-24 07:00:00+02:00,0.017374026439665794
2030,sc01,05-24 08:00:00+02:00,0.007339861224155298
2030,sc01,05-24 09:00:00+02:00,0.0
2030,sc01,05-24 10:00:00+02:00,0.0
2030,sc01,05-24 11:00:00+02:00,0.0
2030,sc01,05-24 12:00:00+02:00,0.0
2030,sc01,05-24 13:00:00+02:00,0.0
2030,sc01,05-24 14:00:00+02:00,0.0
2030,sc01,05-24 15:00:00+02:00,0.0
2030,sc01,05-24 16:00:00+02:00,0.0
2030,sc01,05-24 17:00:00+02:00,0.011500904832326334
2030,sc01,05-24 18:00:00+02:00,0.03197645770780061
2030,sc01,05-24 19:00:00+02:00,0.0472798360352033
2030,sc01,05-24 20:00:00+02:00,0.05718322079964721
2030,sc01,05-24 21:00:00+02:00,0.06283581767852849
2030,sc01,05-24 22:00:00+02:00,0.057681075186074515
2030,sc01,05-24 23:00:00+02:00,0.05377673944700066
2030,sc01,06-01 00:00:00+02:00,0.07418746511651744
2030,sc01,06-01 01:00:00+02:00,0.06700895210975659
2030,sc01,06-01 02:00:00+02:00,0.06225151154885949
2030,sc01,06-01 03:00:00+02:00,0.0589643049249569
2030,sc01,06-01 04:00:00+02:00,0.056972396549893764
2030,sc01,06-01 05:00:00+02:00,0.05818871460364021
2030,sc01,06-01 06:00:00+02:00,0.061311865451645714
2030,sc01,06-01 07:00:00+02:00,0.06053248721832057
2030,sc01,06-01 08:00:00+02:00,0.04637885597810562
2030,sc01,06-01 09:00:00+02:00,0.03419173883698989
2030,sc01,06-01 10:00:00+02:00,0.024969631771784358
2030,sc01,06-01 11:00:00+02:00,0.02049858283254209
2030,sc01,06-01 12:00:00+02:00,0.018684493021908017
2030,sc01,06-01 13:00:00+02:00,0.01701887395013874
2030,sc01,06-01 14:00:00+02:00,0.02049210105609545
2030,sc01,06-01 15:00:00+02:00,0.03462267578696169
2030,sc01,06-01 16:00:00+02:00,0.0575082442985922
2030,sc01,06-01 17:00:00+02:00,0.08332810252786008
2030,sc01,06-01 18:00:00+02:00,0.10228062756855015
2030,sc01,06-01 19:00:00+02:00,0.10614444127830353
2030,sc01,06-01 20:00:00+02:00,0.10686714243714507
2030,sc01,06-01 21:00:00+02:00,0.1025709414261189
2030,sc01,06-01 22:00:00+02:00,0.08752946552339434
2030,sc01,06-01 23:00:00+02:00,0.07817660596344049
2030,sc01,06-04 00:00:00+02:00,0.9493852435068681
2030,sc01,06-04 01:00:00+02:00,0.8781025967283262
2030,sc01,06-04 02:00:00+02:00,0.7791900713944456
2030,sc01,06-04 03:00:00+02:00,0.7474318488628602
2030,sc01,06-04 04:00:00+02:00,0.7113945580123253
2030,sc01,06-04 05:00:00+02:00,0.7140253850363123
2030,sc01,06-04 06:00:00+02:00,0.728161843526818
2030,sc01,06-04 07:00:00+02:00,0.42418566147798553
2030,sc01,06-04 08:00:00+02:00,0.0
2030,sc01,06-04 09:00:00+02:00,0.0
2030,sc01,06-04 10:00:00+02:00,0.0
2030,sc01,06-04 11:00:00+02:00,0.0
2030,sc01,06-04 12:00:00+02:00,0.0
2030,sc01,06-04 13:00:00+02:00,0.0
2030,sc01,06-04 14:00:00+02:00,0.0
2030,sc01,06-04 15:00:00+02:00,0.0
2030,sc01,06-04 16:00:00+02:00,0.0
2030,sc01,06-04 17:00:00+02:00,0.22726807159700657
2030,sc01,06-04 18:00:00+02:00,0.5360374291439327
2030,sc01,06-04 19:00:00+02:00,0.7301047865417112
2030,sc01,06-04 20:00:00+02:00,0.885014413872876
2030,sc01,06-04 21:00:00+02:00,0.9987401271692669
2030,sc01,06-04 22:00:00+02:00,0.9519719165420458
2030,sc01,06-04 23:00:00+02:00,0.8853062426352384
2030,sc01,06-07 00:00:00+02:00,0.0
2030,sc01,06-07 01:00:00+02:00,0.0
2030,sc01,06-07 02:00:00+02:00,0.0
2030,sc01,06-07 03:00:00+02:00,0.0
2030,sc01,06-07 04:00:00+02:00,0.0
2030,sc01,06-07 05:00:00+02:00,0.0
2030,sc01,06-07 06:00:00+02:00,0.0
2030,sc01,06-07 07:00:00+02:00,0.0
2030,sc01,06-07 08:00:00+02:00,0.0
2030,sc01,06-07 09:00:00+02:00,0.0
2030,sc01,06-07 10:00:00+02:00,0.0
2030,sc01,06-07 11:00:00+02:00,0.0
2030,sc01,06-07 12:00:00+02:00,0.0
2030,sc01,06-07 13:00:00+02:00,0.0
2030,sc01,06-07 14:00:00+02:00,0.0
2030,sc01,06-07 15:00:00+02:00,0.0
2030,sc01,06-07 16:00:00+02:00,0.0
2030,sc01,06-07 17:00:00+02:00,0.7612516287338673
2030,sc01,06-07 18:00:00+02:00,2.148591433353686
2030,sc01,06-07 19:00:00+02:00,2.8757167849516443
2030,sc01,06-07 20:00:00+02:00,3.4760113841243063
2030,sc01,06-07 21:00:00+02:00,4.071849635060207
2030,sc01,06-07 22:00:00+02:00,3.980776769207437
2030,sc01,06-07 23:00:00+02:00,3.779330743952415
2030,sc01,06-13 00:00:00+02:00,0.09346765383484962
2030,sc01,06-13 01:00:00+02:00,0.08797592577570743
2030,sc01,06-13 02:00:00+02:00,0.08530936578336207
2030,sc01,06-13 03:00:00+02:00,0.0836830128344487
2030,sc01,06-13 04:00:00+02:00,0.08249615921032728
2030,sc01,06-13 05:00:00+02:00,0.08044053494562192
2030,sc01,06-13 06:00:00+02:00,0.0741864955849814
2030,sc01,06-13 07:00:00+02:00,0.0620199019470739
2030,sc01,06-13 08:00:00+02:00,0.01005797607633271
2030,sc01,06-13 09:00:00+02:00,0.0
2030,sc01,06-13 10:00:00+02:00,0.0
2030,sc01,06-13 11:00:00+02:00,0.020430567008725562
2030,sc01,06-13 12:00:00+02:00,0.01723301935995642
2030,sc01,06-13 13:00:00+02:00,0.010345578096146335
2030,sc01,06-13 14:00:00+02:00,0.007146426067319028
2030,sc01,06-13 15:00:00+02:00,0.008525367386084347
2030,sc01,06-13 16:00:00+02:00,0.02317841150861664
2030,sc01,06-13 17:00:00+02:00,0.04662708736610789
2030,sc01,06-13 18:00:00+02:00,0.06973734122376797
2030,sc01,06-13 19:00:00+02:00,0.08246758181045644
2030,sc01,06-13 20:00:00+02:00,0.09103616961412517
2030,sc01,06-13 21:00:00+02:00,0.09613338207275153
2030,sc01,06-13 22:00:00+02:00,0.09262084297695654
2030,sc01,06-13 23:00:00+02:00,0.08727445182796019
2030,sc01,06-14 00:00:00+02:00,0.08141205959179627
2030,sc01,06-14 01:00:00+02:00,0.07765941956030115
2030,sc01,06-14 02:00:00+02:00,0.07469281047229846
2030,sc01,06-14 03:00:00+02:00,0.07258640613372812
2030,sc01,06-14 04:00:00+02:00,0.07068729711510827
2030,sc01,06-14 05:00:00+02:00,0.06744372787168514
2030,sc01,06-14 06:00:00+02:00,0.059987986701428936
2030,sc01,06-14 07:00:00+02:00,0.04303561543475899
2030,sc01,06-14 08:00:00+02:00,0.02655767761934575
2030,sc01,06-14 09:00:00+02:00,0.015175065684807906
2030,sc01,06-14 10:00:00+02:00,0.006088538586013798
2030,sc01,06-14 11:00:00+02:00,0.0
2030,sc01,06-14 12:00:00+02:00,0.0
2030,sc01,06-14 13:00:00+02:00,0.0
2030,sc01,06-14 14:00:00+02:00,0.0
2030,sc01,06-14 15:00:00+02:00,0.0014491376460597366
2030,sc01,06-14 16:00:00+02:00,0.01798862661733133
2030,sc01,06-14 17:00:00+02:00,0.04152336445157066
2030,sc01,06-14 18:00:00+02:00,0.06245643029245652
2030,sc01,06-14 19:00:00+02:00,0.07501336192840727
2030,sc01,06-14 20:00:00+02:00,0.08069931030979768
2030,sc01,06-14 21:00:00+02:00,0.08519070823565396
2030,sc01,06-14 22:00:00+02:00,0.07868301302672406
2030,sc01,06-14 23:00:00+02:00,0.07283263122132685
2030,sc01,06-16 00:00:00+02:00,0.08886738794342378
2030,sc01,06-16 01:00:00+02:00,0.08439239799358572
2030,sc01,06-16 02:00:00+02:00,0.08268775297390862
2030,sc01,06-16 03:00:00+02:00,0.08190533913449188
2030,sc01,06-16 04:00:00+02:00,0.08276391796736667
2030,sc01,06-16 05:00:00+02:00,0.08748787553510311
2030,sc01,06-16 06:00:00+02:00,0.08944558060756816
2030,sc01,06-16 07:00:00+02:00,0.08666701436315477
2030,sc01,06-16 08:00:00+02:00,0.07840367983665902
2030,sc01,06-16 09:00:00+02:00,0.06869602877059847
2030,sc01,06-16 10:00:00+02:00,0.05784720214532696
2030,sc01,06-16 11:00:00+02:00,0.04983689145864113
2030,sc01,06-16 12:00:00+02:00,0.04260779405594703
2030,sc01,06-16 13:00:00+02:00,0.02820251314745386
2030,sc01,06-16 14:00:00+02:00,0.01573364910796872
2030,sc01,06-16 15:00:00+02:00,0.01823344033280982
2030,sc01,06-16 16:00:00+02:00,0.02978651793304658
2030,sc01,06-16 17:00:00+02:00,0.049332454499766615
2030,sc01,06-16 18:00:00+02:00,0.07218752779421517
2030,sc01,06-16 19:00:00+02:00,0.08840687961686557
2030,sc01,06-16 20:00:00+02:00,0.09722057413128132
2030,sc01,06-16 21:00:00+02:00,0.10220135462526803
2030,sc01,06-16 22:00:00+02:00,0.09444589561595892
2030,sc01,06-16 23:00:00+02:00,0.08937839269316276
2030,sc01,06-17 00:00:00+02:00,0.08274589503052295
2030,sc01,06-17 01:00:00+02:00,0.07796717788749753
2030,sc01,06-17 02:00:00+02:00,0.07628594530115025
2030,sc01,06-17 03:00:00+02:00,0.07736813566505932
2030,sc01,06-17 04:00:00+02:00,0.08007947966918845
2030,sc01,06-17 05:00:00+02:00,0.0844616455229684
2030,sc01,06-17 06:00:00+02:00,0.09039010605811107
2030,sc01,06-17 07:00:00+02:00,0.07885451391738217
2030,sc01,06-17 08:00:00+02:00,0.05729519070435573
2030,sc01,06-17 09:00:00+02:00,0.04303959102380586
2030,sc01,06-17 10:00:00+02:00,0.0319685272382497
2030,sc01,06-17 11:00:00+02:00,0.02650884195963184
2030,sc01,06-17 12:00:00+02:00,0.02566512407425576
2030,sc01,06-17 13:00:00+02:00,0.02512206247876814
2030,sc01,06-17 14:00:00+02:00,0.03015420652921395
2030,sc01,06-17 15:00:00+02:00,0.04248536108348287
2030,sc01,06-17 16:00:00+02:00,0.05861196348880357
2030,sc01,06-17 17:00:00+02:00,0.0811098326068059
2030,sc01,06-17 18:00:00+02:00,0.10238092371920107
2030,sc01,06-17 19:00:00+02:00,0.10960292239430566
2030,sc01,06-17 20:00:00+02:00,0.10753257974347949
2030,sc01,06-17 21:00:00+02:00,0.10061909503108685
2030,sc01,06-17 22:00:00+02:00,0.08720216480659317
2030,sc01,06-17 23:00:00+02:00,0.07811255981439827
2030,sc01,06-18 00:00:00+02:00,0.2283904445512963
2030,sc01,06-18 01:00:00+02:00,0.2153374159590876
2030,sc01,06-18 02:00:00+02:00,0.1800644644394027
2030,sc01,06-18 03:00:00+02:00,0.15104924919571733
2030,sc01,06-18 04:00:00+02:00,0.15068900302623345
2030,sc01,06-18 05:00:00+02:00,0.1739641102026553
2030,sc01,06-18 06:00:00+02:00,0.21433646182193328
2030,sc01,06-18 07:00:00+02:00,0.1884425968988896
2030,sc01,06-18 08:00:00+02:00,0.09047806048941665
2030,sc01,06-18 09:00:00+02:00,0.012205853976173945
2030,sc01,06-18 10:00:00+02:00,0.0
2030,sc01,06-18 11:00:00+02:00,0.0
2030,sc01,06-18 12:00:00+02:00,0.0
2030,sc01,06-18 13:00:00+02:00,0.0
2030,sc01,06-18 14:00:00+02:00,0.0
2030,sc01,06-18 15:00:00+02:00,0.00827995330921823
2030,sc01,06-18 16:00:00+02:00,0.07646088440293501
2030,sc01,06-18 17:00:00+02:00,0.14611412638119958
2030,sc01,06-18 18:00:00+02:00,0.20017978552234067
2030,sc01,06-18 19:00:00+02:00,0.21911879140712825
2030,sc01,06-18 20:00:00+02:00,0.23600450361540046
2030,sc01,06-18 21:00:00+02:00,0.2488501890962742
2030,sc01,06-18 22:00:00+02:00,0.22830727878470894
2030,sc01,06-18 23:00:00+02:00,0.21797873182733407
2030,sc01,06-24 00:00:00+02:00,0.08518797957396188
2030,sc01,06-24 01:00:00+02:00,0.07868303100492852
2030,sc01,06-24 02:00:00+02:00,0.07559154391596916
2030,sc01,06-24 03:00:00+02:00,0.0752009304556635
2030,sc01,06-24 04:00:00+02:00,0.0765108288122725
2030,sc01,06-24 05:00:00+02:00,0.08102883651865239
2030,sc01,06-24 06:00:00+02:00,0.08266353664074275
2030,sc01,06-24 07:00:00+02:00,0.07393155374203053
2030,sc01,06-24 08:00:00+02:00,0.059897055973303956
2030,sc01,06-24 09:00:00+02:00,0.044128901650206276
2030,sc01,06-24 10:00:00+02:00,0.03296160116959996
2030,sc01,06-24 11:00:00+02:00,0.025573335872552918
2030,sc01,06-24 12:00:00+02:00,0.023949203731811305
2030,sc01,06-24 13:00:00+02:00,0.024735207155693786
2030,sc01,06-24 14:00:00+02:00,0.03233931335254488
2030,sc01,06-24 15:00:00+02:00,0.04721713768105333
2030,sc01,06-24 16:00:00+02:00,0.06403318698790789
2030,sc01,06-24 17:00:00+02:00,0.079934462262125
2030,sc01,06-24 18:00:00+02:00,0.09080406267135066
2030,sc01,06-24 19:00:00+02:00,0.0977585115538773
2030,sc01,06-24 20:00:00+02:00,0.10439326360713891
2030,sc01,06-24 21:00:00+02:00,0.11013874856234432
2030,sc01,06-24 22:00:00+02:00,0.10467140701187547
2030,sc01,06-24 23:00:00+02:00,0.1000293770021186
2030,sc01,06-27 00:00:00+02:00,0.08464275247258472
2030,sc01,06-27 01:00:00+02:00,0.08032987751142646
2030,sc01,06-27 02:00:00+02:00,0.07885334058662984
2030,sc01,06-27 03:00:00+02:00,0.07824663518256779
2030,sc01,06-27 04:00:00+02:00,0.07753479560989288
2030,sc01,06-27 05:00:00+02:00,0.0771483885426251
2030,sc01,06-27 06:00:00+02:00,0.0763614948211321
2030,sc01,06-27 07:00:00+02:00,0.062395686868984224
2030,sc01,06-27 08:00:00+02:00,0.043517288765754315
2030,sc01,06-27 09:00:00+02:00,0.02594794576754023
2030,sc01,06-27 10:00:00+02:00,0.010406687142261962
2030,sc01,06-27 11:00:00+02:00,0.0
2030,sc01,06-27 12:00:00+02:00,0.0
2030,sc01,06-27 13:00:00+02:00,0.0
2030,sc01,06-27 14:00:00+02:00,0.0
2030,sc01,06-27 15:00:00+02:00,0.008059756193343856
2030,sc01,06-27 16:00:00+02:00,0.02776111289843387
2030,sc01,06-27 17:00:00+02:00,0.044214231197533246
2030,sc01,06-27 18:00:00+02:00,0.060877098249208866
2030,sc01,06-27 19:00:00+02:00,0.07636477526757043
2030,sc01,06-27 20:00:00+02:00,0.09015286099190974
2030,sc01,06-27 21:00:00+02:00,0.0876346661547373
2030,sc01,06-27 22:00:00+02:00,0.07793071049881274
2030,sc01,06-27 23:00:00+02:00,0.07471246979606865
2030,sc01,07-11 00:00:00+02:00,0.09907006419408686
2030,sc01,07-11 01:00:00+02:00,0.09333546847953623
2030,sc01,07-11 02:00:00+02:00,0.08942936003903176
2030,sc01,07-11 03:00:00+02:00,0.08684037309255102
2030,sc01,07-11 04:00:00+02:00,0.08557798102027442
2030,sc01,07-11 05:00:00+02:00,0.08433689868425927
2030,sc01,07-11 06:00:00+02:00,0.0829430848829863
2030,sc01,07-11 07:00:00+02:00,0.07128013127713383
2030,sc01,07-11 08:00:00+02:00,0.05471868677274226
2030,sc01,07-11 09:00:00+02:00,0.04331771890742414
2030,sc01,07-11 10:00:00+02:00,0.03546113896123779
2030,sc01,07-11 11:00:00+02:00,0.030331651025009003
2030,sc01,07-11 12:00:00+02:00,0.02797724070888199
2030,sc01,07-11 13:00:00+02:00,0.02756161128083127
2030,sc01,07-11 14:00:00+02:00,0.03034549956119836
2030,sc01,07-11 15:00:00+02:00,0.03795602366952336
2030,sc01,07-11 16:00:00+02:00,0.04993202937478561
2030,sc01,07-11 17:00:00+02:00,0.06598463831751021
2030,sc01,07-11 18:00:00+02:00,0.08133756418475768
2030,sc01,07-11 19:00:00+02:00,0.09271706830774555
2030,sc01,07-11 20:00:00+02:00,0.09940168484714365
2030,sc01,07-11 21:00:00+02:00,0.10567549411943566
2030,sc01,07-11 22:00:00+02:00,0.10171438245352585
2030,sc01,07-11 23:00:00+02:00,0.09555522066165345
2030,sc01,07-19 00:00:00+02:00,0.0931931288690844
2030,sc01,07-19 01:00:00+02:00,0.08655302988019951
2030,sc01,07-19 02:00:00+02:00,0.0817546143842639
2030,sc01,07-19 03:00:00+02:00,0.07844449916267206
2030,sc01,07-19 04:00:00+02:00,0.07651707403061116
2030,sc01,07-19 05:00:00+02:00,0.07505324399291566
2030,sc01,07-19 06:00:00+02:00,0.07155556210079299
2030,sc01,07-19 07:00:00+02:00,0.05407375470446937
2030,sc01,07-19 08:00:00+02:00,0.03595163637790196
2030,sc01,07-19 09:00:00+02:00,0.022677173502290753
2030,sc01,07-19 10:00:00+02:00,0.01527534200422438
2030,sc01,07-19 11:00:00+02:00,0.013160801018032067
2030,sc01,07-19 12:00:00+02:00,0.014603995314524696
2030,sc01,07-19 13:00:00+02:00,0.018675978586002496
2030,sc01,07-19 14:00:00+02:00,0.013677491591819304
2030,sc01,07-19 15:00:00+02:00,0.022110574977121746
2030,sc01,07-19 16:00:00+02:00,0.04005641021628552
2030,sc01,07-19 17:00:00+02:00,0.06273501936832795
2030,sc01,07-19 18:00:00+02:00,0.08426473130241059
2030,sc01,07-19 19:00:00+02:00,0.09684325286572362
2030,sc01,07-19 20:00:00+02:00,0.10263279721605385
2030,sc01,07-19 21:00:00+02:00,0.10719784571838081
2030,sc01,07-19 22:00:00+02:00,0.10084688073058518
2030,sc01,07-19 23:00:00+02:00,0.09097431909253872
2030,sc01,08-15 00:00:00+02:00,0.13479575203225722
2030,sc01,08-15 01:00:00+02:00,0.11768721617852299
2030,sc01,08-15 02:00:00+02:00,0.11043389933236383
2030,sc01,08-15 03:00:00+02:00,0.10918929049735752
2030,sc01,08-15 04:00:00+02:00,0.11570770651906451
2030,sc01,08-15 05:00:00+02:00,0.12516146201187256
2030,sc01,08-15 06:00:00+02:00,0.1231283546176355
2030,sc01,08-15 07:00:00+02:00,0.0896821779692265
2030,sc01,08-15 08:00:00+02:00,0.06066906334538054
2030,sc01,08-15 09:00:00+02:00,0.029364183303811443
2030,sc01,08-15 10:00:00+02:00,0.011683233796239235
2030,sc01,08-15 11:00:00+02:00,9.877261436959378e-05
2030,sc01,08-15 12:00:00+02:00,0.0
2030,sc01,08-15 13:00:00+02:00,0.0
2030,sc01,08-15 14:00:00+02:00,0.0033835055453008823
2030,sc01,08-15 15:00:00+02:00,0.02500220093293451
2030,sc01,08-15 16:00:00+02:00,0.06044048875502379
2030,sc01,08-15 17:00:00+02:00,0.10124251827923655
2030,sc01,08-15 18:00:00+02:00,0.13599794429856465
2030,sc01,08-15 19:00:00+02:00,0.14532451273764407
2030,sc01,08-15 20:00:00+02:00,0.16143894128650482
2030,sc01,08-15 21:00:00+02:00,0.16465822711728692
2030,sc01,08-15 22:00:00+02:00,0.15481050037419966
2030,sc01,08-15 23:00:00+02:00,0.14857278042405958
2030,sc01,08-16 00:00:00+02:00,0.07331068059941806
2030,sc01,08-16 01:00:00+02:00,0.0733914346966606
2030,sc01,08-16 02:00:00+02:00,0.07330731491166491
2030,sc01,08-16 03:00:00+02:00,0.074482539555996
2030,sc01,08-16 04:00:00+02:00,0.074032184487474
2030,sc01,08-16 05:00:00+02:00,0.07353847532688086
2030,sc01,08-16 06:00:00+02:00,0.06683069540301055
2030,sc01,08-16 07:00:00+02:00,0.04870640508459663
2030,sc01,08-16 08:00:00+02:00,0.02712407890389133
2030,sc01,08-16 09:00:00+02:00,0.007864062874883672
2030,sc01,08-16 10:00:00+02:00,0.0
2030,sc01,08-16 11:00:00+02:00,0.0
2030,sc01,08-16 12:00:00+02:00,0.0
2030,sc01,08-16 13:00:00+02:00,0.0
2030,sc01,08-16 14:00:00+02:00,0.0
2030,sc01,08-16 15:00:00+02:00,0.0
2030,sc01,08-16 16:00:00+02:00,0.0070892759207852075
2030,sc01,08-16 17:00:00+02:00,0.033398132368312135
2030,sc01,08-16 18:00:00+02:00,0.060096371653501124
2030,sc01,08-16 19:00:00+02:00,0.07161025565345386
2030,sc01,08-16 20:00:00+02:00,0.08371084639677623
2030,sc01,08-16 21:00:00+02:00,0.08579522903762928
2030,sc01,08-16 22:00:00+02:00,0.07959285968998761
2030,sc01,08-16 23:00:00+02:00,0.07162614099556654
2030,sc01,08-23 00:00:00+02:00,0.24594903791469788
2030,sc01,08-23 01:00:00+02:00,0.24494129396226216
2030,sc01,08-23 02:00:00+02:00,0.25334678475496974
2030,sc01,08-23 03:00:00+02:00,0.2613541211833972
2030,sc01,08-23 04:00:00+02:00,0.2515094448734478
2030,sc01,08-23 05:00:00+02:00,0.22703252645069222
2030,sc01,08-23 06:00:00+02:00,0.1823724059853955
2030,sc01,08-23 07:00:00+02:00,0.13190558073207498
2030,sc01,08-23 08:00:00+02:00,0.08543639061213351
2030,sc01,08-23 09:00:00+02:00,0.03154067479122744
2030,sc01,08-23 10:00:00+02:00,0.0
2030,sc01,08-23 11:00:00+02:00,0.0
2030,sc01,08-23 12:00:00+02:00,0.0
2030,sc01,08-23 13:00:00+02:00,0.0
2030,sc01,08-23 14:00:00+02:00,0.0
2030,sc01,08-23 15:00:00+02:00,0.047962138944122726
2030,sc01,08-23 16:00:00+02:00,0.14063265537359929
2030,sc01,08-23 17:00:00+02:00,0.25205447524374264
2030,sc01,08-23 18:00:00+02:00,0.33926588411837966
2030,sc01,08-23 19:00:00+02:00,0.38280030947241006
2030,sc01,08-23 20:00:00+02:00,0.4640696095259258
2030,sc01,08-23 21:00:00+02:00,0.48756598367898357
2030,sc01,08-23 22:00:00+02:00,0.4601317658537538
2030,sc01,08-23 23:00:00+02:00,0.41650552367081584
2030,sc01,08-25 00:00:00+02:00,0.08629612246115892
2030,sc01,08-25 01:00:00+02:00,0.08190956828193033
2030,sc01,08-25 02:00:00+02:00,0.07966474459579274
2030,sc01,08-25 03:00:00+02:00,0.0783088101969455
2030,sc01,08-25 04:00:00+02:00,0.079113006748166
2030,sc01,08-25 05:00:00+02:00,0.08416521828300734
2030,sc01,08-25 06:00:00+02:00,0.08612379513056756
2030,sc01,08-25 07:00:00+02:00,0.06965405525196611
2030,sc01,08-25 08:00:00+02:00,0.04866227493680719
2030,sc01,08-25 09:00:00+02:00,0.028676737925085526
2030,sc01,08-25 10:00:00+02:00,0.017075304410574824
2030,sc01,08-25 11:00:00+02:00,0.01290267199552552
2030,sc01,08-25 12:00:00+02:00,0.010653500032762324
2030,sc01,08-25 13:00:00+02:00,0.013146325671779435
2030,sc01,08-25 14:00:00+02:00,0.019759701850558337
2030,sc01,08-25 15:00:00+02:00,0.028237996239806887
2030,sc01,08-25 16:00:00+02:00,0.038664560819056795
2030,sc01,08-25 17:00:00+02:00,0.05196063224005927
2030,sc01,08-25 18:00:00+02:00,0.06423569974983556
2030,sc01,08-25 19:00:00+02:00,0.07562018432538162
2030,sc01,08-25 20:00:00+02:00,0.08980842692392027
2030,sc01,08-25 21:00:00+02:00,0.0878815975170172
2030,sc01,08-25 22:00:00+02:00,0.08081935528629411
2030,sc01,08-25 23:00:00+02:00,0.07156881769371258
2030,sc01,08-29 00:00:00+02:00,0.08728320532362834
2030,sc01,08-29 01:00:00+02:00,0.08075435744834404
2030,sc01,08-29 02:00:00+02:00,0.07491909293982403
2030,sc01,08-29 03:00:00+02:00,0.07084349150972163
2030,sc01,08-29 04:00:00+02:00,0.0701323547691281
2030,sc01,08-29 05:00:00+02:00,0.07171425591849943
2030,sc01,08-29 06:00:00+02:00,0.07132798817562655
2030,sc01,08-29 07:00:00+02:00,0.05851301525643253
2030,sc01,08-29 08:00:00+02:00,0.04498659163736253
2030,sc01,08-29 09:00:00+02:00,0.033733841477044994
2030,sc01,08-29 10:00:00+02:00,0.02147044994481903
2030,sc01,08-29 11:00:00+02:00,0.01180651949425986
2030,sc01,08-29 12:00:00+02:00,0.0055862752832860066
2030,sc01,08-29 13:00:00+02:00,0.0009813175260433113
2030,sc01,08-29 14:00:00+02:00,0.0
2030,sc01,08-29 15:00:00+02:00,0.0040780893039984315
2030,sc01,08-29 16:00:00+02:00,0.015169583204684797
2030,sc01,08-29 17:00:00+02:00,0.03344416478561614
2030,sc01,08-29 18:00:00+02:00,0.055660702112616756
2030,sc01,08-29 19:00:00+02:00,0.06873811209189187
2030,sc01,08-29 20:00:00+02:00,0.07989904828261757
2030,sc01,08-29 21:00:00+02:00,0.07728494603726858
2030,sc01,08-29 22:00:00+02:00,0.07190106041500496
2030,sc01,08-29 23:00:00+02:00,0.06795589404540002
2030,sc01,09-05 00:00:00+02:00,0.11596722704259303
2030,sc01,09-05 01:00:00+02:00,0.09993178532554499
2030,sc01,09-05 02:00:00+02:00,0.10199551192847842
2030,sc01,09-05 03:00:00+02:00,0.1163596359514303
2030,sc01,09-05 04:00:00+02:00,0.1301427934202949
2030,sc01,09-05 05:00:00+02:00,0.15397136545094287
2030,sc01,09-05 06:00:00+02:00,0.15938256981599017
2030,sc01,09-05 07:00:00+02:00,0.07190074295427651
2030,sc01,09-05 08:00:00+02:00,0.0
2030,sc01,09-05 09:00:00+02:00,0.0
2030,sc01,09-05 10:00:00+02:00,0.0
2030,sc01,09-05 11:00:00+02:00,0.0
2030,sc01,09-05 12:00:00+02:00,0.0
2030,sc01,09-05 13:00:00+02:00,0.0
2030,sc01,09-05 14:00:00+02:00,0.0
2030,sc01,09-05 15:00:00+02:00,0.0
2030,sc01,09-05 16:00:00+02:00,0.0
2030,sc01,09-05 17:00:00+02:00,0.08739640781810389
2030,sc01,09-05 18:00:00+02:00,0.1831300299191267
2030,sc01,09-05 19:00:00+02:00,0.22356119950275566
2030,sc01,09-05 20:00:00+02:00,0.27112262101893114
2030,sc01,09-05 21:00:00+02:00,0.2422830698760498
2030,sc01,09-05 22:00:00+02:00,0.2037171759770648
2030,sc01,09-05 23:00:00+02:00,0.17962729229276586
2030,sc01,09-06 00:00:00+02:00,0.06245667937308244
2030,sc01,09-06 01:00:00+02:00,0.052516779681375886
2030,sc01,09-06 02:00:00+02:00,0.0451140423246135
2030,sc01,09-06 03:00:00+02:00,0.04096983577633746
2030,sc01,09-06 04:00:00+02:00,0.04204502939758793
2030,sc01,09-06 05:00:00+02:00,0.04288710446912174
2030,sc01,09-06 06:00:00+02:00,0.03973152466907247
2030,sc01,09-06 07:00:00+02:00,0.0
2030,sc01,09-06 08:00:00+02:00,0.0
2030,sc01,09-06 09:00:00+02:00,0.0
2030,sc01,09-06 10:00:00+02:00,0.0
2030,sc01,09-06 11:00:00+02:00,0.0
2030,sc01,09-06 12:00:00+02:00,0.0
2030,sc01,09-06 13:00:00+02:00,0.0
2030,sc01,09-06 14:00:00+02:00,0.0
2030,sc01,09-06 15:00:00+02:00,0.0
2030,sc01,09-06 16:00:00+02:00,0.0
2030,sc01,09-06 17:00:00+02:00,0.01248993564196121
2030,sc01,09-06 18:00:00+02:00,0.05268743473946881
2030,sc01,09-06 19:00:00+02:00,0.06996687610128746
2030,sc01,09-06 20:00:00+02:00,0.09686033045504856
2030,sc01,09-06 21:00:00+02:00,0.09737503021598055
2030,sc01,09-06 22:00:00+02:00,0.08711814868292098
2030,sc01,09-06 23:00:00+02:00,0.07589313387869417
2030,sc01,09-13 00:00:00+02:00,0.045919312688831544
2030,sc01,09-13 01:00:00+02:00,0.042564079498989264
2030,sc01,09-13 02:00:00+02:00,0.04044588246490518
2030,sc01,09-13 03:00:00+02:00,0.040707687506814735
2030,sc01,09-13 04:00:00+02:00,0.04136596223308189
2030,sc01,09-13 05:00:00+02:00,0.042000380641270804
2030,sc01,09-13 06:00:00+02:00,0.04225091783078022
2030,sc01,09-13 07:00:00+02:00,0.029882923976148903
2030,sc01,09-13 08:00:00+02:00,0.009863597234777985
2030,sc01,09-13 09:00:00+02:00,0.0
2030,sc01,09-13 10:00:00+02:00,0.0
2030,sc01,09-13 11:00:00+02:00,0.0
2030,sc01,09-13 12:00:00+02:00,0.0
2030,sc01,09-13 13:00:00+02:00,0.0
2030,sc01,09-13 14:00:00+02:00,0.0
2030,sc01,09-13 15:00:00+02:00,0.0
2030,sc01,09-13 16:00:00+02:00,0.0
2030,sc01,09-13 17:00:00+02:00,0.01655504516468578
2030,sc01,09-13 18:00:00+02:00,0.03407075611632287
2030,sc01,09-13 19:00:00+02:00,0.04709410553943073
2030,sc01,09-13 20:00:00+02:00,0.06091748125326383
2030,sc01,09-13 21:00:00+02:00,0.06115755121367095
2030,sc01,09-13 22:00:00+02:00,0.05745478652283916
2030,sc01,09-13 23:00:00+02:00,0.05489991329864363
2030,sc01,09-14 00:00:00+02:00,0.10518816235891415
2030,sc01,09-14 01:00:00+02:00,0.10496767269716754
2030,sc01,09-14 02:00:00+02:00,0.11087404165743485
2030,sc01,09-14 03:00:00+02:00,0.11744231463625916
2030,sc01,09-14 04:00:00+02:00,0.12221425047145754
2030,sc01,09-14 05:00:00+02:00,0.13892321942594374
2030,sc01,09-14 06:00:00+02:00,0.16277935144625066
2030,sc01,09-14 07:00:00+02:00,0.1639117895098934
2030,sc01,09-14 08:00:00+02:00,0.13267519644368422
2030,sc01,09-14 09:00:00+02:00,0.0861185249031455
2030,sc01,09-14 10:00:00+02:00,0.03859535047737505
2030,sc01,09-14 11:00:00+02:00,0.0050030750013568305
2030,sc01,09-14 12:00:00+02:00,0.0
2030,sc01,09-14 13:00:00+02:00,0.0
2030,sc01,09-14 14:00:00+02:00,0.0
2030,sc01,09-14 15:00:00+02:00,0.016853262433569202
2030,sc01,09-14 16:00:00+02:00,0.0608997729211186
2030,sc01,09-14 17:00:00+02:00,0.10278712624380655
2030,sc01,09-14 18:00:00+02:00,0.13077089477386042
2030,sc01,09-14 19:00:00+02:00,0.15339105121623117
2030,sc01,09-14 20:00:00+02:00,0.17600121453031883
2030,sc01,09-14 21:00:00+02:00,0.16106925054608986
2030,sc01,09-14 22:00:00+02:00,0.15191200259450147
2030,sc01,09-14 23:00:00+02:00,0.1455484490276305
2030,sc01,09-24 00:00:00+02:00,0.0
2030,sc01,09-24 01:00:00+02:00,0.0
2030,sc01,09-24 02:00:00+02:00,0.0
2030,sc01,09-24 03:00:00+02:00,0.0
2030,sc01,09-24 04:00:00+02:00,0.0
2030,sc01,09-24 05:00:00+02:00,0.04153137460014314
2030,sc01,09-24 06:00:00+02:00,0.13206621139175218
2030,sc01,09-24 07:00:00+02:00,0.10800932772518357
2030,sc01,09-24 08:00:00+02:00,0.0
2030,sc01,09-24 09:00:00+02:00,0.0
2030,sc01,09-24 10:00:00+02:00,0.0
2030,sc01,09-24 11:00:00+02:00,0.0
2030,sc01,09-24 12:00:00+02:00,0.0
2030,sc01,09-24 13:00:00+02:00,0.0
2030,sc01,09-24 14:00:00+02:00,0.0
2030,sc01,09-24 15:00:00+02:00,0.0
2030,sc01,09-24 16:00:00+02:00,0.0
2030,sc01,09-24 17:00:00+02:00,0.12920139771864778
2030,sc01,09-24 18:00:00+02:00,0.25789432550746255
2030,sc01,09-24 19:00:00+02:00,0.3315893532822226
2030,sc01,09-24 20:00:00+02:00,0.3395040521810332
2030,sc01,09-24 21:00:00+02:00,0.27802100330015644
2030,sc01,09-24 22:00:00+02:00,0.2104933296341447
2030,sc01,09-24 23:00:00+02:00,0.16982185489897744
2030,sc01,09-25 00:00:00+02:00,0.02945765843391246
2030,sc01,09-25 01:00:00+02:00,0.024693272229325384
2030,sc01,09-25 02:00:00+02:00,0.02294640167016606
2030,sc01,09-25 03:00:00+02:00,0.025448019520667706
2030,sc01,09-25 04:00:00+02:00,0.027700235330900644
2030,sc01,09-25 05:00:00+02:00,0.03583376464622312
2030,sc01,09-25 06:00:00+02:00,0.04925998893332696
2030,sc01,09-25 07:00:00+02:00,0.037798081083998736
2030,sc01,09-25 08:00:00+02:00,0.010868529320471988
2030,sc01,09-25 09:00:00+02:00,0.0
2030,sc01,09-25 10:00:00+02:00,0.0
2030,sc01,09-25 11:00:00+02:00,0.0
2030,sc01,09-25 12:00:00+02:00,0.0
2030,sc01,09-25 13:00:00+02:00,0.0
2030,sc01,09-25 14:00:00+02:00,0.0
2030,sc01,09-25 15:00:00+02:00,0.0
2030,sc01,09-25 16:00:00+02:00,0.021859952156547915
2030,sc01,09-25 17:00:00+02:00,0.05762003819025443
2030,sc01,09-25 18:00:00+02:00,0.08323031241334579
2030,sc01,09-25 19:00:00+02:00,0.09667238904009136
2030,sc01,09-25 20:00:00+02:00,0.10094913007867534
2030,sc01,09-25 21:00:00+02:00,0.08958182229259629
2030,sc01,09-25 22:00:00+02:00,0.0808410426467888
2030,sc01,09-25 23:00:00+02:00,0.07488128706865868
2030,sc01,09-27 00:00:00+02:00,0.05219516983747406
2030,sc01,09-27 01:00:00+02:00,0.04613123406608141
2030,sc01,09-27 02:00:00+02:00,0.04103427964970756
2030,sc01,09-27 03:00:00+02:00,0.03916110756951624
2030,sc01,09-27 04:00:00+02:00,0.03715344089010237
2030,sc01,09-27 05:00:00+02:00,0.03864003965368547
2030,sc01,09-27 06:00:00+02:00,0.04013468802809313
2030,sc01,09-27 07:00:00+02:00,0.024379527899484416
2030,sc01,09-27 08:00:00+02:00,0.005851436326076787
2030,sc01,09-27 09:00:00+02:00,0.0
2030,sc01,09-27 10:00:00+02:00,0.0
2030,sc01,09-27 11:00:00+02:00,0.0
2030,sc01,09-27 12:00:00+02:00,0.0
2030,sc01,09-27 13:00:00+02:00,0.0
2030,sc01,09-27 14:00:00+02:00,0.0
2030,sc01,09-27 15:00:00+02:00,0.0
2030,sc01,09-27 16:00:00+02:00,0.0
2030,sc01,09-27 17:00:00+02:00,0.01954023556464339
2030,sc01,09-27 18:00:00+02:00,0.046075493502278596
2030,sc01,09-27 19:00:00+02:00,0.06220327786118225
2030,sc01,09-27 20:00:00+02:00,0.07522441456672652
2030,sc01,09-27 21:00:00+02:00,0.07712978571185256
2030,sc01,09-27 22:00:00+02:00,0.07572824199956893
2030,sc01,09-27 23:00:00+02:00,0.07323157066949135
2030,sc01,10-09 00:00:00+02:00,0.05614307157802649
2030,sc01,10-09 01:00:00+02:00,0.04742965127382834
2030,sc01,10-09 02:00:00+02:00,0.03901899003072013
2030,sc01,10-09 03:00:00+02:00,0.03389059165210588
2030,sc01,10-09 04:00:00+02:00,0.03551238282471588
2030,sc01,10-09 05:00:00+02:00,0.04367452970223156
2030,sc01,10-09 06:00:00+02:00,0.059118119834335944
2030,sc01,10-09 07:00:00+02:00,0.05428652936217497
2030,sc01,10-09 08:00:00+02:00,0.029855661027903727
2030,sc01,10-09 09:00:00+02:00,0.008582610542732218
2030,sc01,10-09 10:00:00+02:00,0.0
2030,sc01,10-09 11:00:00+02:00,0.0
2030,sc01,10-09 12:00:00+02:00,0.0
2030,sc01,10-09 13:00:00+02:00,0.0
2030,sc01,10-09 14:00:00+02:00,0.0
2030,sc01,10-09 15:00:00+02:00,0.013745011022691829
2030,sc01,10-09 16:00:00+02:00,0.03958556638496079
2030,sc01,10-09 17:00:00+02:00,0.06663845307376345
2030,sc01,10-09 18:00:00+02:00,0.08085975332490766
2030,sc01,10-09 19:00:00+02:00,0.09628305929160573
2030,sc01,10-09 20:00:00+02:00,0.10157361335314136
2030,sc01,10-09 21:00:00+02:00,0.09666597791730375
2030,sc01,10-09 22:00:00+02:00,0.0912943626857355
2030,sc01,10-09 23:00:00+02:00,0.08647447371923188
2030,sc01,10-10 00:00:00+02:00,0.16260790583771823
2030,sc01,10-10 01:00:00+02:00,0.15544597062777715
2030,sc01,10-10 02:00:00+02:00,0.152658519045071
2030,sc01,10-10 03:00:00+02:00,0.15117892443057587
2030,sc01,10-10 04:00:00+02:00,0.15054460742433928
2030,sc01,10-10 05:00:00+02:00,0.15425854964194097
2030,sc01,10-10 06:00:00+02:00,0.1653082372080228
2030,sc01,10-10 07:00:00+02:00,0.14340371546823372
2030,sc01,10-10 08:00:00+02:00,0.1088104882500851
2030,sc01,10-10 09:00:00+02:00,0.07887882665060952
2030,sc01,10-10 10:00:00+02:00,0.05080256022125751
2030,sc01,10-10 11:00:00+02:00,0.033377768166303695
2030,sc01,10-10 12:00:00+02:00,0.026563554474511555
2030,sc01,10-10 13:00:00+02:00,0.02746093776681248
2030,sc01,10-10 14:00:00+02:00,0.03224946971505241
2030,sc01,10-10 15:00:00+02:00,0.053017296452698016
2030,sc01,10-10 16:00:00+02:00,0.09053675149882143
2030,sc01,10-10 17:00:00+02:00,0.12088034754512655
2030,sc01,10-10 18:00:00+02:00,0.1330484274074266
2030,sc01,10-10 19:00:00+02:00,0.16140099327068533
2030,sc01,10-10 20:00:00+02:00,0.17065983115457445
2030,sc01,10-10 21:00:00+02:00,0.16042768670068178
2030,sc01,10-10 22:00:00+02:00,0.14797430980621204
2030,sc01,10-10 23:00:00+02:00,0.13471411223046803
2030,sc01,10-14 00:00:00+02:00,0.03515459258999832
2030,sc01,10-14 01:00:00+02:00,0.023415205341191736
2030,sc01,10-14 02:00:00+02:00,0.01924318442639575
2030,sc01,10-14 03:00:00+02:00,0.027296673980890047
2030,sc01,10-14 04:00:00+02:00,0.04130219200378479
2030,sc01,10-14 05:00:00+02:00,0.06039868815055703
2030,sc01,10-14 06:00:00+02:00,0.08429445585191829
2030,sc01,10-14 07:00:00+02:00,0.08561820315524399
2030,sc01,10-14 08:00:00+02:00,0.06216405382231793
2030,sc01,10-14 09:00:00+02:00,0.024323245384379
2030,sc01,10-14 10:00:00+02:00,0.0
2030,sc01,10-14 11:00:00+02:00,0.0
2030,sc01,10-14 12:00:00+02:00,0.0
2030,sc01,10-14 13:00:00+02:00,0.0
2030,sc01,10-14 14:00:00+02:00,0.0
2030,sc01,10-14 15:00:00+02:00,0.0
2030,sc01,10-14 16:00:00+02:00,0.0
2030,sc01,10-14 17:00:00+02:00,0.021239835495489596
2030,sc01,10-14 18:00:00+02:00,0.03907478208613697
2030,sc01,10-14 19:00:00+02:00,0.04954075899953807
2030,sc01,10-14 20:00:00+02:00,0.04557145207840158
2030,sc01,10-14 21:00:00+02:00,0.030763015710471187
2030,sc01,10-14 22:00:00+02:00,0.018078610587802912
2030,sc01,10-14 23:00:00+02:00,0.012211373706440992
2030,sc01,10-18 00:00:00+02:00,0.03949877106401728
2030,sc01,10-18 01:00:00+02:00,0.035947944569722376
2030,sc01,10-18 02:00:00+02:00,0.03404627908509549
2030,sc01,10-18 03:00:00+02:00,0.03340444772067484
2030,sc01,10-18 04:00:00+02:00,0.03432713176998294
2030,sc01,10-18 05:00:00+02:00,0.03914655966202671
2030,sc01,10-18 06:00:00+02:00,0.04352130363032078
2030,sc01,10-18 07:00:00+02:00,0.03911375175134528
2030,sc01,10-18 08:00:00+02:00,0.020043032653231034
2030,sc01,10-18 09:00:00+02:00,0.003841305755261136
2030,sc01,10-18 10:00:00+02:00,0.0
2030,sc01,10-18 11:00:00+02:00,0.0
2030,sc01,10-18 12:00:00+02:00,0.0
2030,sc01,10-18 13:00:00+02:00,0.00618785310832676
2030,sc01,10-18 14:00:00+02:00,0.0197629671833114
2030,sc01,10-18 15:00:00+02:00,0.03596245446765093
2030,sc01,10-18 16:00:00+02:00,0.05470292763434334
2030,sc01,10-18 17:00:00+02:00,0.06752962723221947
2030,sc01,10-18 18:00:00+02:00,0.07807514027552066
2030,sc01,10-18 19:00:00+02:00,0.0878983653275964
2030,sc01,10-18 20:00:00+02:00,0.08221979725274489
2030,sc01,10-18 21:00:00+02:00,0.07074081144143127
2030,sc01,10-18 22:00:00+02:00,0.06030409666128573
2030,sc01,10-18 23:00:00+02:00,0.050377525238032385
2030,sc01,10-22 00:00:00+02:00,0.07542656297407199
2030,sc01,10-22 01:00:00+02:00,0.06965510222643742
2030,sc01,10-22 02:00:00+02:00,0.06613708549685723
2030,sc01,10-22 03:00:00+02:00,0.06533151665970817
2030,sc01,10-22 04:00:00+02:00,0.06569760317594646
2030,sc01,10-22 05:00:00+02:00,0.07182994798993993
2030,sc01,10-22 06:00:00+02:00,0.08692595106699344
2030,sc01,10-22 07:00:00+02:00,0.09290628786663684
2030,sc01,10-22 08:00:00+02:00,0.07618115912876158
2030,sc01,10-22 09:00:00+02:00,0.05434083277877905
2030,sc01,10-22 10:00:00+02:00,0.0366188702930323
2030,sc01,10-22 11:00:00+02:00,0.03163607165231031
2030,sc01,10-22 12:00:00+02:00,0.03158927735261872
2030,sc01,10-22 13:00:00+02:00,0.025875883014041604
2030,sc01,10-22 14:00:00+02:00,0.019348132147662574
2030,sc01,10-22 15:00:00+02:00,0.02195411804640167
2030,sc01,10-22 16:00:00+02:00,0.03433242558535752
2030,sc01,10-22 17:00:00+02:00,0.04532156089396179
2030,sc01,10-22 18:00:00+02:00,0.055644656163480063
2030,sc01,10-22 19:00:00+02:00,0.06678510705947957
2030,sc01,10-22 20:00:00+02:00,0.0650558615939495
2030,sc01,10-22 21:00:00+02:00,0.054021545217734404
2030,sc01,10-22 22:00:00+02:00,0.04328241560611651
2030,sc01,10-22 23:00:00+02:00,0.039828331406225145
2030,sc01,10-23 00:00:00+02:00,0.03795289837921889
2030,sc01,10-23 01:00:00+02:00,0.0325289378280824
2030,sc01,10-23 02:00:00+02:00,0.03382435848325484
2030,sc01,10-23 03:00:00+02:00,0.038251236458475814
2030,sc01,10-23 04:00:00+02:00,0.04237347500556224
2030,sc01,10-23 05:00:00+02:00,0.05175531587274501
2030,sc01,10-23 06:00:00+02:00,0.06786920767102016
2030,sc01,10-23 07:00:00+02:00,0.07449133687827336
2030,sc01,10-23 08:00:00+02:00,0.06154428380150115
2030,sc01,10-23 09:00:00+02:00,0.03203998304409334
2030,sc01,10-23 10:00:00+02:00,0.003194760024791419
2030,sc01,10-23 11:00:00+02:00,0.0
2030,sc01,10-23 12:00:00+02:00,0.0
2030,sc01,10-23 13:00:00+02:00,0.0
2030,sc01,10-23 14:00:00+02:00,0.0
2030,sc01,10-23 15:00:00+02:00,0.01793188426515099
2030,sc01,10-23 16:00:00+02:00,0.04039687444075926
2030,sc01,10-23 17:00:00+02:00,0.055322346870848346
2030,sc01,10-23 18:00:00+02:00,0.054542281290194075
2030,sc01,10-23 19:00:00+02:00,0.05311429627661583
2030,sc01,10-23 20:00:00+02:00,0.045377134431122776
2030,sc01,10-23 21:00:00+02:00,0.03230186357370521
2030,sc01,10-23 22:00:00+02:00,0.022565989100879428
2030,sc01,10-23 23:00:00+02:00,0.016063877444139507
2030,sc01,10-24 00:00:00+02:00,0.01149157894568482
2030,sc01,10-24 01:00:00+02:00,0.0053021464657720604
2030,sc01,10-24 02:00:00+02:00,0.0016622435479771286
2030,sc01,10-24 03:00:00+02:00,0.0
2030,sc01,10-24 04:00:00+02:00,0.0
2030,sc01,10-24 05:00:00+02:00,0.0
2030,sc01,10-24 06:00:00+02:00,0.0029962880394850747
2030,sc01,10-24 07:00:00+02:00,0.0
2030,sc01,10-24 08:00:00+02:00,0.0
2030,sc01,10-24 09:00:00+02:00,0.0
2030,sc01,10-24 10:00:00+02:00,0.0
2030,sc01,10-24 11:00:00+02:00,0.0
2030,sc01,10-24 12:00:00+02:00,0.0
2030,sc01,10-24 13:00:00+02:00,0.0
2030,sc01,10-24 14:00:00+02:00,0.0
2030,sc01,10-24 15:00:00+02:00,0.0
2030,sc01,10-24 16:00:00+02:00,0.006042836354274635
2030,sc01,10-24 17:00:00+02:00,0.04563326241248977
2030,sc01,10-24 18:00:00+02:00,0.0640209812363758
2030,sc01,10-24 19:00:00+02:00,0.07493221289362859
2030,sc01,10-24 20:00:00+02:00,0.07577547862720836
2030,sc01,10-24 21:00:00+02:00,0.06721006377111587
2030,sc01,10-24 22:00:00+02:00,0.05679372250788757
2030,sc01,10-24 23:00:00+02:00,0.04494093082651108
2030,sc01,10-25 00:00:00+02:00,0.06996735733139059
2030,sc01,10-25 01:00:00+02:00,0.05778722755977659
2030,sc01,10-25 02:00:00+02:00,0.05400285218631259
2030,sc01,10-25 03:00:00+02:00,0.052691878529454395
2030,sc01,10-25 04:00:00+02:00,0.04863336158026933
2030,sc01,10-25 05:00:00+02:00,0.04352014616457657
2030,sc01,10-25 06:00:00+02:00,0.04362282397150872
2030,sc01,10-25 07:00:00+02:00,0.032009540900905124
2030,sc01,10-25 08:00:00+02:00,0.002253439109072061
2030,sc01,10-25 09:00:00+02:00,0.0
2030,sc01,10-25 10:00:00+02:00,0.0
2030,sc01,10-25 11:00:00+02:00,0.0
2030,sc01,10-25 12:00:00+02:00,0.0
2030,sc01,10-25 13:00:00+02:00,0.0
2030,sc01,10-25 14:00:00+02:00,0.0
2030,sc01,10-25 15:00:00+02:00,0.0
2030,sc01,10-25 16:00:00+02:00,0.025795376367792548
2030,sc01,10-25 17:00:00+02:00,0.08831034695452414
2030,sc01,10-25 18:00:00+02:00,0.10825137262643883
2030,sc01,10-25 19:00:00+02:00,0.1188414691364739
2030,sc01,10-25 20:00:00+02:00,0.10368884368845957
2030,sc01,10-25 21:00:00+02:00,0.0847925705936137
2030,sc01,10-25 22:00:00+02:00,0.05969044391766069
2030,sc01,10-25 23:00:00+02:00,0.03809205539198006
2030,sc01,11-01 00:00:00+01:00,0.18363082884711784
2030,sc01,11-01 01:00:00+01:00,0.10004933421923926
2030,sc01,11-01 02:00:00+01:00,0.05611128985303588
2030,sc01,11-01 03:00:00+01:00,0.036625169356454074
2030,sc01,11-01 04:00:00+01:00,0.020558156062436255
2030,sc01,11-01 05:00:00+01:00,0.005637820356933676
2030,sc01,11-01 06:00:00+01:00,0.004290026021532732
2030,sc01,11-01 07:00:00+01:00,0.0
2030,sc01,11-01 08:00:00+01:00,0.0
2030,sc01,11-01 09:00:00+01:00,0.0
2030,sc01,11-01 10:00:00+01:00,0.0
2030,sc01,11-01 11:00:00+01:00,0.0
2030,sc01,11-01 12:00:00+01:00,0.0
2030,sc01,11-01 13:00:00+01:00,0.0
2030,sc01,11-01 14:00:00+01:00,0.0
2030,sc01,11-01 15:00:00+01:00,0.0
2030,sc01,11-01 16:00:00+01:00,0.10981545429848914
2030,sc01,11-01 17:00:00+01:00,0.16799364177097967
2030,sc01,11-01 18:00:00+01:00,0.21805790120994384
2030,sc01,11-01 19:00:00+01:00,0.2193326697267462
2030,sc01,11-01 20:00:00+01:00,0.19991319401886667
2030,sc01,11-01 21:00:00+01:00,0.1790091481459461
2030,sc01,11-01 22:00:00+01:00,0.15064486615829892
2030,sc01,11-01 23:00:00+01:00,0.1356766295620323
2030,sc01,11-07 00:00:00+01:00,0.03534985388493254
2030,sc01,11-07 01:00:00+01:00,0.0
2030,sc01,11-07 02:00:00+01:00,0.0
2030,sc01,11-07 03:00:00+01:00,0.0
2030,sc01,11-07 04:00:00+01:00,0.0
2030,sc01,11-07 05:00:00+01:00,0.0
2030,sc01,11-07 06:00:00+01:00,0.0
2030,sc01,11-07 07:00:00+01:00,0.0
2030,sc01,11-07 08:00:00+01:00,0.0
2030,sc01,11-07 09:00:00+01:00,0.0
2030,sc01,11-07 10:00:00+01:00,0.0
2030,sc01,11-07 11:00:00+01:00,0.0
2030,sc01,11-07 12:00:00+01:00,0.0
2030,sc01,11-07 13:00:00+01:00,0.0
2030,sc01,11-07 14:00:00+01:00,0.0
2030,sc01,11-07 15:00:00+01:00,0.0
2030,sc01,11-07 16:00:00+01:00,0.0
2030,sc01,11-07 17:00:00+01:00,0.0
2030,sc01,11-07 18:00:00+01:00,0.058409976239679584
2030,sc01,11-07 19:00:00+01:00,0.11544085289007842
2030,sc01,11-07 20:00:00+01:00,0.12083280747653022
2030,sc01,11-07 21:00:00+01:00,0.09713692315047072
2030,sc01,11-07 22:00:00+01:00,0.01624383412752689
2030,sc01,11-07 23:00:00+01:00,0.0
2030,sc01,11-08 00:00:00+01:00,0.0
2030,sc01,11-08 01:00:00+01:00,0.0
2030,sc01,11-08 02:00:00+01:00,0.0
2030,sc01,11-08 03:00:00+01:00,0.0
2030,sc01,11-08 04:00:00+01:00,0.0
2030,sc01,11-08 05:00:00+01:00,0.0
2030,sc01,11-08 06:00:00+01:00,0.0
2030,sc01,11-08 07:00:00+01:00,0.0
2030,sc01,11-08 08:00:00+01:00,0.0
2030,sc01,11-08 09:00:00+01:00,0.0
2030,sc01,11-08 10:00:00+01:00,0.0
2030,sc01,11-08 11:00:00+01:00,0.0
2030,sc01,11-08 12:00:00+01:00,0.0
2030,sc01,11-08 13:00:00+01:00,0.0
2030,sc01,11-08 14:00:00+01:00,0.0
2030,sc01,11-08 15:00:00+01:00,0.0
2030,sc01,11-08 16:00:00+01:00,0.0
2030,sc01,11-08 17:00:00+01:00,0.0
2030,sc01,11-08 18:00:00+01:00,0.5962417885737721
2030,sc01,11-08 19:00:00+01:00,0.9816700759776807
2030,sc01,11-08 20:00:00+01:00,1.3152174247523305
2030,sc01,11-08 21:00:00+01:00,1.3567449362586317
2030,sc01,11-08 22:00:00+01:00,1.1582992178431244
2030,sc01,11-08 23:00:00+01:00,0.7987879243523236
2030,sc01,11-09 00:00:00+01:00,0.05401478057090268
2030,sc01,11-09 01:00:00+01:00,0.03468014043458915
2030,sc01,11-09 02:00:00+01:00,0.027384188143098388
2030,sc01,11-09 03:00:00+01:00,0.021288399534472043
2030,sc01,11-09 04:00:00+01:00,0.016268585423293798
2030,sc01,11-09 05:00:00+01:00,0.018723468710488123
2030,sc01,11-09 06:00:00+01:00,0.05116265911971578
2030,sc01,11-09 07:00:00+01:00,0.07460885588968726
2030,sc01,11-09 08:00:00+01:00,0.0
2030,sc01,11-09 09:00:00+01:00,0.0
2030,sc01,11-09 10:00:00+01:00,0.0
2030,sc01,11-09 11:00:00+01:00,0.0
2030,sc01,11-09 12:00:00+01:00,0.0
2030,sc01,11-09 13:00:00+01:00,0.0
2030,sc01,11-09 14:00:00+01:00,0.0
2030,sc01,11-09 15:00:00+01:00,0.0
2030,sc01,11-09 16:00:00+01:00,0.0
2030,sc01,11-09 17:00:00+01:00,0.02570972608288908
2030,sc01,11-09 18:00:00+01:00,0.0769407372942979
2030,sc01,11-09 19:00:00+01:00,0.10707476052325618
2030,sc01,11-09 20:00:00+01:00,0.13534043163982584
2030,sc01,11-09 21:00:00+01:00,0.1351377269655661
2030,sc01,11-09 22:00:00+01:00,0.08826288761780185
2030,sc01,11-09 23:00:00+01:00,0.04299043070954374
2030,sc01,11-10 00:00:00+01:00,0.0029957143275911396
2030,sc01,11-10 01:00:00+01:00,0.0
2030,sc01,11-10 02:00:00+01:00,0.0
2030,sc01,11-10 03:00:00+01:00,0.0
2030,sc01,11-10 04:00:00+01:00,0.0
2030,sc01,11-10 05:00:00+01:00,0.0
2030,sc01,11-10 06:00:00+01:00,0.0
2030,sc01,11-10 07:00:00+01:00,0.024514455766214423
2030,sc01,11-10 08:00:00+01:00,0.0026270508593923053
2030,sc01,11-10 09:00:00+01:00,0.0
2030,sc01,11-10 10:00:00+01:00,0.0
2030,sc01,11-10 11:00:00+01:00,0.0
2030,sc01,11-10 12:00:00+01:00,0.0
2030,sc01,11-10 13:00:00+01:00,0.0
2030,sc01,11-10 14:00:00+01:00,0.0
2030,sc01,11-10 15:00:00+01:00,0.025109819188754354
2030,sc01,11-10 16:00:00+01:00,0.12702363642089193
2030,sc01,11-10 17:00:00+01:00,0.19897700449968814
2030,sc01,11-10 18:00:00+01:00,0.22773412456478762
2030,sc01,11-10 19:00:00+01:00,0.2501843625836933
2030,sc01,11-10 20:00:00+01:00,0.2548290653920674
2030,sc01,11-10 21:00:00+01:00,0.25735851449747155
2030,sc01,11-10 22:00:00+01:00,0.20689016238935004
2030,sc01,11-10 23:00:00+01:00,0.16880539712054893
2030,sc01,11-15 00:00:00+01:00,0.0
2030,sc01,11-15 01:00:00+01:00,0.0
2030,sc01,11-15 02:00:00+01:00,0.0
2030,sc01,11-15 03:00:00+01:00,0.0
2030,sc01,11-15 04:00:00+01:00,0.0
2030,sc01,11-15 05:00:00+01:00,0.0
2030,sc01,11-15 06:00:00+01:00,0.0
2030,sc01,11-15 07:00:00+01:00,0.0
2030,sc01,11-15 08:00:00+01:00,0.0
2030,sc01,11-15 09:00:00+01:00,0.0
2030,sc01,11-15 10:00:00+01:00,0.0
2030,sc01,11-15 11:00:00+01:00,0.0
2030,sc01,11-15 12:00:00+01:00,0.0
2030,sc01,11-15 13:00:00+01:00,0.0
2030,sc01,11-15 14:00:00+01:00,0.0
2030,sc01,11-15 15:00:00+01:00,0.0
2030,sc01,11-15 16:00:00+01:00,0.0
2030,sc01,11-15 17:00:00+01:00,0.4418575595893537
2030,sc01,11-15 18:00:00+01:00,0.7910113478705467
2030,sc01,11-15 19:00:00+01:00,1.0386362020849547
2030,sc01,11-15 20:00:00+01:00,1.1926264215110316
2030,sc01,11-15 21:00:00+01:00,1.1602367591564393
2030,sc01,11-15 22:00:00+01:00,1.0307588109993553
2030,sc01,11-15 23:00:00+01:00,0.8587404510736787
2030,sc01,11-21 00:00:00+01:00,0.03693435392379283
2030,sc01,11-21 01:00:00+01:00,0.02872567942725537
2030,sc01,11-21 02:00:00+01:00,0.01997358995995451
2030,sc01,11-21 03:00:00+01:00,0.015687637767076712
2030,sc01,11-21 04:00:00+01:00,0.012099633731309872
2030,sc01,11-21 05:00:00+01:00,0.013421165539878075
2030,sc01,11-21 06:00:00+01:00,0.01724520134309516
2030,sc01,11-21 07:00:00+01:00,0.023458933922516266
2030,sc01,11-21 08:00:00+01:00,0.02767693056508301
2030,sc01,11-21 09:00:00+01:00,0.03375566329771373
2030,sc01,11-21 10:00:00+01:00,0.03249491887461861
2030,sc01,11-21 11:00:00+01:00,0.022144888046140943
2030,sc01,11-21 12:00:00+01:00,0.017768045260889258
2030,sc01,11-21 13:00:00+01:00,0.02772390399920991
2030,sc01,11-21 14:00:00+01:00,0.037748567375378836
2030,sc01,11-21 15:00:00+01:00,0.044990229205002674
2030,sc01,11-21 16:00:00+01:00,0.054602791784891025
2030,sc01,11-21 17:00:00+01:00,0.06738123933732643
2030,sc01,11-21 18:00:00+01:00,0.07718071216695711
2030,sc01,11-21 19:00:00+01:00,0.07447134260672778
2030,sc01,11-21 20:00:00+01:00,0.0687301081354414
2030,sc01,11-21 21:00:00+01:00,0.060480793622665945
2030,sc01,11-21 22:00:00+01:00,0.04603162502727291
2030,sc01,11-21 23:00:00+01:00,0.02948169992178435
2030,sc01,11-22 00:00:00+01:00,0.1968151075224932
2030,sc01,11-22 01:00:00+01:00,0.09351529613995435
2030,sc01,11-22 02:00:00+01:00,0.01744005396226862
2030,sc01,11-22 03:00:00+01:00,0.0
2030,sc01,11-22 04:00:00+01:00,0.0
2030,sc01,11-22 05:00:00+01:00,0.0
2030,sc01,11-22 06:00:00+01:00,0.0
2030,sc01,11-22 07:00:00+01:00,0.0
2030,sc01,11-22 08:00:00+01:00,0.0
2030,sc01,11-22 09:00:00+01:00,0.0
2030,sc01,11-22 10:00:00+01:00,0.0
2030,sc01,11-22 11:00:00+01:00,0.0
2030,sc01,11-22 12:00:00+01:00,0.0
2030,sc01,11-22 13:00:00+01:00,0.0
2030,sc01,11-22 14:00:00+01:00,0.0
2030,sc01,11-22 15:00:00+01:00,0.0
2030,sc01,11-22 16:00:00+01:00,0.0
2030,sc01,11-22 17:00:00+01:00,0.0
2030,sc01,11-22 18:00:00+01:00,0.09898897290109104
2030,sc01,11-22 19:00:00+01:00,0.09589557667259985
2030,sc01,11-22 20:00:00+01:00,0.09973475661409745
2030,sc01,11-22 21:00:00+01:00,0.10367644628476405
2030,sc01,11-22 22:00:00+01:00,0.05642820818460916
2030,sc01,11-22 23:00:00+01:00,0.0
2030,sc01,11-29 00:00:00+01:00,0.07355999751526462
2030,sc01,11-29 01:00:00+01:00,0.06798141773818452
2030,sc01,11-29 02:00:00+01:00,0.06262457140893522
2030,sc01,11-29 03:00:00+01:00,0.059328574502213335
2030,sc01,11-29 04:00:00+01:00,0.059361390108962436
2030,sc01,11-29 05:00:00+01:00,0.06265513226638635
2030,sc01,11-29 06:00:00+01:00,0.06768701008945317
2030,sc01,11-29 07:00:00+01:00,0.07191018032429228
2030,sc01,11-29 08:00:00+01:00,0.05423611735415246
2030,sc01,11-29 09:00:00+01:00,0.037184030190032955
2030,sc01,11-29 10:00:00+01:00,0.028759086025932724
2030,sc01,11-29 11:00:00+01:00,0.02414483404202696
2030,sc01,11-29 12:00:00+01:00,0.023711174037514274
2030,sc01,11-29 13:00:00+01:00,0.030177330479810877
2030,sc01,11-29 14:00:00+01:00,0.040854905239800725
2030,sc01,11-29 15:00:00+01:00,0.05635206819333313
2030,sc01,11-29 16:00:00+01:00,0.07193865657947605
2030,sc01,11-29 17:00:00+01:00,0.07897651174612802
2030,sc01,11-29 18:00:00+01:00,0.08150720549524587
2030,sc01,11-29 19:00:00+01:00,0.078985637600062
2030,sc01,11-29 20:00:00+01:00,0.07665988167475357
2030,sc01,11-29 21:00:00+01:00,0.06647214863778363
2030,sc01,11-29 22:00:00+01:00,0.05299546638226094
2030,sc01,11-29 23:00:00+01:00,0.038421262120834826
2030,sc01,12-06 00:00:00+01:00,0.09164724207479656
2030,sc01,12-06 01:00:00+01:00,0.08443296493614921
2030,sc01,12-06 02:00:00+01:00,0.079167725846608
2030,sc01,12-06 03:00:00+01:00,0.07566078401824217
2030,sc01,12-06 04:00:00+01:00,0.07274917674711255
2030,sc01,12-06 05:00:00+01:00,0.06998968271094361
2030,sc01,12-06 06:00:00+01:00,0.06888150891659303
2030,sc01,12-06 07:00:00+01:00,0.06828703236195215
2030,sc01,12-06 08:00:00+01:00,0.047004796648034135
2030,sc01,12-06 09:00:00+01:00,0.025593132570175467
2030,sc01,12-06 10:00:00+01:00,0.015370062715588838
2030,sc01,12-06 11:00:00+01:00,0.007584976619277584
2030,sc01,12-06 12:00:00+01:00,0.0010064603724975103
2030,sc01,12-06 13:00:00+01:00,0.00560224705344406
2030,sc01,12-06 14:00:00+01:00,0.018058773362091593
2030,sc01,12-06 15:00:00+01:00,0.03556487766699865
2030,sc01,12-06 16:00:00+01:00,0.05879116780393315
2030,sc01,12-06 17:00:00+01:00,0.07594010316585775
2030,sc01,12-06 18:00:00+01:00,0.08361339523742775
2030,sc01,12-06 19:00:00+01:00,0.08430969750447342
2030,sc01,12-06 20:00:00+01:00,0.08518760845087367
2030,sc01,12-06 21:00:00+01:00,0.08563616420963266
2030,sc01,12-06 22:00:00+01:00,0.08066649683472778
2030,sc01,12-06 23:00:00+01:00,0.07015239336534582
2030,sc01,12-08 00:00:00+01:00,0.0445021860635009
2030,sc01,12-08 01:00:00+01:00,0.029701259574191244
2030,sc01,12-08 02:00:00+01:00,0.019468586035985697
2030,sc01,12-08 03:00:00+01:00,0.01419898153518315
2030,sc01,12-08 04:00:00+01:00,0.008481778668365391
2030,sc01,12-08 05:00:00+01:00,0.005658911691727577
2030,sc01,12-08 06:00:00+01:00,0.00902750941915338
2030,sc01,12-08 07:00:00+01:00,0.01480137082015159
2030,sc01,12-08 08:00:00+01:00,0.0
2030,sc01,12-08 09:00:00+01:00,0.0
2030,sc01,12-08 10:00:00+01:00,0.0
2030,sc01,12-08 11:00:00+01:00,0.0
2030,sc01,12-08 12:00:00+01:00,0.0
2030,sc01,12-08 13:00:00+01:00,0.0
2030,sc01,12-08 14:00:00+01:00,0.0
2030,sc01,12-08 15:00:00+01:00,0.0
2030,sc01,12-08 16:00:00+01:00,0.01675724754940782
2030,sc01,12-08 17:00:00+01:00,0.03433426119582054
2030,sc01,12-08 18:00:00+01:00,0.04433680848290003
2030,sc01,12-08 19:00:00+01:00,0.049864381736503496
2030,sc01,12-08 20:00:00+01:00,0.05383221763515285
2030,sc01,12-08 21:00:00+01:00,0.05098981302422477
2030,sc01,12-08 22:00:00+01:00,0.04116876858283425
2030,sc01,12-08 23:00:00+01:00,0.03030012031131358
2030,sc01,12-13 00:00:00+01:00,0.0
2030,sc01,12-13 01:00:00+01:00,0.0
2030,sc01,12-13 02:00:00+01:00,0.0
2030,sc01,12-13 03:00:00+01:00,0.0
2030,sc01,12-13 04:00:00+01:00,0.0
2030,sc01,12-13 05:00:00+01:00,0.0
2030,sc01,12-13 06:00:00+01:00,0.0
2030,sc01,12-13 07:00:00+01:00,0.0
2030,sc01,12-13 08:00:00+01:00,0.0
2030,sc01,12-13 09:00:00+01:00,0.0
2030,sc01,12-13 10:00:00+01:00,0.0
2030,sc01,12-13 11:00:00+01:00,0.0
2030,sc01,12-13 12:00:00+01:00,0.0
2030,sc01,12-13 13:00:00+01:00,0.0
2030,sc01,12-13 14:00:00+01:00,0.0
2030,sc01,12-13 15:00:00+01:00,0.0
2030,sc01,12-13 16:00:00+01:00,0.0
2030,sc01,12-13 17:00:00+01:00,0.0
2030,sc01,12-13 18:00:00+01:00,0.0737412844757252
2030,sc01,12-13 19:00:00+01:00,0.11376412488465668
2030,sc01,12-13 20:00:00+01:00,0.15684839365107986
2030,sc01,12-13 21:00:00+01:00,0.16894794813456537
2030,sc01,12-13 22:00:00+01:00,0.13900665423337963
2030,sc01,12-13 23:00:00+01:00,0.05135131751819437
2030,sc01,12-19 00:00:00+01:00,0.011580689455681121
2030,sc01,12-19 01:00:00+01:00,0.0
2030,sc01,12-19 02:00:00+01:00,0.0
2030,sc01,12-19 03:00:00+01:00,0.0
2030,sc01,12-19 04:00:00+01:00,0.0
2030,sc01,12-19 05:00:00+01:00,0.0
2030,sc01,12-19 06:00:00+01:00,0.0
2030,sc01,12-19 07:00:00+01:00,0.0
2030,sc01,12-19 08:00:00+01:00,0.0
2030,sc01,12-19 09:00:00+01:00,0.0
2030,sc01,12-19 10:00:00+01:00,0.0
2030,sc01,12-19 11:00:00+01:00,0.0
2030,sc01,12-19 12:00:00+01:00,0.0
2030,sc01,12-19 13:00:00+01:00,0.0
2030,sc01,12-19 14:00:00+01:00,0.0
2030,sc01,12-19 15:00:00+01:00,0.0
2030,sc01,12-19 16:00:00+01:00,0.0005106123279358042
2030,sc01,12-19 17:00:00+01:00,0.023007038523727444
2030,sc01,12-19 18:00:00+01:00,0.06933159299103003
2030,sc01,12-19 19:00:00+01:00,0.10370932064749502
2030,sc01,12-19 20:00:00+01:00,0.1362052882433146
2030,sc01,12-19 21:00:00+01:00,0.1338844637061656
2030,sc01,12-19 22:00:00+01:00,0.10927446548301464
2030,sc01,12-19 23:00:00+01:00,0.08743380699452968
2030,sc01,12-20 00:00:00+01:00,0.08142997921100922
2030,sc01,12-20 01:00:00+01:00,0.022594204802886413
2030,sc01,12-20 02:00:00+01:00,0.0
2030,sc01,12-20 03:00:00+01:00,0.0
2030,sc01,12-20 04:00:00+01:00,0.0
2030,sc01,12-20 05:00:00+01:00,0.0
2030,sc01,12-20 06:00:00+01:00,0.0
2030,sc01,12-20 07:00:00+01:00,0.0
2030,sc01,12-20 08:00:00+01:00,0.0
2030,sc01,12-20 09:00:00+01:00,0.0
2030,sc01,12-20 10:00:00+01:00,0.0
2030,sc01,12-20 11:00:00+01:00,0.0
2030,sc01,12-20 12:00:00+01:00,0.00684828377749022
2030,sc01,12-20 13:00:00+01:00,0.08932913231413434
2030,sc01,12-20 14:00:00+01:00,0.16251723095460693
2030,sc01,12-20 15:00:00+01:00,0.1807564176395366
2030,sc01,12-20 16:00:00+01:00,0.17000829424441383
2030,sc01,12-20 17:00:00+01:00,0.1686143722567958
2030,sc01,12-20 18:00:00+01:00,0.21355949721299272
2030,sc01,12-20 19:00:00+01:00,0.22949233598337265
2030,sc01,12-20 20:00:00+01:00,0.2544685471868328
2030,sc01,12-20 21:00:00+01:00,0.24965119869403524
2030,sc01,12-20 22:00:00+01:00,0.2166757764846866
2030,sc01,12-20 23:00:00+01:00,0.1654517067907835
2030,sc01,12-25 00:00:00+01:00,0.03643551796557622
2030,sc01,12-25 01:00:00+01:00,0.028186669322445186
2030,sc01,12-25 02:00:00+01:00,0.0198479209243698
2030,sc01,12-25 03:00:00+01:00,0.013747478281758508
2030,sc01,12-25 04:00:00+01:00,0.010460113130758123
2030,sc01,12-25 05:00:00+01:00,0.009251724319467119
2030,sc01,12-25 06:00:00+01:00,0.008991563703939139
2030,sc01,12-25 07:00:00+01:00,0.009223205918147206
2030,sc01,12-25 08:00:00+01:00,0.0
2030,sc01,12-25 09:00:00+01:00,0.0
2030,sc01,12-25 10:00:00+01:00,0.0
2030,sc01,12-25 11:00:00+01:00,0.0
2030,sc01,12-25 12:00:00+01:00,0.0
2030,sc01,12-25 13:00:00+01:00,0.0
2030,sc01,12-25 14:00:00+01:00,0.0
2030,sc01,12-25 15:00:00+01:00,0.0
2030,sc01,12-25 16:00:00+01:00,0.0003083997308134542
2030,sc01,12-25 17:00:00+01:00,0.002072402019025988
2030,sc01,12-25 18:00:00+01:00,0.008837392365235903
2030,sc01,12-25 19:00:00+01:00,0.008049999769833487
2030,sc01,12-25 20:00:00+01:00,0.00902023911082552
2030,sc01,12-25 21:00:00+01:00,0.010600144992654789
2030,sc01,12-25 22:00:00+01:00,0.010603876975844527
2030,sc01,12-25 23:00:00+01:00,0.005549937368869539
2030,sc01,12-26 00:00:00+01:00,0.0
2030,sc01,12-26 01:00:00+01:00,0.0
2030,sc01,12-26 02:00:00+01:00,0.00022755224099970804
2030,sc01,12-26 03:00:00+01:00,0.007435879797494137
2030,sc01,12-26 04:00:00+01:00,0.018161584896857545
2030,sc01,12-26 05:00:00+01:00,0.02672239077266984
2030,sc01,12-26 06:00:00+01:00,0.03595884055140513
2030,sc01,12-26 07:00:00+01:00,0.04224336311684788
2030,sc01,12-26 08:00:00+01:00,0.040926012347455416
2030,sc01,12-26 09:00:00+01:00,0.03980011838291905
2030,sc01,12-26 10:00:00+01:00,0.041578448333018984
2030,sc01,12-26 11:00:00+01:00,0.04324985582131992
2030,sc01,12-26 12:00:00+01:00,0.04479764944511646
2030,sc01,12-26 13:00:00+01:00,0.05345768576528002
2030,sc01,12-26 14:00:00+01:00,0.06646372153500825
2030,sc01,12-26 15:00:00+01:00,0.07660848472777462
2030,sc01,12-26 16:00:00+01:00,0.08710428337423741
2030,sc01,12-26 17:00:00+01:00,0.0928353546067784
2030,sc01,12-26 18:00:00+01:00,0.09837764830904511
2030,sc01,12-26 19:00:00+01:00,0.09754099481788475
2030,sc01,12-26 20:00:00+01:00,0.09963904773970216
2030,sc01,12-26 21:00:00+01:00,0.10024538906742894
2030,sc01,12-26 22:00:00+01:00,0.09536955690815474
2030,sc01,12-26 23:00:00+01:00,0.08812092957603097
