Period,Scenario,LoadLevel,Area,Node,Technology,GWh
2030,sc01,01-29 01:00:00+01:00,Area_1,Node_1,CCGT,0.0
2030,sc01,01-29 01:00:00+01:00,Area_1,Node_1,OCGT,0.0
2030,sc01,01-29 01:00:00+01:00,Area_1,Node_1,Solar,0.0
2030,sc01,01-29 01:00:00+01:00,Area_1,Node_1,Wind,64.23367565
2030,sc01,01-29 01:00:00+01:00,Area_1,Node_1,CCGT,0.0
2030,sc01,01-29 01:00:00+01:00,Area_1,Node_1,OCGT,0.0
2030,sc01,01-29 01:00:00+01:00,Area_1,Node_1,Solar,0.0
2030,sc01,01-29 01:00:00+01:00,Area_1,Node_1,Wind,0.0
2030,sc01,01-29 01:00:00+01:00,Area_1,Node_1,ENS,0.0
2030,sc01,01-29 01:00:00+01:00,Area_1,Node_1,EnergyDemand,-23.88314575368
2030,sc01,01-29 01:00:00+01:00,Area_1,Node_1,PowerFlowOut,-40.35052989632
2030,sc01,01-29 01:00:00+01:00,Area_1,Node_1,PowerFlowIn,0.0
2030,sc01,01-29 01:00:00+01:00,Area_1,Node_2,CCGT,110.00753932539598
2030,sc01,01-29 01:00:00+01:00,Area_1,Node_2,OCGT,0.0
2030,sc01,01-29 01:00:00+01:00,Area_1,Node_2,Solar,0.0
2030,sc01,01-29 01:00:00+01:00,Area_1,Node_2,Wind,0.0
2030,sc01,01-29 01:00:00+01:00,Area_1,Node_2,CCGT,0.0
2030,sc01,01-29 01:00:00+01:00,Area_1,Node_2,OCGT,0.0
2030,sc01,01-29 01:00:00+01:00,Area_1,Node_2,Solar,0.0
2030,sc01,01-29 01:00:00+01:00,Area_1,Node_2,Wind,0.0
2030,sc01,01-29 01:00:00+01:00,Area_1,Node_2,ENS,0.0
2030,sc01,01-29 01:00:00+01:00,Area_1,Node_2,EnergyDemand,-49.16952386812
2030,sc01,01-29 01:00:00+01:00,Area_1,Node_2,PowerFlowOut,-60.74194757640931
2030,sc01,01-29 01:00:00+01:00,Area_1,Node_2,PowerFlowIn,-0.09606788086665524
2030,sc01,01-29 01:00:00+01:00,Area_1,Node_3,CCGT,0.0
2030,sc01,01-29 01:00:00+01:00,Area_1,Node_3,OCGT,0.0
2030,sc01,01-29 01:00:00+01:00,Area_1,Node_3,Solar,0.0
2030,sc01,01-29 01:00:00+01:00,Area_1,Node_3,Wind,0.0
2030,sc01,01-29 01:00:00+01:00,Area_1,Node_3,CCGT,0.0
2030,sc01,01-29 01:00:00+01:00,Area_1,Node_3,OCGT,0.0
2030,sc01,01-29 01:00:00+01:00,Area_1,Node_3,Solar,0.0
2030,sc01,01-29 01:00:00+01:00,Area_1,Node_3,Wind,0.0
2030,sc01,01-29 01:00:00+01:00,Area_1,Node_3,ENS,0.0
2030,sc01,01-29 01:00:00+01:00,Area_1,Node_3,EnergyDemand,-101.18854535360002
2030,sc01,01-29 01:00:00+01:00,Area_1,Node_3,PowerFlowOut,0.0
2030,sc01,01-29 01:00:00+01:00,Area_1,Node_3,PowerFlowIn,101.18854535359597
2030,sc01,03-23 12:00:00+01:00,Area_1,Node_1,CCGT,0.0
2030,sc01,03-23 12:00:00+01:00,Area_1,Node_1,OCGT,0.0
2030,sc01,03-23 12:00:00+01:00,Area_1,Node_1,Solar,0.0
2030,sc01,03-23 12:00:00+01:00,Area_1,Node_1,Wind,33.148525581250006
2030,sc01,03-23 12:00:00+01:00,Area_1,Node_1,CCGT,0.0
2030,sc01,03-23 12:00:00+01:00,Area_1,Node_1,OCGT,0.0
2030,sc01,03-23 12:00:00+01:00,Area_1,Node_1,Solar,0.0
2030,sc01,03-23 12:00:00+01:00,Area_1,Node_1,Wind,0.0
2030,sc01,03-23 12:00:00+01:00,Area_1,Node_1,ENS,0.0
2030,sc01,03-23 12:00:00+01:00,Area_1,Node_1,EnergyDemand,-29.51050523549
2030,sc01,03-23 12:00:00+01:00,Area_1,Node_1,PowerFlowOut,-3.638020345760008
2030,sc01,03-23 12:00:00+01:00,Area_1,Node_1,PowerFlowIn,0.0
2030,sc01,03-23 12:00:00+01:00,Area_1,Node_2,CCGT,151.92379057882533
2030,sc01,03-23 12:00:00+01:00,Area_1,Node_2,OCGT,0.0
2030,sc01,03-23 12:00:00+01:00,Area_1,Node_2,Solar,0.0
2030,sc01,03-23 12:00:00+01:00,Area_1,Node_2,Wind,0.0
2030,sc01,03-23 12:00:00+01:00,Area_1,Node_2,CCGT,0.0
2030,sc01,03-23 12:00:00+01:00,Area_1,Node_2,OCGT,0.0
2030,sc01,03-23 12:00:00+01:00,Area_1,Node_2,Solar,0.0
2030,sc01,03-23 12:00:00+01:00,Area_1,Node_2,Wind,0.0
2030,sc01,03-23 12:00:00+01:00,Area_1,Node_2,ENS,0.0
2030,sc01,03-23 12:00:00+01:00,Area_1,Node_2,EnergyDemand,-65.88564719490999
2030,sc01,03-23 12:00:00+01:00,Area_1,Node_2,PowerFlowOut,-61.24395480998123
2030,sc01,03-23 12:00:00+01:00,Area_1,Node_2,PowerFlowIn,-24.794188573934086
2030,sc01,03-23 12:00:00+01:00,Area_1,Node_3,CCGT,0.0
2030,sc01,03-23 12:00:00+01:00,Area_1,Node_3,OCGT,0.0
2030,sc01,03-23 12:00:00+01:00,Area_1,Node_3,Solar,22.9772999375
2030,sc01,03-23 12:00:00+01:00,Area_1,Node_3,Wind,0.0
2030,sc01,03-23 12:00:00+01:00,Area_1,Node_3,CCGT,0.0
2030,sc01,03-23 12:00:00+01:00,Area_1,Node_3,OCGT,0.0
2030,sc01,03-23 12:00:00+01:00,Area_1,Node_3,Solar,0.0
2030,sc01,03-23 12:00:00+01:00,Area_1,Node_3,Wind,0.0
2030,sc01,03-23 12:00:00+01:00,Area_1,Node_3,ENS,0.0
2030,sc01,03-23 12:00:00+01:00,Area_1,Node_3,EnergyDemand,-112.65346366718
2030,sc01,03-23 12:00:00+01:00,Area_1,Node_3,PowerFlowOut,0.0
2030,sc01,03-23 12:00:00+01:00,Area_1,Node_3,PowerFlowIn,89.67616372967532
2030,sc01,05-15 02:00:00+02:00,Area_1,Node_1,CCGT,0.0
2030,sc01,05-15 02:00:00+02:00,Area_1,Node_1,OCGT,0.0
2030,sc01,05-15 02:00:00+02:00,Area_1,Node_1,Solar,0.0
2030,sc01,05-15 02:00:00+02:00,Area_1,Node_1,Wind,69.83469373125
2030,sc01,05-15 02:00:00+02:00,Area_1,Node_1,CCGT,0.0
2030,sc01,05-15 02:00:00+02:00,Area_1,Node_1,OCGT,0.0
2030,sc01,05-15 02:00:00+02:00,Area_1,Node_1,Solar,0.0
2030,sc01,05-15 02:00:00+02:00,Area_1,Node_1,Wind,0.0
2030,sc01,05-15 02:00:00+02:00,Area_1,Node_1,ENS,0.0
2030,sc01,05-15 02:00:00+02:00,Area_1,Node_1,EnergyDemand,-22.217242506759998
2030,sc01,05-15 02:00:00+02:00,Area_1,Node_1,PowerFlowOut,-47.61745122449
2030,sc01,05-15 02:00:00+02:00,Area_1,Node_1,PowerFlowIn,0.0
2030,sc01,05-15 02:00:00+02:00,Area_1,Node_2,CCGT,93.76946678602957
2030,sc01,05-15 02:00:00+02:00,Area_1,Node_2,OCGT,0.0
2030,sc01,05-15 02:00:00+02:00,Area_1,Node_2,Solar,0.0
2030,sc01,05-15 02:00:00+02:00,Area_1,Node_2,Wind,0.0
2030,sc01,05-15 02:00:00+02:00,Area_1,Node_2,CCGT,0.0
2030,sc01,05-15 02:00:00+02:00,Area_1,Node_2,OCGT,0.0
2030,sc01,05-15 02:00:00+02:00,Area_1,Node_2,Solar,0.0
2030,sc01,05-15 02:00:00+02:00,Area_1,Node_2,Wind,0.0
2030,sc01,05-15 02:00:00+02:00,Area_1,Node_2,ENS,0.0
2030,sc01,05-15 02:00:00+02:00,Area_1,Node_2,EnergyDemand,-40.22125970884
2030,sc01,05-15 02:00:00+02:00,Area_1,Node_2,PowerFlowOut,-59.049120849357124
2030,sc01,05-15 02:00:00+02:00,Area_1,Node_2,PowerFlowIn,5.500913772167565
2030,sc01,05-15 02:00:00+02:00,Area_1,Node_3,CCGT,0.0
2030,sc01,05-15 02:00:00+02:00,Area_1,Node_3,OCGT,0.0
2030,sc01,05-15 02:00:00+02:00,Area_1,Node_3,Solar,0.0
2030,sc01,05-15 02:00:00+02:00,Area_1,Node_3,Wind,0.0
2030,sc01,05-15 02:00:00+02:00,Area_1,Node_3,CCGT,0.0
2030,sc01,05-15 02:00:00+02:00,Area_1,Node_3,OCGT,0.0
2030,sc01,05-15 02:00:00+02:00,Area_1,Node_3,Solar,0.0
2030,sc01,05-15 02:00:00+02:00,Area_1,Node_3,Wind,0.0
2030,sc01,05-15 02:00:00+02:00,Area_1,Node_3,ENS,0.0
2030,sc01,05-15 02:00:00+02:00,Area_1,Node_3,EnergyDemand,-101.16565830168001
2030,sc01,05-15 02:00:00+02:00,Area_1,Node_3,PowerFlowOut,0.0
2030,sc01,05-15 02:00:00+02:00,Area_1,Node_3,PowerFlowIn,101.16565830167956
2030,sc01,06-13 00:00:00+02:00,Area_1,Node_1,CCGT,0.0
2030,sc01,06-13 00:00:00+02:00,Area_1,Node_1,OCGT,0.0
2030,sc01,06-13 00:00:00+02:00,Area_1,Node_1,Solar,0.0
2030,sc01,06-13 00:00:00+02:00,Area_1,Node_1,Wind,0.64152680625
2030,sc01,06-13 00:00:00+02:00,Area_1,Node_1,CCGT,0.0
2030,sc01,06-13 00:00:00+02:00,Area_1,Node_1,OCGT,0.0
2030,sc01,06-13 00:00:00+02:00,Area_1,Node_1,Solar,0.0
2030,sc01,06-13 00:00:00+02:00,Area_1,Node_1,Wind,0.0
2030,sc01,06-13 00:00:00+02:00,Area_1,Node_1,ENS,0.0
2030,sc01,06-13 00:00:00+02:00,Area_1,Node_1,EnergyDemand,-1.18078140126
2030,sc01,06-13 00:00:00+02:00,Area_1,Node_1,PowerFlowOut,0.5392545950100001
2030,sc01,06-13 00:00:00+02:00,Area_1,Node_1,PowerFlowIn,0.0
2030,sc01,06-13 00:00:00+02:00,Area_1,Node_2,CCGT,8.402866729920197
2030,sc01,06-13 00:00:00+02:00,Area_1,Node_2,OCGT,0.0
2030,sc01,06-13 00:00:00+02:00,Area_1,Node_2,Solar,0.0
2030,sc01,06-13 00:00:00+02:00,Area_1,Node_2,Wind,0.0
2030,sc01,06-13 00:00:00+02:00,Area_1,Node_2,CCGT,0.0
2030,sc01,06-13 00:00:00+02:00,Area_1,Node_2,OCGT,0.0
2030,sc01,06-13 00:00:00+02:00,Area_1,Node_2,Solar,0.0
2030,sc01,06-13 00:00:00+02:00,Area_1,Node_2,Wind,0.0
2030,sc01,06-13 00:00:00+02:00,Area_1,Node_2,ENS,0.0
2030,sc01,06-13 00:00:00+02:00,Area_1,Node_2,EnergyDemand,-2.06032578081
2030,sc01,06-13 00:00:00+02:00,Area_1,Node_2,PowerFlowOut,-4.142103151686846
2030,sc01,06-13 00:00:00+02:00,Area_1,Node_2,PowerFlowIn,-2.200437797423349
2030,sc01,06-13 00:00:00+02:00,Area_1,Node_3,CCGT,0.0
2030,sc01,06-13 00:00:00+02:00,Area_1,Node_3,OCGT,0.0
2030,sc01,06-13 00:00:00+02:00,Area_1,Node_3,Solar,0.0
2030,sc01,06-13 00:00:00+02:00,Area_1,Node_3,Wind,0.0
2030,sc01,06-13 00:00:00+02:00,Area_1,Node_3,CCGT,0.0
2030,sc01,06-13 00:00:00+02:00,Area_1,Node_3,OCGT,0.0
2030,sc01,06-13 00:00:00+02:00,Area_1,Node_3,Solar,0.0
2030,sc01,06-13 00:00:00+02:00,Area_1,Node_3,Wind,0.0
2030,sc01,06-13 00:00:00+02:00,Area_1,Node_3,ENS,0.0
2030,sc01,06-13 00:00:00+02:00,Area_1,Node_3,EnergyDemand,-5.8032863541
2030,sc01,06-13 00:00:00+02:00,Area_1,Node_3,PowerFlowOut,0.0
2030,sc01,06-13 00:00:00+02:00,Area_1,Node_3,PowerFlowIn,5.803286354100194
2030,sc01,06-29 09:00:00+02:00,Area_1,Node_1,CCGT,0.0
2030,sc01,06-29 09:00:00+02:00,Area_1,Node_1,OCGT,0.0
2030,sc01,06-29 09:00:00+02:00,Area_1,Node_1,Solar,0.0
2030,sc01,06-29 09:00:00+02:00,Area_1,Node_1,Wind,0.33784310625
2030,sc01,06-29 09:00:00+02:00,Area_1,Node_1,CCGT,0.0
2030,sc01,06-29 09:00:00+02:00,Area_1,Node_1,OCGT,0.0
2030,sc01,06-29 09:00:00+02:00,Area_1,Node_1,Solar,0.0
2030,sc01,06-29 09:00:00+02:00,Area_1,Node_1,Wind,0.0
2030,sc01,06-29 09:00:00+02:00,Area_1,Node_1,ENS,0.0
2030,sc01,06-29 09:00:00+02:00,Area_1,Node_1,EnergyDemand,-1.11656547756
2030,sc01,06-29 09:00:00+02:00,Area_1,Node_1,PowerFlowOut,0.77872237131
2030,sc01,06-29 09:00:00+02:00,Area_1,Node_1,PowerFlowIn,0.0
2030,sc01,06-29 09:00:00+02:00,Area_1,Node_2,CCGT,6.9755503431900445
2030,sc01,06-29 09:00:00+02:00,Area_1,Node_2,OCGT,0.0
2030,sc01,06-29 09:00:00+02:00,Area_1,Node_2,Solar,0.0
2030,sc01,06-29 09:00:00+02:00,Area_1,Node_2,Wind,0.0
2030,sc01,06-29 09:00:00+02:00,Area_1,Node_2,CCGT,0.0
2030,sc01,06-29 09:00:00+02:00,Area_1,Node_2,OCGT,0.0
2030,sc01,06-29 09:00:00+02:00,Area_1,Node_2,Solar,0.0
2030,sc01,06-29 09:00:00+02:00,Area_1,Node_2,Wind,0.0
2030,sc01,06-29 09:00:00+02:00,Area_1,Node_2,ENS,0.0
2030,sc01,06-29 09:00:00+02:00,Area_1,Node_2,EnergyDemand,-1.8989854735799998
2030,sc01,06-29 09:00:00+02:00,Area_1,Node_2,PowerFlowOut,-3.15513458450983
2030,sc01,06-29 09:00:00+02:00,Area_1,Node_2,PowerFlowIn,-1.9214302851002139
2030,sc01,06-29 09:00:00+02:00,Area_1,Node_3,CCGT,0.0
2030,sc01,06-29 09:00:00+02:00,Area_1,Node_3,OCGT,0.0
2030,sc01,06-29 09:00:00+02:00,Area_1,Node_3,Solar,1.162121025
2030,sc01,06-29 09:00:00+02:00,Area_1,Node_3,Wind,0.0
2030,sc01,06-29 09:00:00+02:00,Area_1,Node_3,CCGT,0.0
2030,sc01,06-29 09:00:00+02:00,Area_1,Node_3,OCGT,0.0
2030,sc01,06-29 09:00:00+02:00,Area_1,Node_3,Solar,0.0
2030,sc01,06-29 09:00:00+02:00,Area_1,Node_3,Wind,0.0
2030,sc01,06-29 09:00:00+02:00,Area_1,Node_3,ENS,0.0
2030,sc01,06-29 09:00:00+02:00,Area_1,Node_3,EnergyDemand,-5.459963523299999
2030,sc01,06-29 09:00:00+02:00,Area_1,Node_3,PowerFlowOut,0.0
2030,sc01,06-29 09:00:00+02:00,Area_1,Node_3,PowerFlowIn,4.297842498300044
2030,sc01,07-01 17:00:00+02:00,Area_1,Node_1,CCGT,0.0
2030,sc01,07-01 17:00:00+02:00,Area_1,Node_1,OCGT,0.0
2030,sc01,07-01 17:00:00+02:00,Area_1,Node_1,Solar,0.0
2030,sc01,07-01 17:00:00+02:00,Area_1,Node_1,Wind,2.46837736875
2030,sc01,07-01 17:00:00+02:00,Area_1,Node_1,CCGT,0.0
2030,sc01,07-01 17:00:00+02:00,Area_1,Node_1,OCGT,0.0
2030,sc01,07-01 17:00:00+02:00,Area_1,Node_1,Solar,0.0
2030,sc01,07-01 17:00:00+02:00,Area_1,Node_1,Wind,0.0
2030,sc01,07-01 17:00:00+02:00,Area_1,Node_1,ENS,0.0
2030,sc01,07-01 17:00:00+02:00,Area_1,Node_1,EnergyDemand,-1.15272954204
2030,sc01,07-01 17:00:00+02:00,Area_1,Node_1,PowerFlowOut,-1.31564782671
2030,sc01,07-01 17:00:00+02:00,Area_1,Node_1,PowerFlowIn,0.0
2030,sc01,07-01 17:00:00+02:00,Area_1,Node_2,CCGT,7.5935033449497045
2030,sc01,07-01 17:00:00+02:00,Area_1,Node_2,OCGT,0.0
2030,sc01,07-01 17:00:00+02:00,Area_1,Node_2,Solar,0.0
2030,sc01,07-01 17:00:00+02:00,Area_1,Node_2,Wind,0.0
2030,sc01,07-01 17:00:00+02:00,Area_1,Node_2,CCGT,0.0
2030,sc01,07-01 17:00:00+02:00,Area_1,Node_2,OCGT,0.0
2030,sc01,07-01 17:00:00+02:00,Area_1,Node_2,Solar,0.0
2030,sc01,07-01 17:00:00+02:00,Area_1,Node_2,Wind,0.0
2030,sc01,07-01 17:00:00+02:00,Area_1,Node_2,ENS,0.0
2030,sc01,07-01 17:00:00+02:00,Area_1,Node_2,EnergyDemand,-2.62679644056
2030,sc01,07-01 17:00:00+02:00,Area_1,Node_2,PowerFlowOut,-4.045711469212693
2030,sc01,07-01 17:00:00+02:00,Area_1,Node_2,PowerFlowIn,-0.9209954351770111
2030,sc01,07-01 17:00:00+02:00,Area_1,Node_3,CCGT,0.0
2030,sc01,07-01 17:00:00+02:00,Area_1,Node_3,OCGT,0.0
2030,sc01,07-01 17:00:00+02:00,Area_1,Node_3,Solar,1.075553025
2030,sc01,07-01 17:00:00+02:00,Area_1,Node_3,Wind,0.0
2030,sc01,07-01 17:00:00+02:00,Area_1,Node_3,CCGT,0.0
2030,sc01,07-01 17:00:00+02:00,Area_1,Node_3,OCGT,0.0
2030,sc01,07-01 17:00:00+02:00,Area_1,Node_3,Solar,0.0
2030,sc01,07-01 17:00:00+02:00,Area_1,Node_3,Wind,0.0
2030,sc01,07-01 17:00:00+02:00,Area_1,Node_3,ENS,0.0
2030,sc01,07-01 17:00:00+02:00,Area_1,Node_3,EnergyDemand,-7.3579077561
2030,sc01,07-01 17:00:00+02:00,Area_1,Node_3,PowerFlowOut,0.0
2030,sc01,07-01 17:00:00+02:00,Area_1,Node_3,PowerFlowIn,6.282354731099704
2030,sc01,07-08 21:00:00+02:00,Area_1,Node_1,CCGT,0.0
2030,sc01,07-08 21:00:00+02:00,Area_1,Node_1,OCGT,0.0
2030,sc01,07-08 21:00:00+02:00,Area_1,Node_1,Solar,0.0
2030,sc01,07-08 21:00:00+02:00,Area_1,Node_1,Wind,1.46538331875
2030,sc01,07-08 21:00:00+02:00,Area_1,Node_1,CCGT,0.0
2030,sc01,07-08 21:00:00+02:00,Area_1,Node_1,OCGT,0.0
2030,sc01,07-08 21:00:00+02:00,Area_1,Node_1,Solar,0.0
2030,sc01,07-08 21:00:00+02:00,Area_1,Node_1,Wind,0.0
2030,sc01,07-08 21:00:00+02:00,Area_1,Node_1,ENS,0.0
2030,sc01,07-08 21:00:00+02:00,Area_1,Node_1,EnergyDemand,-0.5294438478
2030,sc01,07-08 21:00:00+02:00,Area_1,Node_1,PowerFlowOut,-0.9359394709500002
2030,sc01,07-08 21:00:00+02:00,Area_1,Node_1,PowerFlowIn,0.0
2030,sc01,07-08 21:00:00+02:00,Area_1,Node_2,CCGT,3.9819533874299937
2030,sc01,07-08 21:00:00+02:00,Area_1,Node_2,OCGT,0.0
2030,sc01,07-08 21:00:00+02:00,Area_1,Node_2,Solar,0.0
2030,sc01,07-08 21:00:00+02:00,Area_1,Node_2,Wind,0.0
2030,sc01,07-08 21:00:00+02:00,Area_1,Node_2,CCGT,0.0
2030,sc01,07-08 21:00:00+02:00,Area_1,Node_2,OCGT,0.0
2030,sc01,07-08 21:00:00+02:00,Area_1,Node_2,Solar,0.0
2030,sc01,07-08 21:00:00+02:00,Area_1,Node_2,Wind,0.0
2030,sc01,07-08 21:00:00+02:00,Area_1,Node_2,ENS,0.0
2030,sc01,07-08 21:00:00+02:00,Area_1,Node_2,EnergyDemand,-1.39331087658
2030,sc01,07-08 21:00:00+02:00,Area_1,Node_2,PowerFlowOut,-2.2241091864114892
2030,sc01,07-08 21:00:00+02:00,Area_1,Node_2,PowerFlowIn,-0.36453332443850495
2030,sc01,07-08 21:00:00+02:00,Area_1,Node_3,CCGT,0.0
2030,sc01,07-08 21:00:00+02:00,Area_1,Node_3,OCGT,0.0
2030,sc01,07-08 21:00:00+02:00,Area_1,Node_3,Solar,0.0
2030,sc01,07-08 21:00:00+02:00,Area_1,Node_3,Wind,0.0
2030,sc01,07-08 21:00:00+02:00,Area_1,Node_3,CCGT,0.0
2030,sc01,07-08 21:00:00+02:00,Area_1,Node_3,OCGT,0.0
2030,sc01,07-08 21:00:00+02:00,Area_1,Node_3,Solar,0.0
2030,sc01,07-08 21:00:00+02:00,Area_1,Node_3,Wind,0.0
2030,sc01,07-08 21:00:00+02:00,Area_1,Node_3,ENS,0.0
2030,sc01,07-08 21:00:00+02:00,Area_1,Node_3,EnergyDemand,-3.5245819818000004
2030,sc01,07-08 21:00:00+02:00,Area_1,Node_3,PowerFlowOut,0.0
2030,sc01,07-08 21:00:00+02:00,Area_1,Node_3,PowerFlowIn,3.5245819817999946
2030,sc01,07-20 00:00:00+02:00,Area_1,Node_1,CCGT,0.0
2030,sc01,07-20 00:00:00+02:00,Area_1,Node_1,OCGT,0.0
2030,sc01,07-20 00:00:00+02:00,Area_1,Node_1,Solar,0.0
2030,sc01,07-20 00:00:00+02:00,Area_1,Node_1,Wind,1.4385063
2030,sc01,07-20 00:00:00+02:00,Area_1,Node_1,CCGT,0.0
2030,sc01,07-20 00:00:00+02:00,Area_1,Node_1,OCGT,0.0
2030,sc01,07-20 00:00:00+02:00,Area_1,Node_1,Solar,0.0
2030,sc01,07-20 00:00:00+02:00,Area_1,Node_1,Wind,0.0
2030,sc01,07-20 00:00:00+02:00,Area_1,Node_1,ENS,0.0
2030,sc01,07-20 00:00:00+02:00,Area_1,Node_1,EnergyDemand,-1.5790213216799998
2030,sc01,07-20 00:00:00+02:00,Area_1,Node_1,PowerFlowOut,0.14051502168000019
2030,sc01,07-20 00:00:00+02:00,Area_1,Node_1,PowerFlowIn,0.0
2030,sc01,07-20 00:00:00+02:00,Area_1,Node_2,CCGT,13.287519328160366
2030,sc01,07-20 00:00:00+02:00,Area_1,Node_2,OCGT,0.0
2030,sc01,07-20 00:00:00+02:00,Area_1,Node_2,Solar,0.0
2030,sc01,07-20 00:00:00+02:00,Area_1,Node_2,Wind,0.0
2030,sc01,07-20 00:00:00+02:00,Area_1,Node_2,CCGT,0.0
2030,sc01,07-20 00:00:00+02:00,Area_1,Node_2,OCGT,0.0
2030,sc01,07-20 00:00:00+02:00,Area_1,Node_2,Solar,0.0
2030,sc01,07-20 00:00:00+02:00,Area_1,Node_2,Wind,0.0
2030,sc01,07-20 00:00:00+02:00,Area_1,Node_2,ENS,0.0
2030,sc01,07-20 00:00:00+02:00,Area_1,Node_2,EnergyDemand,-3.3867068232800004
2030,sc01,07-20 00:00:00+02:00,Area_1,Node_2,PowerFlowOut,-6.789555570295368
2030,sc01,07-20 00:00:00+02:00,Area_1,Node_2,PowerFlowIn,-3.1112569345849956
2030,sc01,07-20 00:00:00+02:00,Area_1,Node_3,CCGT,0.0
2030,sc01,07-20 00:00:00+02:00,Area_1,Node_3,OCGT,0.0
2030,sc01,07-20 00:00:00+02:00,Area_1,Node_3,Solar,0.0
2030,sc01,07-20 00:00:00+02:00,Area_1,Node_3,Wind,0.0
2030,sc01,07-20 00:00:00+02:00,Area_1,Node_3,CCGT,0.0
2030,sc01,07-20 00:00:00+02:00,Area_1,Node_3,OCGT,0.0
2030,sc01,07-20 00:00:00+02:00,Area_1,Node_3,Solar,0.0
2030,sc01,07-20 00:00:00+02:00,Area_1,Node_3,Wind,0.0
2030,sc01,07-20 00:00:00+02:00,Area_1,Node_3,ENS,0.0
2030,sc01,07-20 00:00:00+02:00,Area_1,Node_3,EnergyDemand,-9.7602974832
2030,sc01,07-20 00:00:00+02:00,Area_1,Node_3,PowerFlowOut,0.0
2030,sc01,07-20 00:00:00+02:00,Area_1,Node_3,PowerFlowIn,9.760297483200365
2030,sc01,07-20 21:00:00+02:00,Area_1,Node_1,CCGT,0.0
2030,sc01,07-20 21:00:00+02:00,Area_1,Node_1,OCGT,0.0
2030,sc01,07-20 21:00:00+02:00,Area_1,Node_1,Solar,0.0
2030,sc01,07-20 21:00:00+02:00,Area_1,Node_1,Wind,3.424743525
2030,sc01,07-20 21:00:00+02:00,Area_1,Node_1,CCGT,0.0
2030,sc01,07-20 21:00:00+02:00,Area_1,Node_1,OCGT,0.0
2030,sc01,07-20 21:00:00+02:00,Area_1,Node_1,Solar,0.0
2030,sc01,07-20 21:00:00+02:00,Area_1,Node_1,Wind,0.0
2030,sc01,07-20 21:00:00+02:00,Area_1,Node_1,ENS,0.0
2030,sc01,07-20 21:00:00+02:00,Area_1,Node_1,EnergyDemand,-5.24088167016
2030,sc01,07-20 21:00:00+02:00,Area_1,Node_1,PowerFlowOut,1.816138145160001
2030,sc01,07-20 21:00:00+02:00,Area_1,Node_1,PowerFlowIn,0.0
2030,sc01,07-20 21:00:00+02:00,Area_1,Node_2,CCGT,37.732729409941086
2030,sc01,07-20 21:00:00+02:00,Area_1,Node_2,OCGT,0.0
2030,sc01,07-20 21:00:00+02:00,Area_1,Node_2,Solar,0.0
2030,sc01,07-20 21:00:00+02:00,Area_1,Node_2,Wind,0.0
2030,sc01,07-20 21:00:00+02:00,Area_1,Node_2,CCGT,0.0
2030,sc01,07-20 21:00:00+02:00,Area_1,Node_2,OCGT,0.0
2030,sc01,07-20 21:00:00+02:00,Area_1,Node_2,Solar,0.0
2030,sc01,07-20 21:00:00+02:00,Area_1,Node_2,Wind,0.0
2030,sc01,07-20 21:00:00+02:00,Area_1,Node_2,ENS,0.0
2030,sc01,07-20 21:00:00+02:00,Area_1,Node_2,EnergyDemand,-10.3919706465
2030,sc01,07-20 21:00:00+02:00,Area_1,Node_2,PowerFlowOut,-18.09000000000017
2030,sc01,07-20 21:00:00+02:00,Area_1,Node_2,PowerFlowIn,-9.250758763440913
2030,sc01,07-20 21:00:00+02:00,Area_1,Node_3,CCGT,0.0
2030,sc01,07-20 21:00:00+02:00,Area_1,Node_3,OCGT,0.818590533718916
2030,sc01,07-20 21:00:00+02:00,Area_1,Node_3,Solar,0.0
2030,sc01,07-20 21:00:00+02:00,Area_1,Node_3,Wind,0.0
2030,sc01,07-20 21:00:00+02:00,Area_1,Node_3,CCGT,0.0
2030,sc01,07-20 21:00:00+02:00,Area_1,Node_3,OCGT,0.0
2030,sc01,07-20 21:00:00+02:00,Area_1,Node_3,Solar,0.0
2030,sc01,07-20 21:00:00+02:00,Area_1,Node_3,Wind,0.0
2030,sc01,07-20 21:00:00+02:00,Area_1,Node_3,ENS,0.0
2030,sc01,07-20 21:00:00+02:00,Area_1,Node_3,EnergyDemand,-26.343211152000002
2030,sc01,07-20 21:00:00+02:00,Area_1,Node_3,PowerFlowOut,0.0
2030,sc01,07-20 21:00:00+02:00,Area_1,Node_3,PowerFlowIn,25.524620618281084
2030,sc01,07-22 15:00:00+02:00,Area_1,Node_1,CCGT,0.0
2030,sc01,07-22 15:00:00+02:00,Area_1,Node_1,OCGT,0.0
2030,sc01,07-22 15:00:00+02:00,Area_1,Node_1,Solar,0.0
2030,sc01,07-22 15:00:00+02:00,Area_1,Node_1,Wind,6.53319476875
2030,sc01,07-22 15:00:00+02:00,Area_1,Node_1,CCGT,0.0
2030,sc01,07-22 15:00:00+02:00,Area_1,Node_1,OCGT,0.0
2030,sc01,07-22 15:00:00+02:00,Area_1,Node_1,Solar,0.0
2030,sc01,07-22 15:00:00+02:00,Area_1,Node_1,Wind,0.0
2030,sc01,07-22 15:00:00+02:00,Area_1,Node_1,ENS,0.0
2030,sc01,07-22 15:00:00+02:00,Area_1,Node_1,EnergyDemand,-5.02802123863
2030,sc01,07-22 15:00:00+02:00,Area_1,Node_1,PowerFlowOut,-1.5051735301200022
2030,sc01,07-22 15:00:00+02:00,Area_1,Node_1,PowerFlowIn,0.0
2030,sc01,07-22 15:00:00+02:00,Area_1,Node_2,CCGT,44.260517632761335
2030,sc01,07-22 15:00:00+02:00,Area_1,Node_2,OCGT,0.0
2030,sc01,07-22 15:00:00+02:00,Area_1,Node_2,Solar,0.0
2030,sc01,07-22 15:00:00+02:00,Area_1,Node_2,Wind,0.0
2030,sc01,07-22 15:00:00+02:00,Area_1,Node_2,CCGT,0.0
2030,sc01,07-22 15:00:00+02:00,Area_1,Node_2,OCGT,0.0
2030,sc01,07-22 15:00:00+02:00,Area_1,Node_2,Solar,0.0
2030,sc01,07-22 15:00:00+02:00,Area_1,Node_2,Wind,0.0
2030,sc01,07-22 15:00:00+02:00,Area_1,Node_2,ENS,0.0
2030,sc01,07-22 15:00:00+02:00,Area_1,Node_2,EnergyDemand,-13.153966652840001
2030,sc01,07-22 15:00:00+02:00,Area_1,Node_2,PowerFlowOut,-22.23000000000021
2030,sc01,07-22 15:00:00+02:00,Area_1,Node_2,PowerFlowIn,-8.876550979921124
2030,sc01,07-22 15:00:00+02:00,Area_1,Node_3,CCGT,0.0
2030,sc01,07-22 15:00:00+02:00,Area_1,Node_3,OCGT,2.0778602262586627
2030,sc01,07-22 15:00:00+02:00,Area_1,Node_3,Solar,8.3771933375
2030,sc01,07-22 15:00:00+02:00,Area_1,Node_3,Wind,0.0
2030,sc01,07-22 15:00:00+02:00,Area_1,Node_3,CCGT,0.0
2030,sc01,07-22 15:00:00+02:00,Area_1,Node_3,OCGT,0.0
2030,sc01,07-22 15:00:00+02:00,Area_1,Node_3,Solar,0.0
2030,sc01,07-22 15:00:00+02:00,Area_1,Node_3,Wind,0.0
2030,sc01,07-22 15:00:00+02:00,Area_1,Node_3,ENS,0.0
2030,sc01,07-22 15:00:00+02:00,Area_1,Node_3,EnergyDemand,-43.066778073799995
2030,sc01,07-22 15:00:00+02:00,Area_1,Node_3,PowerFlowOut,0.0
2030,sc01,07-22 15:00:00+02:00,Area_1,Node_3,PowerFlowIn,32.611724510041334
2030,sc01,07-23 00:00:00+02:00,Area_1,Node_1,CCGT,0.0
2030,sc01,07-23 00:00:00+02:00,Area_1,Node_1,OCGT,0.0
2030,sc01,07-23 00:00:00+02:00,Area_1,Node_1,Solar,0.0
2030,sc01,07-23 00:00:00+02:00,Area_1,Node_1,Wind,1.9756757250000003
2030,sc01,07-23 00:00:00+02:00,Area_1,Node_1,CCGT,0.0
2030,sc01,07-23 00:00:00+02:00,Area_1,Node_1,OCGT,0.0
2030,sc01,07-23 00:00:00+02:00,Area_1,Node_1,Solar,0.0
2030,sc01,07-23 00:00:00+02:00,Area_1,Node_1,Wind,0.0
2030,sc01,07-23 00:00:00+02:00,Area_1,Node_1,ENS,0.0
2030,sc01,07-23 00:00:00+02:00,Area_1,Node_1,EnergyDemand,-1.2092114832400003
2030,sc01,07-23 00:00:00+02:00,Area_1,Node_1,PowerFlowOut,-0.7664642417599996
2030,sc01,07-23 00:00:00+02:00,Area_1,Node_1,PowerFlowIn,0.0
2030,sc01,07-23 00:00:00+02:00,Area_1,Node_2,CCGT,9.38982408348001
2030,sc01,07-23 00:00:00+02:00,Area_1,Node_2,OCGT,0.0
2030,sc01,07-23 00:00:00+02:00,Area_1,Node_2,Solar,0.0
2030,sc01,07-23 00:00:00+02:00,Area_1,Node_2,Wind,0.0
2030,sc01,07-23 00:00:00+02:00,Area_1,Node_2,CCGT,0.0
2030,sc01,07-23 00:00:00+02:00,Area_1,Node_2,OCGT,0.0
2030,sc01,07-23 00:00:00+02:00,Area_1,Node_2,Solar,0.0
2030,sc01,07-23 00:00:00+02:00,Area_1,Node_2,Wind,0.0
2030,sc01,07-23 00:00:00+02:00,Area_1,Node_2,ENS,0.0
2030,sc01,07-23 00:00:00+02:00,Area_1,Node_2,EnergyDemand,-2.60507912364
2030,sc01,07-23 00:00:00+02:00,Area_1,Node_2,PowerFlowOut,-5.050883853009015
2030,sc01,07-23 00:00:00+02:00,Area_1,Node_2,PowerFlowIn,-1.7338611068309953
2030,sc01,07-23 00:00:00+02:00,Area_1,Node_3,CCGT,0.0
2030,sc01,07-23 00:00:00+02:00,Area_1,Node_3,OCGT,0.0
2030,sc01,07-23 00:00:00+02:00,Area_1,Node_3,Solar,0.0
2030,sc01,07-23 00:00:00+02:00,Area_1,Node_3,Wind,0.0
2030,sc01,07-23 00:00:00+02:00,Area_1,Node_3,CCGT,0.0
2030,sc01,07-23 00:00:00+02:00,Area_1,Node_3,OCGT,0.0
2030,sc01,07-23 00:00:00+02:00,Area_1,Node_3,Solar,0.0
2030,sc01,07-23 00:00:00+02:00,Area_1,Node_3,Wind,0.0
2030,sc01,07-23 00:00:00+02:00,Area_1,Node_3,ENS,0.0
2030,sc01,07-23 00:00:00+02:00,Area_1,Node_3,EnergyDemand,-7.5512092016
2030,sc01,07-23 00:00:00+02:00,Area_1,Node_3,PowerFlowOut,0.0
2030,sc01,07-23 00:00:00+02:00,Area_1,Node_3,PowerFlowIn,7.55120920160001
2030,sc01,07-25 03:00:00+02:00,Area_1,Node_1,CCGT,0.0
2030,sc01,07-25 03:00:00+02:00,Area_1,Node_1,OCGT,0.0
2030,sc01,07-25 03:00:00+02:00,Area_1,Node_1,Solar,0.0
2030,sc01,07-25 03:00:00+02:00,Area_1,Node_1,Wind,5.1449157875
2030,sc01,07-25 03:00:00+02:00,Area_1,Node_1,CCGT,0.0
2030,sc01,07-25 03:00:00+02:00,Area_1,Node_1,OCGT,0.0
2030,sc01,07-25 03:00:00+02:00,Area_1,Node_1,Solar,0.0
2030,sc01,07-25 03:00:00+02:00,Area_1,Node_1,Wind,0.0
2030,sc01,07-25 03:00:00+02:00,Area_1,Node_1,ENS,0.0
2030,sc01,07-25 03:00:00+02:00,Area_1,Node_1,EnergyDemand,-2.1219920907600005
2030,sc01,07-25 03:00:00+02:00,Area_1,Node_1,PowerFlowOut,-3.0229236967399986
2030,sc01,07-25 03:00:00+02:00,Area_1,Node_1,PowerFlowIn,0.0
2030,sc01,07-25 03:00:00+02:00,Area_1,Node_2,CCGT,14.457860030900418
2030,sc01,07-25 03:00:00+02:00,Area_1,Node_2,OCGT,0.0
2030,sc01,07-25 03:00:00+02:00,Area_1,Node_2,Solar,0.0
2030,sc01,07-25 03:00:00+02:00,Area_1,Node_2,Wind,0.0
2030,sc01,07-25 03:00:00+02:00,Area_1,Node_2,CCGT,0.0
2030,sc01,07-25 03:00:00+02:00,Area_1,Node_2,OCGT,0.0
2030,sc01,07-25 03:00:00+02:00,Area_1,Node_2,Solar,0.0
2030,sc01,07-25 03:00:00+02:00,Area_1,Node_2,Wind,0.0
2030,sc01,07-25 03:00:00+02:00,Area_1,Node_2,ENS,0.0
2030,sc01,07-25 03:00:00+02:00,Area_1,Node_2,EnergyDemand,-4.292454763039999
2030,sc01,07-25 03:00:00+02:00,Area_1,Node_2,PowerFlowOut,-8.432783814706013
2030,sc01,07-25 03:00:00+02:00,Area_1,Node_2,PowerFlowIn,-1.7326214531544064
2030,sc01,07-25 03:00:00+02:00,Area_1,Node_3,CCGT,0.0
2030,sc01,07-25 03:00:00+02:00,Area_1,Node_3,OCGT,0.0
2030,sc01,07-25 03:00:00+02:00,Area_1,Node_3,Solar,0.0
2030,sc01,07-25 03:00:00+02:00,Area_1,Node_3,Wind,0.0
2030,sc01,07-25 03:00:00+02:00,Area_1,Node_3,CCGT,0.0
2030,sc01,07-25 03:00:00+02:00,Area_1,Node_3,OCGT,0.0
2030,sc01,07-25 03:00:00+02:00,Area_1,Node_3,Solar,0.0
2030,sc01,07-25 03:00:00+02:00,Area_1,Node_3,Wind,0.0
2030,sc01,07-25 03:00:00+02:00,Area_1,Node_3,ENS,0.0
2030,sc01,07-25 03:00:00+02:00,Area_1,Node_3,EnergyDemand,-13.1883289646
2030,sc01,07-25 03:00:00+02:00,Area_1,Node_3,PowerFlowOut,0.0
2030,sc01,07-25 03:00:00+02:00,Area_1,Node_3,PowerFlowIn,13.188328964600416
2030,sc01,07-25 10:00:00+02:00,Area_1,Node_1,CCGT,0.0
2030,sc01,07-25 10:00:00+02:00,Area_1,Node_1,OCGT,0.0
2030,sc01,07-25 10:00:00+02:00,Area_1,Node_1,Solar,0.0
2030,sc01,07-25 10:00:00+02:00,Area_1,Node_1,Wind,4.6068774
2030,sc01,07-25 10:00:00+02:00,Area_1,Node_1,CCGT,0.0
2030,sc01,07-25 10:00:00+02:00,Area_1,Node_1,OCGT,0.0
2030,sc01,07-25 10:00:00+02:00,Area_1,Node_1,Solar,0.0
2030,sc01,07-25 10:00:00+02:00,Area_1,Node_1,Wind,0.0
2030,sc01,07-25 10:00:00+02:00,Area_1,Node_1,ENS,0.0
2030,sc01,07-25 10:00:00+02:00,Area_1,Node_1,EnergyDemand,-4.70511926424
2030,sc01,07-25 10:00:00+02:00,Area_1,Node_1,PowerFlowOut,0.09824186423999937
2030,sc01,07-25 10:00:00+02:00,Area_1,Node_1,PowerFlowIn,0.0
2030,sc01,07-25 10:00:00+02:00,Area_1,Node_2,CCGT,25.163257907720332
2030,sc01,07-25 10:00:00+02:00,Area_1,Node_2,OCGT,0.0
2030,sc01,07-25 10:00:00+02:00,Area_1,Node_2,Solar,0.0
2030,sc01,07-25 10:00:00+02:00,Area_1,Node_2,Wind,0.0
2030,sc01,07-25 10:00:00+02:00,Area_1,Node_2,CCGT,0.0
2030,sc01,07-25 10:00:00+02:00,Area_1,Node_2,OCGT,0.0
2030,sc01,07-25 10:00:00+02:00,Area_1,Node_2,Solar,0.0
2030,sc01,07-25 10:00:00+02:00,Area_1,Node_2,Wind,0.0
2030,sc01,07-25 10:00:00+02:00,Area_1,Node_2,ENS,0.0
2030,sc01,07-25 10:00:00+02:00,Area_1,Node_2,EnergyDemand,-6.31529845548
2030,sc01,07-25 10:00:00+02:00,Area_1,Node_2,PowerFlowOut,-13.003244914208734
2030,sc01,07-25 10:00:00+02:00,Area_1,Node_2,PowerFlowIn,-5.844714538031595
2030,sc01,07-25 10:00:00+02:00,Area_1,Node_3,CCGT,0.0
2030,sc01,07-25 10:00:00+02:00,Area_1,Node_3,OCGT,0.0
2030,sc01,07-25 10:00:00+02:00,Area_1,Node_3,Solar,5.096975700000001
2030,sc01,07-25 10:00:00+02:00,Area_1,Node_3,Wind,0.0
2030,sc01,07-25 10:00:00+02:00,Area_1,Node_3,CCGT,0.0
2030,sc01,07-25 10:00:00+02:00,Area_1,Node_3,OCGT,0.0
2030,sc01,07-25 10:00:00+02:00,Area_1,Node_3,Solar,0.0
2030,sc01,07-25 10:00:00+02:00,Area_1,Node_3,Wind,0.0
2030,sc01,07-25 10:00:00+02:00,Area_1,Node_3,ENS,0.0
2030,sc01,07-25 10:00:00+02:00,Area_1,Node_3,EnergyDemand,-23.846693288
2030,sc01,07-25 10:00:00+02:00,Area_1,Node_3,PowerFlowOut,0.0
2030,sc01,07-25 10:00:00+02:00,Area_1,Node_3,PowerFlowIn,18.74971758800033
2030,sc01,07-26 06:00:00+02:00,Area_1,Node_1,CCGT,0.0
2030,sc01,07-26 06:00:00+02:00,Area_1,Node_1,OCGT,0.0
2030,sc01,07-26 06:00:00+02:00,Area_1,Node_1,Solar,0.0
2030,sc01,07-26 06:00:00+02:00,Area_1,Node_1,Wind,2.12437198125
2030,sc01,07-26 06:00:00+02:00,Area_1,Node_1,CCGT,0.0
2030,sc01,07-26 06:00:00+02:00,Area_1,Node_1,OCGT,0.0
2030,sc01,07-26 06:00:00+02:00,Area_1,Node_1,Solar,0.0
2030,sc01,07-26 06:00:00+02:00,Area_1,Node_1,Wind,0.0
2030,sc01,07-26 06:00:00+02:00,Area_1,Node_1,ENS,0.0
2030,sc01,07-26 06:00:00+02:00,Area_1,Node_1,EnergyDemand,-2.1541832041699998
2030,sc01,07-26 06:00:00+02:00,Area_1,Node_1,PowerFlowOut,0.029811222920001157
2030,sc01,07-26 06:00:00+02:00,Area_1,Node_1,PowerFlowIn,0.0
2030,sc01,07-26 06:00:00+02:00,Area_1,Node_2,CCGT,16.55613350040959
2030,sc01,07-26 06:00:00+02:00,Area_1,Node_2,OCGT,0.0
2030,sc01,07-26 06:00:00+02:00,Area_1,Node_2,Solar,0.0
2030,sc01,07-26 06:00:00+02:00,Area_1,Node_2,Wind,0.0
2030,sc01,07-26 06:00:00+02:00,Area_1,Node_2,CCGT,0.0
2030,sc01,07-26 06:00:00+02:00,Area_1,Node_2,OCGT,0.0
2030,sc01,07-26 06:00:00+02:00,Area_1,Node_2,Solar,0.0
2030,sc01,07-26 06:00:00+02:00,Area_1,Node_2,Wind,0.0
2030,sc01,07-26 06:00:00+02:00,Area_1,Node_2,ENS,0.0
2030,sc01,07-26 06:00:00+02:00,Area_1,Node_2,EnergyDemand,-3.39358819999
2030,sc01,07-26 06:00:00+02:00,Area_1,Node_2,PowerFlowOut,-9.098772335865682
2030,sc01,07-26 06:00:00+02:00,Area_1,Node_2,PowerFlowIn,-4.063772964553912
2030,sc01,07-26 06:00:00+02:00,Area_1,Node_3,CCGT,0.0
2030,sc01,07-26 06:00:00+02:00,Area_1,Node_3,OCGT,0.0
2030,sc01,07-26 06:00:00+02:00,Area_1,Node_3,Solar,0.1703694125
2030,sc01,07-26 06:00:00+02:00,Area_1,Node_3,Wind,0.0
2030,sc01,07-26 06:00:00+02:00,Area_1,Node_3,CCGT,0.0
2030,sc01,07-26 06:00:00+02:00,Area_1,Node_3,OCGT,0.0
2030,sc01,07-26 06:00:00+02:00,Area_1,Node_3,Solar,0.0
2030,sc01,07-26 06:00:00+02:00,Area_1,Node_3,Wind,0.0
2030,sc01,07-26 06:00:00+02:00,Area_1,Node_3,ENS,0.0
2030,sc01,07-26 06:00:00+02:00,Area_1,Node_3,EnergyDemand,-13.30310349
2030,sc01,07-26 06:00:00+02:00,Area_1,Node_3,PowerFlowOut,0.0
2030,sc01,07-26 06:00:00+02:00,Area_1,Node_3,PowerFlowIn,13.132734077499592
2030,sc01,07-29 03:00:00+02:00,Area_1,Node_1,CCGT,0.0
2030,sc01,07-29 03:00:00+02:00,Area_1,Node_1,OCGT,0.0
2030,sc01,07-29 03:00:00+02:00,Area_1,Node_1,Solar,0.0
2030,sc01,07-29 03:00:00+02:00,Area_1,Node_1,Wind,1.4545186875
2030,sc01,07-29 03:00:00+02:00,Area_1,Node_1,CCGT,0.0
2030,sc01,07-29 03:00:00+02:00,Area_1,Node_1,OCGT,0.0
2030,sc01,07-29 03:00:00+02:00,Area_1,Node_1,Solar,0.0
2030,sc01,07-29 03:00:00+02:00,Area_1,Node_1,Wind,0.0
2030,sc01,07-29 03:00:00+02:00,Area_1,Node_1,ENS,0.0
2030,sc01,07-29 03:00:00+02:00,Area_1,Node_1,EnergyDemand,-1.4376884382000001
2030,sc01,07-29 03:00:00+02:00,Area_1,Node_1,PowerFlowOut,-0.016830249299999434
2030,sc01,07-29 03:00:00+02:00,Area_1,Node_1,PowerFlowIn,0.0
2030,sc01,07-29 03:00:00+02:00,Area_1,Node_2,CCGT,14.021120303099387
2030,sc01,07-29 03:00:00+02:00,Area_1,Node_2,OCGT,0.0
2030,sc01,07-29 03:00:00+02:00,Area_1,Node_2,Solar,0.0
2030,sc01,07-29 03:00:00+02:00,Area_1,Node_2,Wind,0.0
2030,sc01,07-29 03:00:00+02:00,Area_1,Node_2,CCGT,0.0
2030,sc01,07-29 03:00:00+02:00,Area_1,Node_2,OCGT,0.0
2030,sc01,07-29 03:00:00+02:00,Area_1,Node_2,Solar,0.0
2030,sc01,07-29 03:00:00+02:00,Area_1,Node_2,Wind,0.0
2030,sc01,07-29 03:00:00+02:00,Area_1,Node_2,ENS,0.0
2030,sc01,07-29 03:00:00+02:00,Area_1,Node_2,EnergyDemand,-3.4221085884000004
2030,sc01,07-29 03:00:00+02:00,Area_1,Node_2,PowerFlowOut,-7.345545148314737
2030,sc01,07-29 03:00:00+02:00,Area_1,Node_2,PowerFlowIn,-3.2534665663846507
2030,sc01,07-29 03:00:00+02:00,Area_1,Node_3,CCGT,0.0
2030,sc01,07-29 03:00:00+02:00,Area_1,Node_3,OCGT,0.0
2030,sc01,07-29 03:00:00+02:00,Area_1,Node_3,Solar,0.0
2030,sc01,07-29 03:00:00+02:00,Area_1,Node_3,Wind,0.0
2030,sc01,07-29 03:00:00+02:00,Area_1,Node_3,CCGT,0.0
2030,sc01,07-29 03:00:00+02:00,Area_1,Node_3,OCGT,0.0
2030,sc01,07-29 03:00:00+02:00,Area_1,Node_3,Solar,0.0
2030,sc01,07-29 03:00:00+02:00,Area_1,Node_3,Wind,0.0
2030,sc01,07-29 03:00:00+02:00,Area_1,Node_3,ENS,0.0
2030,sc01,07-29 03:00:00+02:00,Area_1,Node_3,EnergyDemand,-10.615841964
2030,sc01,07-29 03:00:00+02:00,Area_1,Node_3,PowerFlowOut,0.0
2030,sc01,07-29 03:00:00+02:00,Area_1,Node_3,PowerFlowIn,10.615841963999387
2030,sc01,07-30 08:00:00+02:00,Area_1,Node_1,CCGT,0.0
2030,sc01,07-30 08:00:00+02:00,Area_1,Node_1,OCGT,0.0
2030,sc01,07-30 08:00:00+02:00,Area_1,Node_1,Solar,0.0
2030,sc01,07-30 08:00:00+02:00,Area_1,Node_1,Wind,5.006783099999999
2030,sc01,07-30 08:00:00+02:00,Area_1,Node_1,CCGT,0.0
2030,sc01,07-30 08:00:00+02:00,Area_1,Node_1,OCGT,0.0
2030,sc01,07-30 08:00:00+02:00,Area_1,Node_1,Solar,0.0
2030,sc01,07-30 08:00:00+02:00,Area_1,Node_1,Wind,0.0
2030,sc01,07-30 08:00:00+02:00,Area_1,Node_1,ENS,0.0
2030,sc01,07-30 08:00:00+02:00,Area_1,Node_1,EnergyDemand,-3.34909789776
2030,sc01,07-30 08:00:00+02:00,Area_1,Node_1,PowerFlowOut,-1.6576852022399988
2030,sc01,07-30 08:00:00+02:00,Area_1,Node_1,PowerFlowIn,0.0
2030,sc01,07-30 08:00:00+02:00,Area_1,Node_2,CCGT,20.572573307429195
2030,sc01,07-30 08:00:00+02:00,Area_1,Node_2,OCGT,0.0
2030,sc01,07-30 08:00:00+02:00,Area_1,Node_2,Solar,0.0
2030,sc01,07-30 08:00:00+02:00,Area_1,Node_2,Wind,0.0
2030,sc01,07-30 08:00:00+02:00,Area_1,Node_2,CCGT,0.0
2030,sc01,07-30 08:00:00+02:00,Area_1,Node_2,OCGT,0.0
2030,sc01,07-30 08:00:00+02:00,Area_1,Node_2,Solar,0.0
2030,sc01,07-30 08:00:00+02:00,Area_1,Node_2,Wind,0.0
2030,sc01,07-30 08:00:00+02:00,Area_1,Node_2,ENS,0.0
2030,sc01,07-30 08:00:00+02:00,Area_1,Node_2,EnergyDemand,-6.826487966070001
2030,sc01,07-30 08:00:00+02:00,Area_1,Node_2,PowerFlowOut,-10.281606098897687
2030,sc01,07-30 08:00:00+02:00,Area_1,Node_2,PowerFlowIn,-3.4644792424615076
2030,sc01,07-30 08:00:00+02:00,Area_1,Node_3,CCGT,0.0
2030,sc01,07-30 08:00:00+02:00,Area_1,Node_3,OCGT,0.0
2030,sc01,07-30 08:00:00+02:00,Area_1,Node_3,Solar,2.00456175
2030,sc01,07-30 08:00:00+02:00,Area_1,Node_3,Wind,0.0
2030,sc01,07-30 08:00:00+02:00,Area_1,Node_3,CCGT,0.0
2030,sc01,07-30 08:00:00+02:00,Area_1,Node_3,OCGT,0.0
2030,sc01,07-30 08:00:00+02:00,Area_1,Node_3,Solar,0.0
2030,sc01,07-30 08:00:00+02:00,Area_1,Node_3,Wind,0.0
2030,sc01,07-30 08:00:00+02:00,Area_1,Node_3,ENS,0.0
2030,sc01,07-30 08:00:00+02:00,Area_1,Node_3,EnergyDemand,-17.4083322936
2030,sc01,07-30 08:00:00+02:00,Area_1,Node_3,PowerFlowOut,0.0
2030,sc01,07-30 08:00:00+02:00,Area_1,Node_3,PowerFlowIn,15.403770543599192
2030,sc01,07-30 23:00:00+02:00,Area_1,Node_1,CCGT,0.0
2030,sc01,07-30 23:00:00+02:00,Area_1,Node_1,OCGT,0.0
2030,sc01,07-30 23:00:00+02:00,Area_1,Node_1,Solar,0.0
2030,sc01,07-30 23:00:00+02:00,Area_1,Node_1,Wind,2.944233825
2030,sc01,07-30 23:00:00+02:00,Area_1,Node_1,CCGT,0.0
2030,sc01,07-30 23:00:00+02:00,Area_1,Node_1,OCGT,0.0
2030,sc01,07-30 23:00:00+02:00,Area_1,Node_1,Solar,0.0
2030,sc01,07-30 23:00:00+02:00,Area_1,Node_1,Wind,0.0
2030,sc01,07-30 23:00:00+02:00,Area_1,Node_1,ENS,0.0
2030,sc01,07-30 23:00:00+02:00,Area_1,Node_1,EnergyDemand,-1.36514180868
2030,sc01,07-30 23:00:00+02:00,Area_1,Node_1,PowerFlowOut,-1.57909201632
2030,sc01,07-30 23:00:00+02:00,Area_1,Node_1,PowerFlowIn,0.0
2030,sc01,07-30 23:00:00+02:00,Area_1,Node_2,CCGT,10.818386906340178
2030,sc01,07-30 23:00:00+02:00,Area_1,Node_2,OCGT,0.0
2030,sc01,07-30 23:00:00+02:00,Area_1,Node_2,Solar,0.0
2030,sc01,07-30 23:00:00+02:00,Area_1,Node_2,Wind,0.0
2030,sc01,07-30 23:00:00+02:00,Area_1,Node_2,CCGT,0.0
2030,sc01,07-30 23:00:00+02:00,Area_1,Node_2,OCGT,0.0
2030,sc01,07-30 23:00:00+02:00,Area_1,Node_2,Solar,0.0
2030,sc01,07-30 23:00:00+02:00,Area_1,Node_2,Wind,0.0
2030,sc01,07-30 23:00:00+02:00,Area_1,Node_2,ENS,0.0
2030,sc01,07-30 23:00:00+02:00,Area_1,Node_2,EnergyDemand,-3.3083745684599997
2030,sc01,07-30 23:00:00+02:00,Area_1,Node_2,PowerFlowOut,-5.928051010679836
2030,sc01,07-30 23:00:00+02:00,Area_1,Node_2,PowerFlowIn,-1.5819613272003437
2030,sc01,07-30 23:00:00+02:00,Area_1,Node_3,CCGT,0.0
2030,sc01,07-30 23:00:00+02:00,Area_1,Node_3,OCGT,0.0
2030,sc01,07-30 23:00:00+02:00,Area_1,Node_3,Solar,0.0
2030,sc01,07-30 23:00:00+02:00,Area_1,Node_3,Wind,0.0
2030,sc01,07-30 23:00:00+02:00,Area_1,Node_3,CCGT,0.0
2030,sc01,07-30 23:00:00+02:00,Area_1,Node_3,OCGT,0.0
2030,sc01,07-30 23:00:00+02:00,Area_1,Node_3,Solar,0.0
2030,sc01,07-30 23:00:00+02:00,Area_1,Node_3,Wind,0.0
2030,sc01,07-30 23:00:00+02:00,Area_1,Node_3,ENS,0.0
2030,sc01,07-30 23:00:00+02:00,Area_1,Node_3,EnergyDemand,-9.0891043542
2030,sc01,07-30 23:00:00+02:00,Area_1,Node_3,PowerFlowOut,0.0
2030,sc01,07-30 23:00:00+02:00,Area_1,Node_3,PowerFlowIn,9.089104354200177
2030,sc01,08-01 16:00:00+02:00,Area_1,Node_1,CCGT,0.0
2030,sc01,08-01 16:00:00+02:00,Area_1,Node_1,OCGT,0.0
2030,sc01,08-01 16:00:00+02:00,Area_1,Node_1,Solar,0.0
2030,sc01,08-01 16:00:00+02:00,Area_1,Node_1,Wind,1.46223886875
2030,sc01,08-01 16:00:00+02:00,Area_1,Node_1,CCGT,0.0
2030,sc01,08-01 16:00:00+02:00,Area_1,Node_1,OCGT,0.0
2030,sc01,08-01 16:00:00+02:00,Area_1,Node_1,Solar,0.0
2030,sc01,08-01 16:00:00+02:00,Area_1,Node_1,Wind,0.0
2030,sc01,08-01 16:00:00+02:00,Area_1,Node_1,ENS,0.0
2030,sc01,08-01 16:00:00+02:00,Area_1,Node_1,EnergyDemand,-2.8691690126
2030,sc01,08-01 16:00:00+02:00,Area_1,Node_1,PowerFlowOut,1.4069301438499995
2030,sc01,08-01 16:00:00+02:00,Area_1,Node_1,PowerFlowIn,0.0
2030,sc01,08-01 16:00:00+02:00,Area_1,Node_2,CCGT,18.662010478759736
2030,sc01,08-01 16:00:00+02:00,Area_1,Node_2,OCGT,0.0
2030,sc01,08-01 16:00:00+02:00,Area_1,Node_2,Solar,0.0
2030,sc01,08-01 16:00:00+02:00,Area_1,Node_2,Wind,0.0
2030,sc01,08-01 16:00:00+02:00,Area_1,Node_2,CCGT,0.0
2030,sc01,08-01 16:00:00+02:00,Area_1,Node_2,OCGT,0.0
2030,sc01,08-01 16:00:00+02:00,Area_1,Node_2,Solar,0.0
2030,sc01,08-01 16:00:00+02:00,Area_1,Node_2,Wind,0.0
2030,sc01,08-01 16:00:00+02:00,Area_1,Node_2,ENS,0.0
2030,sc01,08-01 16:00:00+02:00,Area_1,Node_2,EnergyDemand,-4.61557784061
2030,sc01,08-01 16:00:00+02:00,Area_1,Node_2,PowerFlowOut,-9.075100990787705
2030,sc01,08-01 16:00:00+02:00,Area_1,Node_2,PowerFlowIn,-4.971331647362031
2030,sc01,08-01 16:00:00+02:00,Area_1,Node_3,CCGT,0.0
2030,sc01,08-01 16:00:00+02:00,Area_1,Node_3,OCGT,0.0
2030,sc01,08-01 16:00:00+02:00,Area_1,Node_3,Solar,3.802712375
2030,sc01,08-01 16:00:00+02:00,Area_1,Node_3,Wind,0.0
2030,sc01,08-01 16:00:00+02:00,Area_1,Node_3,CCGT,0.0
2030,sc01,08-01 16:00:00+02:00,Area_1,Node_3,OCGT,0.0
2030,sc01,08-01 16:00:00+02:00,Area_1,Node_3,Solar,0.0
2030,sc01,08-01 16:00:00+02:00,Area_1,Node_3,Wind,0.0
2030,sc01,08-01 16:00:00+02:00,Area_1,Node_3,ENS,0.0
2030,sc01,08-01 16:00:00+02:00,Area_1,Node_3,EnergyDemand,-16.4422148693
2030,sc01,08-01 16:00:00+02:00,Area_1,Node_3,PowerFlowOut,0.0
2030,sc01,08-01 16:00:00+02:00,Area_1,Node_3,PowerFlowIn,12.639502494299737
2030,sc01,08-03 06:00:00+02:00,Area_1,Node_1,CCGT,0.0
2030,sc01,08-03 06:00:00+02:00,Area_1,Node_1,OCGT,0.0
2030,sc01,08-03 06:00:00+02:00,Area_1,Node_1,Solar,0.0
2030,sc01,08-03 06:00:00+02:00,Area_1,Node_1,Wind,3.0403522124999998
2030,sc01,08-03 06:00:00+02:00,Area_1,Node_1,CCGT,0.0
2030,sc01,08-03 06:00:00+02:00,Area_1,Node_1,OCGT,0.0
2030,sc01,08-03 06:00:00+02:00,Area_1,Node_1,Solar,0.0
2030,sc01,08-03 06:00:00+02:00,Area_1,Node_1,Wind,0.0
2030,sc01,08-03 06:00:00+02:00,Area_1,Node_1,ENS,0.0
2030,sc01,08-03 06:00:00+02:00,Area_1,Node_1,EnergyDemand,-2.94766103538
2030,sc01,08-03 06:00:00+02:00,Area_1,Node_1,PowerFlowOut,-0.09269117712000075
2030,sc01,08-03 06:00:00+02:00,Area_1,Node_1,PowerFlowIn,0.0
2030,sc01,08-03 06:00:00+02:00,Area_1,Node_2,CCGT,22.738717531799956
2030,sc01,08-03 06:00:00+02:00,Area_1,Node_2,OCGT,0.0
2030,sc01,08-03 06:00:00+02:00,Area_1,Node_2,Solar,0.0
2030,sc01,08-03 06:00:00+02:00,Area_1,Node_2,Wind,0.0
2030,sc01,08-03 06:00:00+02:00,Area_1,Node_2,CCGT,0.0
2030,sc01,08-03 06:00:00+02:00,Area_1,Node_2,OCGT,0.0
2030,sc01,08-03 06:00:00+02:00,Area_1,Node_2,Solar,0.0
2030,sc01,08-03 06:00:00+02:00,Area_1,Node_2,Wind,0.0
2030,sc01,08-03 06:00:00+02:00,Area_1,Node_2,ENS,0.0
2030,sc01,08-03 06:00:00+02:00,Area_1,Node_2,EnergyDemand,-6.28043506092
2030,sc01,08-03 06:00:00+02:00,Area_1,Node_2,PowerFlowOut,-11.436976100048716
2030,sc01,08-03 06:00:00+02:00,Area_1,Node_2,PowerFlowIn,-5.0213063708312395
2030,sc01,08-03 06:00:00+02:00,Area_1,Node_3,CCGT,0.0
2030,sc01,08-03 06:00:00+02:00,Area_1,Node_3,OCGT,0.0
2030,sc01,08-03 06:00:00+02:00,Area_1,Node_3,Solar,0.127309725
2030,sc01,08-03 06:00:00+02:00,Area_1,Node_3,Wind,0.0
2030,sc01,08-03 06:00:00+02:00,Area_1,Node_3,CCGT,0.0
2030,sc01,08-03 06:00:00+02:00,Area_1,Node_3,OCGT,0.0
2030,sc01,08-03 06:00:00+02:00,Area_1,Node_3,Solar,0.0
2030,sc01,08-03 06:00:00+02:00,Area_1,Node_3,Wind,0.0
2030,sc01,08-03 06:00:00+02:00,Area_1,Node_3,ENS,0.0
2030,sc01,08-03 06:00:00+02:00,Area_1,Node_3,EnergyDemand,-16.678283373
2030,sc01,08-03 06:00:00+02:00,Area_1,Node_3,PowerFlowOut,0.0
2030,sc01,08-03 06:00:00+02:00,Area_1,Node_3,PowerFlowIn,16.550973647999957
2030,sc01,08-03 20:00:00+02:00,Area_1,Node_1,CCGT,0.0
2030,sc01,08-03 20:00:00+02:00,Area_1,Node_1,OCGT,0.0
2030,sc01,08-03 20:00:00+02:00,Area_1,Node_1,Solar,0.0
2030,sc01,08-03 20:00:00+02:00,Area_1,Node_1,Wind,2.261134575
2030,sc01,08-03 20:00:00+02:00,Area_1,Node_1,CCGT,0.0
2030,sc01,08-03 20:00:00+02:00,Area_1,Node_1,OCGT,0.0
2030,sc01,08-03 20:00:00+02:00,Area_1,Node_1,Solar,0.0
2030,sc01,08-03 20:00:00+02:00,Area_1,Node_1,Wind,0.0
2030,sc01,08-03 20:00:00+02:00,Area_1,Node_1,ENS,0.0
2030,sc01,08-03 20:00:00+02:00,Area_1,Node_1,EnergyDemand,-1.5041562483
2030,sc01,08-03 20:00:00+02:00,Area_1,Node_1,PowerFlowOut,-0.7569783266999996
2030,sc01,08-03 20:00:00+02:00,Area_1,Node_1,PowerFlowIn,0.0
2030,sc01,08-03 20:00:00+02:00,Area_1,Node_2,CCGT,10.069500817620085
2030,sc01,08-03 20:00:00+02:00,Area_1,Node_2,OCGT,0.0
2030,sc01,08-03 20:00:00+02:00,Area_1,Node_2,Solar,0.0
2030,sc01,08-03 20:00:00+02:00,Area_1,Node_2,Wind,0.0
2030,sc01,08-03 20:00:00+02:00,Area_1,Node_2,CCGT,0.0
2030,sc01,08-03 20:00:00+02:00,Area_1,Node_2,OCGT,0.0
2030,sc01,08-03 20:00:00+02:00,Area_1,Node_2,Solar,0.0
2030,sc01,08-03 20:00:00+02:00,Area_1,Node_2,Wind,0.0
2030,sc01,08-03 20:00:00+02:00,Area_1,Node_2,ENS,0.0
2030,sc01,08-03 20:00:00+02:00,Area_1,Node_2,EnergyDemand,-3.00612564252
2030,sc01,08-03 20:00:00+02:00,Area_1,Node_2,PowerFlowOut,-5.239403579699822
2030,sc01,08-03 20:00:00+02:00,Area_1,Node_2,PowerFlowIn,-1.8239715954002627
2030,sc01,08-03 20:00:00+02:00,Area_1,Node_3,CCGT,0.0
2030,sc01,08-03 20:00:00+02:00,Area_1,Node_3,OCGT,0.0
2030,sc01,08-03 20:00:00+02:00,Area_1,Node_3,Solar,0.00665725
2030,sc01,08-03 20:00:00+02:00,Area_1,Node_3,Wind,0.0
2030,sc01,08-03 20:00:00+02:00,Area_1,Node_3,CCGT,0.0
2030,sc01,08-03 20:00:00+02:00,Area_1,Node_3,OCGT,0.0
2030,sc01,08-03 20:00:00+02:00,Area_1,Node_3,Solar,0.0
2030,sc01,08-03 20:00:00+02:00,Area_1,Node_3,Wind,0.0
2030,sc01,08-03 20:00:00+02:00,Area_1,Node_3,ENS,0.0
2030,sc01,08-03 20:00:00+02:00,Area_1,Node_3,EnergyDemand,-7.8270107518000005
2030,sc01,08-03 20:00:00+02:00,Area_1,Node_3,PowerFlowOut,0.0
2030,sc01,08-03 20:00:00+02:00,Area_1,Node_3,PowerFlowIn,7.820353501800085
2030,sc01,08-04 14:00:00+02:00,Area_1,Node_1,CCGT,0.0
2030,sc01,08-04 14:00:00+02:00,Area_1,Node_1,OCGT,0.0
2030,sc01,08-04 14:00:00+02:00,Area_1,Node_1,Solar,0.0
2030,sc01,08-04 14:00:00+02:00,Area_1,Node_1,Wind,0.47639475000000003
2030,sc01,08-04 14:00:00+02:00,Area_1,Node_1,CCGT,0.0
2030,sc01,08-04 14:00:00+02:00,Area_1,Node_1,OCGT,0.0
2030,sc01,08-04 14:00:00+02:00,Area_1,Node_1,Solar,0.0
2030,sc01,08-04 14:00:00+02:00,Area_1,Node_1,Wind,0.0
2030,sc01,08-04 14:00:00+02:00,Area_1,Node_1,ENS,0.0
2030,sc01,08-04 14:00:00+02:00,Area_1,Node_1,EnergyDemand,-1.2110128940000002
2030,sc01,08-04 14:00:00+02:00,Area_1,Node_1,PowerFlowOut,0.7346181440000001
2030,sc01,08-04 14:00:00+02:00,Area_1,Node_1,PowerFlowIn,0.0
2030,sc01,08-04 14:00:00+02:00,Area_1,Node_2,CCGT,11.047031305699912
2030,sc01,08-04 14:00:00+02:00,Area_1,Node_2,OCGT,0.0
2030,sc01,08-04 14:00:00+02:00,Area_1,Node_2,Solar,0.0
2030,sc01,08-04 14:00:00+02:00,Area_1,Node_2,Wind,0.0
2030,sc01,08-04 14:00:00+02:00,Area_1,Node_2,CCGT,0.0
2030,sc01,08-04 14:00:00+02:00,Area_1,Node_2,OCGT,0.0
2030,sc01,08-04 14:00:00+02:00,Area_1,Node_2,Solar,0.0
2030,sc01,08-04 14:00:00+02:00,Area_1,Node_2,Wind,0.0
2030,sc01,08-04 14:00:00+02:00,Area_1,Node_2,ENS,0.0
2030,sc01,08-04 14:00:00+02:00,Area_1,Node_2,EnergyDemand,-3.1675738497
2030,sc01,08-04 14:00:00+02:00,Area_1,Node_2,PowerFlowOut,-5.115954479999779
2030,sc01,08-04 14:00:00+02:00,Area_1,Node_2,PowerFlowIn,-2.763502976000131
2030,sc01,08-04 14:00:00+02:00,Area_1,Node_3,CCGT,0.0
2030,sc01,08-04 14:00:00+02:00,Area_1,Node_3,OCGT,0.0
2030,sc01,08-04 14:00:00+02:00,Area_1,Node_3,Solar,2.6032313125
2030,sc01,08-04 14:00:00+02:00,Area_1,Node_3,Wind,0.0
2030,sc01,08-04 14:00:00+02:00,Area_1,Node_3,CCGT,0.0
2030,sc01,08-04 14:00:00+02:00,Area_1,Node_3,OCGT,0.0
2030,sc01,08-04 14:00:00+02:00,Area_1,Node_3,Solar,0.0
2030,sc01,08-04 14:00:00+02:00,Area_1,Node_3,Wind,0.0
2030,sc01,08-04 14:00:00+02:00,Area_1,Node_3,ENS,0.0
2030,sc01,08-04 14:00:00+02:00,Area_1,Node_3,EnergyDemand,-9.7480706245
2030,sc01,08-04 14:00:00+02:00,Area_1,Node_3,PowerFlowOut,0.0
2030,sc01,08-04 14:00:00+02:00,Area_1,Node_3,PowerFlowIn,7.14483931199991
2030,sc01,08-05 05:00:00+02:00,Area_1,Node_1,CCGT,0.0
2030,sc01,08-05 05:00:00+02:00,Area_1,Node_1,OCGT,0.0
2030,sc01,08-05 05:00:00+02:00,Area_1,Node_1,Solar,0.0
2030,sc01,08-05 05:00:00+02:00,Area_1,Node_1,Wind,2.5297163125
2030,sc01,08-05 05:00:00+02:00,Area_1,Node_1,CCGT,0.0
2030,sc01,08-05 05:00:00+02:00,Area_1,Node_1,OCGT,0.0
2030,sc01,08-05 05:00:00+02:00,Area_1,Node_1,Solar,0.0
2030,sc01,08-05 05:00:00+02:00,Area_1,Node_1,Wind,0.0
2030,sc01,08-05 05:00:00+02:00,Area_1,Node_1,ENS,0.0
2030,sc01,08-05 05:00:00+02:00,Area_1,Node_1,EnergyDemand,-1.7038060208
2030,sc01,08-05 05:00:00+02:00,Area_1,Node_1,PowerFlowOut,-0.8259102916999996
2030,sc01,08-05 05:00:00+02:00,Area_1,Node_1,PowerFlowIn,0.0
2030,sc01,08-05 05:00:00+02:00,Area_1,Node_2,CCGT,18.350380375599855
2030,sc01,08-05 05:00:00+02:00,Area_1,Node_2,OCGT,0.0
2030,sc01,08-05 05:00:00+02:00,Area_1,Node_2,Solar,0.0
2030,sc01,08-05 05:00:00+02:00,Area_1,Node_2,Wind,0.0
2030,sc01,08-05 05:00:00+02:00,Area_1,Node_2,CCGT,0.0
2030,sc01,08-05 05:00:00+02:00,Area_1,Node_2,OCGT,0.0
2030,sc01,08-05 05:00:00+02:00,Area_1,Node_2,Solar,0.0
2030,sc01,08-05 05:00:00+02:00,Area_1,Node_2,Wind,0.0
2030,sc01,08-05 05:00:00+02:00,Area_1,Node_2,ENS,0.0
2030,sc01,08-05 05:00:00+02:00,Area_1,Node_2,EnergyDemand,-4.8788124723
2030,sc01,08-05 05:00:00+02:00,Area_1,Node_2,PowerFlowOut,-9.70765945229933
2030,sc01,08-05 05:00:00+02:00,Area_1,Node_2,PowerFlowIn,-3.7639084510005274
2030,sc01,08-05 05:00:00+02:00,Area_1,Node_3,CCGT,0.0
2030,sc01,08-05 05:00:00+02:00,Area_1,Node_3,OCGT,0.0
2030,sc01,08-05 05:00:00+02:00,Area_1,Node_3,Solar,0.0017614999999999998
2030,sc01,08-05 05:00:00+02:00,Area_1,Node_3,Wind,0.0
2030,sc01,08-05 05:00:00+02:00,Area_1,Node_3,CCGT,0.0
2030,sc01,08-05 05:00:00+02:00,Area_1,Node_3,OCGT,0.0
2030,sc01,08-05 05:00:00+02:00,Area_1,Node_3,Solar,0.0
2030,sc01,08-05 05:00:00+02:00,Area_1,Node_3,Wind,0.0
2030,sc01,08-05 05:00:00+02:00,Area_1,Node_3,ENS,0.0
2030,sc01,08-05 05:00:00+02:00,Area_1,Node_3,EnergyDemand,-14.299239694999999
2030,sc01,08-05 05:00:00+02:00,Area_1,Node_3,PowerFlowOut,0.0
2030,sc01,08-05 05:00:00+02:00,Area_1,Node_3,PowerFlowIn,14.297478194999856
2030,sc01,08-10 13:00:00+02:00,Area_1,Node_1,CCGT,0.0
2030,sc01,08-10 13:00:00+02:00,Area_1,Node_1,OCGT,0.0
2030,sc01,08-10 13:00:00+02:00,Area_1,Node_1,Solar,0.0
2030,sc01,08-10 13:00:00+02:00,Area_1,Node_1,Wind,1.121253525
2030,sc01,08-10 13:00:00+02:00,Area_1,Node_1,CCGT,0.0
2030,sc01,08-10 13:00:00+02:00,Area_1,Node_1,OCGT,0.0
2030,sc01,08-10 13:00:00+02:00,Area_1,Node_1,Solar,0.0
2030,sc01,08-10 13:00:00+02:00,Area_1,Node_1,Wind,0.0
2030,sc01,08-10 13:00:00+02:00,Area_1,Node_1,ENS,0.0
2030,sc01,08-10 13:00:00+02:00,Area_1,Node_1,EnergyDemand,-2.0990446024800002
2030,sc01,08-10 13:00:00+02:00,Area_1,Node_1,PowerFlowOut,0.9777910774800005
2030,sc01,08-10 13:00:00+02:00,Area_1,Node_1,PowerFlowIn,0.0
2030,sc01,08-10 13:00:00+02:00,Area_1,Node_2,CCGT,14.993041091279649
2030,sc01,08-10 13:00:00+02:00,Area_1,Node_2,OCGT,0.0
2030,sc01,08-10 13:00:00+02:00,Area_1,Node_2,Solar,0.0
2030,sc01,08-10 13:00:00+02:00,Area_1,Node_2,Wind,0.0
2030,sc01,08-10 13:00:00+02:00,Area_1,Node_2,CCGT,0.0
2030,sc01,08-10 13:00:00+02:00,Area_1,Node_2,OCGT,0.0
2030,sc01,08-10 13:00:00+02:00,Area_1,Node_2,Solar,0.0
2030,sc01,08-10 13:00:00+02:00,Area_1,Node_2,Wind,0.0
2030,sc01,08-10 13:00:00+02:00,Area_1,Node_2,ENS,0.0
2030,sc01,08-10 13:00:00+02:00,Area_1,Node_2,EnergyDemand,-4.0214015058
2030,sc01,08-10 13:00:00+02:00,Area_1,Node_2,PowerFlowOut,-7.144462292648753
2030,sc01,08-10 13:00:00+02:00,Area_1,Node_2,PowerFlowIn,-3.8271772928308967
2030,sc01,08-10 13:00:00+02:00,Area_1,Node_3,CCGT,0.0
2030,sc01,08-10 13:00:00+02:00,Area_1,Node_3,OCGT,0.0
2030,sc01,08-10 13:00:00+02:00,Area_1,Node_3,Solar,3.37017555
2030,sc01,08-10 13:00:00+02:00,Area_1,Node_3,Wind,0.0
2030,sc01,08-10 13:00:00+02:00,Area_1,Node_3,CCGT,0.0
2030,sc01,08-10 13:00:00+02:00,Area_1,Node_3,OCGT,0.0
2030,sc01,08-10 13:00:00+02:00,Area_1,Node_3,Solar,0.0
2030,sc01,08-10 13:00:00+02:00,Area_1,Node_3,Wind,0.0
2030,sc01,08-10 13:00:00+02:00,Area_1,Node_3,ENS,0.0
2030,sc01,08-10 13:00:00+02:00,Area_1,Node_3,EnergyDemand,-13.364024058
2030,sc01,08-10 13:00:00+02:00,Area_1,Node_3,PowerFlowOut,0.0
2030,sc01,08-10 13:00:00+02:00,Area_1,Node_3,PowerFlowIn,9.99384850799965
2030,sc01,08-15 12:00:00+02:00,Area_1,Node_1,CCGT,0.0
2030,sc01,08-15 12:00:00+02:00,Area_1,Node_1,OCGT,0.0
2030,sc01,08-15 12:00:00+02:00,Area_1,Node_1,Solar,0.0
2030,sc01,08-15 12:00:00+02:00,Area_1,Node_1,Wind,1.67688939375
2030,sc01,08-15 12:00:00+02:00,Area_1,Node_1,CCGT,0.0
2030,sc01,08-15 12:00:00+02:00,Area_1,Node_1,OCGT,0.0
2030,sc01,08-15 12:00:00+02:00,Area_1,Node_1,Solar,0.0
2030,sc01,08-15 12:00:00+02:00,Area_1,Node_1,Wind,0.0
2030,sc01,08-15 12:00:00+02:00,Area_1,Node_1,ENS,0.0
2030,sc01,08-15 12:00:00+02:00,Area_1,Node_1,EnergyDemand,-2.5249160224500002
2030,sc01,08-15 12:00:00+02:00,Area_1,Node_1,PowerFlowOut,0.8480266287
2030,sc01,08-15 12:00:00+02:00,Area_1,Node_1,PowerFlowIn,0.0
2030,sc01,08-15 12:00:00+02:00,Area_1,Node_2,CCGT,14.883950370299976
2030,sc01,08-15 12:00:00+02:00,Area_1,Node_2,OCGT,0.0
2030,sc01,08-15 12:00:00+02:00,Area_1,Node_2,Solar,0.0
2030,sc01,08-15 12:00:00+02:00,Area_1,Node_2,Wind,0.0
2030,sc01,08-15 12:00:00+02:00,Area_1,Node_2,CCGT,0.0
2030,sc01,08-15 12:00:00+02:00,Area_1,Node_2,OCGT,0.0
2030,sc01,08-15 12:00:00+02:00,Area_1,Node_2,Solar,0.0
2030,sc01,08-15 12:00:00+02:00,Area_1,Node_2,Wind,0.0
2030,sc01,08-15 12:00:00+02:00,Area_1,Node_2,ENS,0.0
2030,sc01,08-15 12:00:00+02:00,Area_1,Node_2,EnergyDemand,-3.3597764597999995
2030,sc01,08-15 12:00:00+02:00,Area_1,Node_2,PowerFlowOut,-7.586877340176671
2030,sc01,08-15 12:00:00+02:00,Area_1,Node_2,PowerFlowIn,-3.9372965703233063
2030,sc01,08-15 12:00:00+02:00,Area_1,Node_3,CCGT,0.0
2030,sc01,08-15 12:00:00+02:00,Area_1,Node_3,OCGT,0.0
2030,sc01,08-15 12:00:00+02:00,Area_1,Node_3,Solar,3.412781475
2030,sc01,08-15 12:00:00+02:00,Area_1,Node_3,Wind,0.0
2030,sc01,08-15 12:00:00+02:00,Area_1,Node_3,CCGT,0.0
2030,sc01,08-15 12:00:00+02:00,Area_1,Node_3,OCGT,0.0
2030,sc01,08-15 12:00:00+02:00,Area_1,Node_3,Solar,0.0
2030,sc01,08-15 12:00:00+02:00,Area_1,Node_3,Wind,0.0
2030,sc01,08-15 12:00:00+02:00,Area_1,Node_3,ENS,0.0
2030,sc01,08-15 12:00:00+02:00,Area_1,Node_3,EnergyDemand,-14.0889287568
2030,sc01,08-15 12:00:00+02:00,Area_1,Node_3,PowerFlowOut,0.0
2030,sc01,08-15 12:00:00+02:00,Area_1,Node_3,PowerFlowIn,10.676147281799977
2030,sc01,08-16 06:00:00+02:00,Area_1,Node_1,CCGT,0.0
2030,sc01,08-16 06:00:00+02:00,Area_1,Node_1,OCGT,0.0
2030,sc01,08-16 06:00:00+02:00,Area_1,Node_1,Solar,0.0
2030,sc01,08-16 06:00:00+02:00,Area_1,Node_1,Wind,0.913495
2030,sc01,08-16 06:00:00+02:00,Area_1,Node_1,CCGT,0.0
2030,sc01,08-16 06:00:00+02:00,Area_1,Node_1,OCGT,0.0
2030,sc01,08-16 06:00:00+02:00,Area_1,Node_1,Solar,0.0
2030,sc01,08-16 06:00:00+02:00,Area_1,Node_1,Wind,0.0
2030,sc01,08-16 06:00:00+02:00,Area_1,Node_1,ENS,0.0
2030,sc01,08-16 06:00:00+02:00,Area_1,Node_1,EnergyDemand,-2.0590111350000004
2030,sc01,08-16 06:00:00+02:00,Area_1,Node_1,PowerFlowOut,1.1455161350000003
2030,sc01,08-16 06:00:00+02:00,Area_1,Node_1,PowerFlowIn,0.0
2030,sc01,08-16 06:00:00+02:00,Area_1,Node_2,CCGT,14.790585719000232
2030,sc01,08-16 06:00:00+02:00,Area_1,Node_2,OCGT,0.0
2030,sc01,08-16 06:00:00+02:00,Area_1,Node_2,Solar,0.0
2030,sc01,08-16 06:00:00+02:00,Area_1,Node_2,Wind,0.0
2030,sc01,08-16 06:00:00+02:00,Area_1,Node_2,CCGT,0.0
2030,sc01,08-16 06:00:00+02:00,Area_1,Node_2,OCGT,0.0
2030,sc01,08-16 06:00:00+02:00,Area_1,Node_2,Solar,0.0
2030,sc01,08-16 06:00:00+02:00,Area_1,Node_2,Wind,0.0
2030,sc01,08-16 06:00:00+02:00,Area_1,Node_2,ENS,0.0
2030,sc01,08-16 06:00:00+02:00,Area_1,Node_2,EnergyDemand,-2.907012624
2030,sc01,08-16 06:00:00+02:00,Area_1,Node_2,PowerFlowOut,-7.698389311153516
2030,sc01,08-16 06:00:00+02:00,Area_1,Node_2,PowerFlowIn,-4.185183783846717
2030,sc01,08-16 06:00:00+02:00,Area_1,Node_3,CCGT,0.0
2030,sc01,08-16 06:00:00+02:00,Area_1,Node_3,OCGT,0.0
2030,sc01,08-16 06:00:00+02:00,Area_1,Node_3,Solar,0.05177500000000001
2030,sc01,08-16 06:00:00+02:00,Area_1,Node_3,Wind,0.0
2030,sc01,08-16 06:00:00+02:00,Area_1,Node_3,CCGT,0.0
2030,sc01,08-16 06:00:00+02:00,Area_1,Node_3,OCGT,0.0
2030,sc01,08-16 06:00:00+02:00,Area_1,Node_3,Solar,0.0
2030,sc01,08-16 06:00:00+02:00,Area_1,Node_3,Wind,0.0
2030,sc01,08-16 06:00:00+02:00,Area_1,Node_3,ENS,0.0
2030,sc01,08-16 06:00:00+02:00,Area_1,Node_3,EnergyDemand,-10.78983196
2030,sc01,08-16 06:00:00+02:00,Area_1,Node_3,PowerFlowOut,0.0
2030,sc01,08-16 06:00:00+02:00,Area_1,Node_3,PowerFlowIn,10.738056960000232
2030,sc01,08-17 23:00:00+02:00,Area_1,Node_1,CCGT,0.0
2030,sc01,08-17 23:00:00+02:00,Area_1,Node_1,OCGT,0.0
2030,sc01,08-17 23:00:00+02:00,Area_1,Node_1,Solar,0.0
2030,sc01,08-17 23:00:00+02:00,Area_1,Node_1,Wind,3.135397575
2030,sc01,08-17 23:00:00+02:00,Area_1,Node_1,CCGT,0.0
2030,sc01,08-17 23:00:00+02:00,Area_1,Node_1,OCGT,0.0
2030,sc01,08-17 23:00:00+02:00,Area_1,Node_1,Solar,0.0
2030,sc01,08-17 23:00:00+02:00,Area_1,Node_1,Wind,0.0
2030,sc01,08-17 23:00:00+02:00,Area_1,Node_1,ENS,0.0
2030,sc01,08-17 23:00:00+02:00,Area_1,Node_1,EnergyDemand,-2.23452753522
2030,sc01,08-17 23:00:00+02:00,Area_1,Node_1,PowerFlowOut,-0.9008700397800014
2030,sc01,08-17 23:00:00+02:00,Area_1,Node_1,PowerFlowIn,0.0
2030,sc01,08-17 23:00:00+02:00,Area_1,Node_2,CCGT,16.494352050660297
2030,sc01,08-17 23:00:00+02:00,Area_1,Node_2,OCGT,0.0
2030,sc01,08-17 23:00:00+02:00,Area_1,Node_2,Solar,0.0
2030,sc01,08-17 23:00:00+02:00,Area_1,Node_2,Wind,0.0
2030,sc01,08-17 23:00:00+02:00,Area_1,Node_2,CCGT,0.0
2030,sc01,08-17 23:00:00+02:00,Area_1,Node_2,OCGT,0.0
2030,sc01,08-17 23:00:00+02:00,Area_1,Node_2,Solar,0.0
2030,sc01,08-17 23:00:00+02:00,Area_1,Node_2,Wind,0.0
2030,sc01,08-17 23:00:00+02:00,Area_1,Node_2,ENS,0.0
2030,sc01,08-17 23:00:00+02:00,Area_1,Node_2,EnergyDemand,-4.245154100040001
2030,sc01,08-17 23:00:00+02:00,Area_1,Node_2,PowerFlowOut,-8.896000138019993
2030,sc01,08-17 23:00:00+02:00,Area_1,Node_2,PowerFlowIn,-3.3531978126003037
2030,sc01,08-17 23:00:00+02:00,Area_1,Node_3,CCGT,0.0
2030,sc01,08-17 23:00:00+02:00,Area_1,Node_3,OCGT,0.0
2030,sc01,08-17 23:00:00+02:00,Area_1,Node_3,Solar,0.0
2030,sc01,08-17 23:00:00+02:00,Area_1,Node_3,Wind,0.0
2030,sc01,08-17 23:00:00+02:00,Area_1,Node_3,CCGT,0.0
2030,sc01,08-17 23:00:00+02:00,Area_1,Node_3,OCGT,0.0
2030,sc01,08-17 23:00:00+02:00,Area_1,Node_3,Solar,0.0
2030,sc01,08-17 23:00:00+02:00,Area_1,Node_3,Wind,0.0
2030,sc01,08-17 23:00:00+02:00,Area_1,Node_3,ENS,0.0
2030,sc01,08-17 23:00:00+02:00,Area_1,Node_3,EnergyDemand,-13.1500679904
2030,sc01,08-17 23:00:00+02:00,Area_1,Node_3,PowerFlowOut,0.0
2030,sc01,08-17 23:00:00+02:00,Area_1,Node_3,PowerFlowIn,13.150067990400299
2030,sc01,08-19 10:00:00+02:00,Area_1,Node_1,CCGT,0.0
2030,sc01,08-19 10:00:00+02:00,Area_1,Node_1,OCGT,0.0
2030,sc01,08-19 10:00:00+02:00,Area_1,Node_1,Solar,0.0
2030,sc01,08-19 10:00:00+02:00,Area_1,Node_1,Wind,1.8464933749999999
2030,sc01,08-19 10:00:00+02:00,Area_1,Node_1,CCGT,0.0
2030,sc01,08-19 10:00:00+02:00,Area_1,Node_1,OCGT,0.0
2030,sc01,08-19 10:00:00+02:00,Area_1,Node_1,Solar,0.0
2030,sc01,08-19 10:00:00+02:00,Area_1,Node_1,Wind,0.0
2030,sc01,08-19 10:00:00+02:00,Area_1,Node_1,ENS,0.0
2030,sc01,08-19 10:00:00+02:00,Area_1,Node_1,EnergyDemand,-5.71411336436
2030,sc01,08-19 10:00:00+02:00,Area_1,Node_1,PowerFlowOut,3.8676199893600023
2030,sc01,08-19 10:00:00+02:00,Area_1,Node_1,PowerFlowIn,0.0
2030,sc01,08-19 10:00:00+02:00,Area_1,Node_2,CCGT,41.486303835279266
2030,sc01,08-19 10:00:00+02:00,Area_1,Node_2,OCGT,0.0
2030,sc01,08-19 10:00:00+02:00,Area_1,Node_2,Solar,0.0
2030,sc01,08-19 10:00:00+02:00,Area_1,Node_2,Wind,0.0
2030,sc01,08-19 10:00:00+02:00,Area_1,Node_2,CCGT,0.0
2030,sc01,08-19 10:00:00+02:00,Area_1,Node_2,OCGT,0.0
2030,sc01,08-19 10:00:00+02:00,Area_1,Node_2,Solar,0.0
2030,sc01,08-19 10:00:00+02:00,Area_1,Node_2,Wind,0.0
2030,sc01,08-19 10:00:00+02:00,Area_1,Node_2,ENS,0.0
2030,sc01,08-19 10:00:00+02:00,Area_1,Node_2,EnergyDemand,-11.832785867320002
2030,sc01,08-19 10:00:00+02:00,Area_1,Node_2,PowerFlowOut,-18.744303213497403
2030,sc01,08-19 10:00:00+02:00,Area_1,Node_2,PowerFlowIn,-10.909214754461864
2030,sc01,08-19 10:00:00+02:00,Area_1,Node_3,CCGT,0.0
2030,sc01,08-19 10:00:00+02:00,Area_1,Node_3,OCGT,0.0
2030,sc01,08-19 10:00:00+02:00,Area_1,Node_3,Solar,9.111168525
2030,sc01,08-19 10:00:00+02:00,Area_1,Node_3,Wind,0.0
2030,sc01,08-19 10:00:00+02:00,Area_1,Node_3,CCGT,0.0
2030,sc01,08-19 10:00:00+02:00,Area_1,Node_3,OCGT,0.0
2030,sc01,08-19 10:00:00+02:00,Area_1,Node_3,Solar,0.0
2030,sc01,08-19 10:00:00+02:00,Area_1,Node_3,Wind,0.0
2030,sc01,08-19 10:00:00+02:00,Area_1,Node_3,ENS,0.0
2030,sc01,08-19 10:00:00+02:00,Area_1,Node_3,EnergyDemand,-34.8970665036
2030,sc01,08-19 10:00:00+02:00,Area_1,Node_3,PowerFlowOut,0.0
2030,sc01,08-19 10:00:00+02:00,Area_1,Node_3,PowerFlowIn,25.785897978599266
2030,sc01,09-20 17:00:00+02:00,Area_1,Node_1,CCGT,0.0
2030,sc01,09-20 17:00:00+02:00,Area_1,Node_1,OCGT,0.0
2030,sc01,09-20 17:00:00+02:00,Area_1,Node_1,Solar,0.0
2030,sc01,09-20 17:00:00+02:00,Area_1,Node_1,Wind,1.5582624750000003
2030,sc01,09-20 17:00:00+02:00,Area_1,Node_1,CCGT,0.0
2030,sc01,09-20 17:00:00+02:00,Area_1,Node_1,OCGT,0.0
2030,sc01,09-20 17:00:00+02:00,Area_1,Node_1,Solar,0.0
2030,sc01,09-20 17:00:00+02:00,Area_1,Node_1,Wind,0.0
2030,sc01,09-20 17:00:00+02:00,Area_1,Node_1,ENS,0.0
2030,sc01,09-20 17:00:00+02:00,Area_1,Node_1,EnergyDemand,-2.2399324381000003
2030,sc01,09-20 17:00:00+02:00,Area_1,Node_1,PowerFlowOut,0.6816699630999996
2030,sc01,09-20 17:00:00+02:00,Area_1,Node_1,PowerFlowIn,0.0
2030,sc01,09-20 17:00:00+02:00,Area_1,Node_2,CCGT,13.893417154400634
2030,sc01,09-20 17:00:00+02:00,Area_1,Node_2,OCGT,0.0
2030,sc01,09-20 17:00:00+02:00,Area_1,Node_2,Solar,0.0
2030,sc01,09-20 17:00:00+02:00,Area_1,Node_2,Wind,0.0
2030,sc01,09-20 17:00:00+02:00,Area_1,Node_2,CCGT,0.0
2030,sc01,09-20 17:00:00+02:00,Area_1,Node_2,OCGT,0.0
2030,sc01,09-20 17:00:00+02:00,Area_1,Node_2,Solar,0.0
2030,sc01,09-20 17:00:00+02:00,Area_1,Node_2,Wind,0.0
2030,sc01,09-20 17:00:00+02:00,Area_1,Node_2,ENS,0.0
2030,sc01,09-20 17:00:00+02:00,Area_1,Node_2,EnergyDemand,-3.1248121975
2030,sc01,09-20 17:00:00+02:00,Area_1,Node_2,PowerFlowOut,-7.140571141038571
2030,sc01,09-20 17:00:00+02:00,Area_1,Node_2,PowerFlowIn,-3.6280338158620604
2030,sc01,09-20 17:00:00+02:00,Area_1,Node_3,CCGT,0.0
2030,sc01,09-20 17:00:00+02:00,Area_1,Node_3,OCGT,0.0
2030,sc01,09-20 17:00:00+02:00,Area_1,Node_3,Solar,1.917562325
2030,sc01,09-20 17:00:00+02:00,Area_1,Node_3,Wind,0.0
2030,sc01,09-20 17:00:00+02:00,Area_1,Node_3,CCGT,0.0
2030,sc01,09-20 17:00:00+02:00,Area_1,Node_3,OCGT,0.0
2030,sc01,09-20 17:00:00+02:00,Area_1,Node_3,Solar,0.0
2030,sc01,09-20 17:00:00+02:00,Area_1,Node_3,Wind,0.0
2030,sc01,09-20 17:00:00+02:00,Area_1,Node_3,ENS,0.0
2030,sc01,09-20 17:00:00+02:00,Area_1,Node_3,EnergyDemand,-12.0044973188
2030,sc01,09-20 17:00:00+02:00,Area_1,Node_3,PowerFlowOut,0.0
2030,sc01,09-20 17:00:00+02:00,Area_1,Node_3,PowerFlowIn,10.086934993800632
2030,sc01,10-13 10:00:00+02:00,Area_1,Node_1,CCGT,0.0
2030,sc01,10-13 10:00:00+02:00,Area_1,Node_1,OCGT,0.0
2030,sc01,10-13 10:00:00+02:00,Area_1,Node_1,Solar,0.0
2030,sc01,10-13 10:00:00+02:00,Area_1,Node_1,Wind,45.54865303125
2030,sc01,10-13 10:00:00+02:00,Area_1,Node_1,CCGT,0.0
2030,sc01,10-13 10:00:00+02:00,Area_1,Node_1,OCGT,0.0
2030,sc01,10-13 10:00:00+02:00,Area_1,Node_1,Solar,0.0
2030,sc01,10-13 10:00:00+02:00,Area_1,Node_1,Wind,0.0
2030,sc01,10-13 10:00:00+02:00,Area_1,Node_1,ENS,0.0
2030,sc01,10-13 10:00:00+02:00,Area_1,Node_1,EnergyDemand,-22.8327525646
2030,sc01,10-13 10:00:00+02:00,Area_1,Node_1,PowerFlowOut,-22.715900466649998
2030,sc01,10-13 10:00:00+02:00,Area_1,Node_1,PowerFlowIn,0.0
2030,sc01,10-13 10:00:00+02:00,Area_1,Node_2,CCGT,126.76949925529955
2030,sc01,10-13 10:00:00+02:00,Area_1,Node_2,OCGT,0.0
2030,sc01,10-13 10:00:00+02:00,Area_1,Node_2,Solar,0.0
2030,sc01,10-13 10:00:00+02:00,Area_1,Node_2,Wind,0.0
2030,sc01,10-13 10:00:00+02:00,Area_1,Node_2,CCGT,0.0
2030,sc01,10-13 10:00:00+02:00,Area_1,Node_2,OCGT,0.0
2030,sc01,10-13 10:00:00+02:00,Area_1,Node_2,Solar,0.0
2030,sc01,10-13 10:00:00+02:00,Area_1,Node_2,Wind,0.0
2030,sc01,10-13 10:00:00+02:00,Area_1,Node_2,ENS,0.0
2030,sc01,10-13 10:00:00+02:00,Area_1,Node_2,EnergyDemand,-53.96538878145
2030,sc01,10-13 10:00:00+02:00,Area_1,Node_2,PowerFlowOut,-60.88710746650293
2030,sc01,10-13 10:00:00+02:00,Area_1,Node_2,PowerFlowIn,-11.917003007346613
2030,sc01,10-13 10:00:00+02:00,Area_1,Node_3,CCGT,0.0
2030,sc01,10-13 10:00:00+02:00,Area_1,Node_3,OCGT,0.0
2030,sc01,10-13 10:00:00+02:00,Area_1,Node_3,Solar,22.9884061875
2030,sc01,10-13 10:00:00+02:00,Area_1,Node_3,Wind,0.0
2030,sc01,10-13 10:00:00+02:00,Area_1,Node_3,CCGT,0.0
2030,sc01,10-13 10:00:00+02:00,Area_1,Node_3,OCGT,0.0
2030,sc01,10-13 10:00:00+02:00,Area_1,Node_3,Solar,0.0
2030,sc01,10-13 10:00:00+02:00,Area_1,Node_3,Wind,0.0
2030,sc01,10-13 10:00:00+02:00,Area_1,Node_3,ENS,0.0
2030,sc01,10-13 10:00:00+02:00,Area_1,Node_3,EnergyDemand,-118.508417128
2030,sc01,10-13 10:00:00+02:00,Area_1,Node_3,PowerFlowOut,0.0
2030,sc01,10-13 10:00:00+02:00,Area_1,Node_3,PowerFlowIn,95.52001094049955
2030,sc01,10-23 17:00:00+02:00,Area_1,Node_1,CCGT,0.0
2030,sc01,10-23 17:00:00+02:00,Area_1,Node_1,OCGT,0.0
2030,sc01,10-23 17:00:00+02:00,Area_1,Node_1,Solar,0.0
2030,sc01,10-23 17:00:00+02:00,Area_1,Node_1,Wind,0.38546579999999997
2030,sc01,10-23 17:00:00+02:00,Area_1,Node_1,CCGT,0.0
2030,sc01,10-23 17:00:00+02:00,Area_1,Node_1,OCGT,0.0
2030,sc01,10-23 17:00:00+02:00,Area_1,Node_1,Solar,0.0
2030,sc01,10-23 17:00:00+02:00,Area_1,Node_1,Wind,0.0
2030,sc01,10-23 17:00:00+02:00,Area_1,Node_1,ENS,0.0
2030,sc01,10-23 17:00:00+02:00,Area_1,Node_1,EnergyDemand,-1.31547933552
2030,sc01,10-23 17:00:00+02:00,Area_1,Node_1,PowerFlowOut,0.9300135355200001
2030,sc01,10-23 17:00:00+02:00,Area_1,Node_1,PowerFlowIn,0.0
2030,sc01,10-23 17:00:00+02:00,Area_1,Node_2,CCGT,7.580742826560011
2030,sc01,10-23 17:00:00+02:00,Area_1,Node_2,OCGT,0.0
2030,sc01,10-23 17:00:00+02:00,Area_1,Node_2,Solar,0.0
2030,sc01,10-23 17:00:00+02:00,Area_1,Node_2,Wind,0.0
2030,sc01,10-23 17:00:00+02:00,Area_1,Node_2,CCGT,0.0
2030,sc01,10-23 17:00:00+02:00,Area_1,Node_2,OCGT,0.0
2030,sc01,10-23 17:00:00+02:00,Area_1,Node_2,Solar,0.0
2030,sc01,10-23 17:00:00+02:00,Area_1,Node_2,Wind,0.0
2030,sc01,10-23 17:00:00+02:00,Area_1,Node_2,ENS,0.0
2030,sc01,10-23 17:00:00+02:00,Area_1,Node_2,EnergyDemand,-2.05164387216
2030,sc01,10-23 17:00:00+02:00,Area_1,Node_2,PowerFlowOut,-3.3986007212676013
2030,sc01,10-23 17:00:00+02:00,Area_1,Node_2,PowerFlowIn,-2.13049823313241
2030,sc01,10-23 17:00:00+02:00,Area_1,Node_3,CCGT,0.0
2030,sc01,10-23 17:00:00+02:00,Area_1,Node_3,OCGT,0.0
2030,sc01,10-23 17:00:00+02:00,Area_1,Node_3,Solar,0.1365342
2030,sc01,10-23 17:00:00+02:00,Area_1,Node_3,Wind,0.0
2030,sc01,10-23 17:00:00+02:00,Area_1,Node_3,CCGT,0.0
2030,sc01,10-23 17:00:00+02:00,Area_1,Node_3,OCGT,0.0
2030,sc01,10-23 17:00:00+02:00,Area_1,Node_3,Solar,0.0
2030,sc01,10-23 17:00:00+02:00,Area_1,Node_3,Wind,0.0
2030,sc01,10-23 17:00:00+02:00,Area_1,Node_3,ENS,0.0
2030,sc01,10-23 17:00:00+02:00,Area_1,Node_3,EnergyDemand,-4.7356196188799995
2030,sc01,10-23 17:00:00+02:00,Area_1,Node_3,PowerFlowOut,0.0
2030,sc01,10-23 17:00:00+02:00,Area_1,Node_3,PowerFlowIn,4.599085418880011
2030,sc01,12-03 09:00:00+01:00,Area_1,Node_1,CCGT,0.0
2030,sc01,12-03 09:00:00+01:00,Area_1,Node_1,OCGT,0.0
2030,sc01,12-03 09:00:00+01:00,Area_1,Node_1,Solar,0.0
2030,sc01,12-03 09:00:00+01:00,Area_1,Node_1,Wind,32.9617635875
2030,sc01,12-03 09:00:00+01:00,Area_1,Node_1,CCGT,0.0
2030,sc01,12-03 09:00:00+01:00,Area_1,Node_1,OCGT,0.0
2030,sc01,12-03 09:00:00+01:00,Area_1,Node_1,Solar,0.0
2030,sc01,12-03 09:00:00+01:00,Area_1,Node_1,Wind,0.0
2030,sc01,12-03 09:00:00+01:00,Area_1,Node_1,ENS,0.0
2030,sc01,12-03 09:00:00+01:00,Area_1,Node_1,EnergyDemand,-34.51053226194001
2030,sc01,12-03 09:00:00+01:00,Area_1,Node_1,PowerFlowOut,1.548768674440005
2030,sc01,12-03 09:00:00+01:00,Area_1,Node_1,PowerFlowIn,0.0
2030,sc01,12-03 09:00:00+01:00,Area_1,Node_2,CCGT,141.06360726027305
2030,sc01,12-03 09:00:00+01:00,Area_1,Node_2,OCGT,0.0
2030,sc01,12-03 09:00:00+01:00,Area_1,Node_2,Solar,0.0
2030,sc01,12-03 09:00:00+01:00,Area_1,Node_2,Wind,0.0
2030,sc01,12-03 09:00:00+01:00,Area_1,Node_2,CCGT,0.0
2030,sc01,12-03 09:00:00+01:00,Area_1,Node_2,OCGT,0.0
2030,sc01,12-03 09:00:00+01:00,Area_1,Node_2,Solar,0.0
2030,sc01,12-03 09:00:00+01:00,Area_1,Node_2,Wind,0.0
2030,sc01,12-03 09:00:00+01:00,Area_1,Node_2,ENS,0.0
2030,sc01,12-03 09:00:00+01:00,Area_1,Node_2,EnergyDemand,-56.575318578179996
2030,sc01,12-03 09:00:00+01:00,Area_1,Node_2,PowerFlowOut,-57.77707585324539
2030,sc01,12-03 09:00:00+01:00,Area_1,Node_2,PowerFlowIn,-26.711212828847646
2030,sc01,12-03 09:00:00+01:00,Area_1,Node_3,CCGT,0.0
2030,sc01,12-03 09:00:00+01:00,Area_1,Node_3,OCGT,0.0
2030,sc01,12-03 09:00:00+01:00,Area_1,Node_3,Solar,14.15929495
2030,sc01,12-03 09:00:00+01:00,Area_1,Node_3,Wind,0.0
2030,sc01,12-03 09:00:00+01:00,Area_1,Node_3,CCGT,0.0
2030,sc01,12-03 09:00:00+01:00,Area_1,Node_3,OCGT,0.0
2030,sc01,12-03 09:00:00+01:00,Area_1,Node_3,Solar,0.0
2030,sc01,12-03 09:00:00+01:00,Area_1,Node_3,Wind,0.0
2030,sc01,12-03 09:00:00+01:00,Area_1,Node_3,ENS,0.0
2030,sc01,12-03 09:00:00+01:00,Area_1,Node_3,EnergyDemand,-97.09881495766001
2030,sc01,12-03 09:00:00+01:00,Area_1,Node_3,PowerFlowOut,0.0
2030,sc01,12-03 09:00:00+01:00,Area_1,Node_3,PowerFlowIn,82.93952000765304
