Period,Scenario,LoadLevel,mEUR
2030,sc01,01-01 11:00:00+01:00,23.628923494362496
2030,sc01,01-02 13:00:00+01:00,519.1558142904469
2030,sc01,01-04 09:00:00+01:00,824.5023780002043
2030,sc01,01-04 13:00:00+01:00,165.9358911343113
2030,sc01,01-05 15:00:00+01:00,619.5785899285804
2030,sc01,01-05 20:00:00+01:00,11666.292254553104
2030,sc01,01-06 02:00:00+01:00,6415.4585413698
2030,sc01,01-06 06:00:00+01:00,3684.1744861884927
2030,sc01,01-06 22:00:00+01:00,8937.557402516142
2030,sc01,01-10 23:00:00+01:00,2401.127287875841
2030,sc01,01-11 11:00:00+01:00,351.9886571038012
2030,sc01,01-14 05:00:00+01:00,15340.96455982389
2030,sc01,01-14 11:00:00+01:00,2078.577271374257
2030,sc01,01-16 12:00:00+01:00,1773.2182458041102
2030,sc01,01-19 02:00:00+01:00,8999.35099805016
2030,sc01,01-19 13:00:00+01:00,1087.7483978364983
2030,sc01,01-20 11:00:00+01:00,493.4900509285497
2030,sc01,01-20 21:00:00+01:00,12545.680209745598
2030,sc01,01-21 06:00:00+01:00,13306.010638430997
2030,sc01,01-21 09:00:00+01:00,3099.7481226274804
2030,sc01,01-22 13:00:00+01:00,781.0145289539458
2030,sc01,01-22 21:00:00+01:00,1493.542396415009
2030,sc01,01-28 09:00:00+01:00,834.7894516006289
2030,sc01,01-28 11:00:00+01:00,290.5138675385115
2030,sc01,01-28 16:00:00+01:00,366.17620445344056
2030,sc01,01-30 04:00:00+01:00,3631.389690316079
2030,sc01,01-30 06:00:00+01:00,1770.1041375590391
2030,sc01,01-30 20:00:00+01:00,920.3468238080083
2030,sc01,01-31 02:00:00+01:00,2420.9798162904
2030,sc01,01-31 21:00:00+01:00,4497.725740975498
2030,sc01,02-01 21:00:00+01:00,5525.842887330592
2030,sc01,02-02 07:00:00+01:00,1239.188920543386
2030,sc01,02-02 08:00:00+01:00,722.2460974265778
2030,sc01,02-02 18:00:00+01:00,6676.559278967147
2030,sc01,02-03 16:00:00+01:00,401.9641914747733
2030,sc01,02-03 18:00:00+01:00,112333.59464808126
2030,sc01,02-04 17:00:00+01:00,17798.90564548816
2030,sc01,02-05 03:00:00+01:00,14558.174848951714
2030,sc01,02-06 00:00:00+01:00,17344.43900355101
2030,sc01,02-06 02:00:00+01:00,25737.50180403272
2030,sc01,02-06 15:00:00+01:00,14610.64553234061
2030,sc01,02-09 13:00:00+01:00,44.372702567275006
2030,sc01,02-12 07:00:00+01:00,2624.218679420492
2030,sc01,02-12 11:00:00+01:00,4477.908191340628
2030,sc01,02-12 18:00:00+01:00,30141.41598755302
2030,sc01,02-13 23:00:00+01:00,22080.55940092111
2030,sc01,02-14 23:00:00+01:00,4272.3578655993515
2030,sc01,02-16 16:00:00+01:00,4238.990705163995
2030,sc01,02-16 18:00:00+01:00,8114.390049399651
2030,sc01,02-17 16:00:00+01:00,1028.9944950108681
2030,sc01,02-18 09:00:00+01:00,1143.9119694388135
2030,sc01,02-18 22:00:00+01:00,24614.247107703355
2030,sc01,02-19 09:00:00+01:00,25.76717345590845
2030,sc01,02-19 11:00:00+01:00,4092.596758436337
2030,sc01,02-20 21:00:00+01:00,10746.020263584249
2030,sc01,02-21 09:00:00+01:00,1192.0995013465988
2030,sc01,02-21 12:00:00+01:00,1200.3648499330802
2030,sc01,02-23 05:00:00+01:00,14039.78858619792
2030,sc01,02-23 15:00:00+01:00,10893.859256486381
2030,sc01,02-24 13:00:00+01:00,2530.347514091419
2030,sc01,02-25 05:00:00+01:00,17491.173019031623
2030,sc01,02-26 09:00:00+01:00,7954.522771751509
2030,sc01,02-27 19:00:00+01:00,64807.34465964984
2030,sc01,02-28 06:00:00+01:00,9612.647736838793
2030,sc01,02-28 11:00:00+01:00,959.0568767155195
2030,sc01,02-28 22:00:00+01:00,22607.363446456824
2030,sc01,03-01 12:00:00+01:00,1292.5874489129994
2030,sc01,03-03 04:00:00+01:00,1386.088761561839
2030,sc01,03-03 07:00:00+01:00,237.61047342456015
2030,sc01,03-03 09:00:00+01:00,233.29101996021595
2030,sc01,03-04 02:00:00+01:00,453.66775470860404
2030,sc01,03-05 11:00:00+01:00,624.5297166767309
2030,sc01,03-05 23:00:00+01:00,443.7896983767521
2030,sc01,03-06 14:00:00+01:00,291.843935459454
2030,sc01,03-08 13:00:00+01:00,145.408672961568
2030,sc01,03-08 19:00:00+01:00,16302.597573065434
2030,sc01,03-09 18:00:00+01:00,22624.72937035723
2030,sc01,03-10 07:00:00+01:00,2950.541362170356
2030,sc01,03-10 10:00:00+01:00,769.357428172
2030,sc01,03-12 11:00:00+01:00,602.0722067456563
2030,sc01,03-12 16:00:00+01:00,424.208303161563
2030,sc01,03-13 06:00:00+01:00,1788.2395933860007
2030,sc01,03-13 15:00:00+01:00,266.481972900878
2030,sc01,03-14 07:00:00+01:00,497.2519036898041
2030,sc01,03-14 13:00:00+01:00,145.69295158375098
2030,sc01,03-16 10:00:00+01:00,1602.4125045743453
2030,sc01,03-16 19:00:00+01:00,13711.242981258669
2030,sc01,03-17 13:00:00+01:00,309.212189802194
2030,sc01,03-20 15:00:00+01:00,637.522149009
2030,sc01,03-21 09:00:00+01:00,484.21240093660225
2030,sc01,03-21 19:00:00+01:00,25094.037741198757
2030,sc01,03-22 14:00:00+01:00,318.35456602546554
2030,sc01,03-25 22:00:00+01:00,1044.8175465377103
2030,sc01,03-27 00:00:00+01:00,3268.2330322267494
2030,sc01,03-28 00:00:00+01:00,10602.585689744818
2030,sc01,03-29 00:00:00+01:00,8595.051793983008
2030,sc01,03-29 10:00:00+01:00,425.8941896085975
2030,sc01,03-29 17:00:00+01:00,2308.7069319066363
2030,sc01,03-30 16:00:00+01:00,2763.426607158963
2030,sc01,04-01 01:00:00+02:00,38551.641545256956
2030,sc01,04-03 10:00:00+02:00,87.5486896603
2030,sc01,04-04 02:00:00+02:00,373.86775003162603
2030,sc01,04-05 06:00:00+02:00,2432.2666925145622
2030,sc01,04-08 08:00:00+02:00,1761.5080077066298
2030,sc01,04-08 14:00:00+02:00,2768.81547691166
2030,sc01,04-10 02:00:00+02:00,13585.973934881715
2030,sc01,04-11 23:00:00+02:00,27833.204378866234
2030,sc01,04-12 16:00:00+02:00,728.3112743734093
2030,sc01,04-13 04:00:00+02:00,31291.115386316
2030,sc01,04-15 11:00:00+02:00,476.8203341873159
2030,sc01,04-16 14:00:00+02:00,3705.782784568327
2030,sc01,04-19 13:00:00+02:00,558.9286895309039
2030,sc01,04-19 15:00:00+02:00,405.2659287967362
2030,sc01,04-20 15:00:00+02:00,680.5150508923206
2030,sc01,04-21 10:00:00+02:00,4895.397708743117
2030,sc01,04-21 17:00:00+02:00,3314.7073038897
2030,sc01,04-22 07:00:00+02:00,5564.685393309903
2030,sc01,04-23 21:00:00+02:00,18669.957542256623
2030,sc01,04-24 05:00:00+02:00,9064.646778301349
2030,sc01,04-26 15:00:00+02:00,205.73406758567583
2030,sc01,04-27 02:00:00+02:00,10875.336042120001
2030,sc01,04-27 07:00:00+02:00,2977.6790227559395
2030,sc01,04-28 11:00:00+02:00,1681.7670566550007
2030,sc01,04-29 08:00:00+02:00,3573.011564455309
2030,sc01,05-01 22:00:00+02:00,11539.302906000086
2030,sc01,05-02 11:00:00+02:00,885.670459591124
2030,sc01,05-03 20:00:00+02:00,89607.93736713921
2030,sc01,05-04 00:00:00+02:00,15987.856055784405
2030,sc01,05-04 17:00:00+02:00,3022.920581687341
2030,sc01,05-04 19:00:00+02:00,7443.533213640455
2030,sc01,05-05 02:00:00+02:00,5104.88722544639
2030,sc01,05-07 19:00:00+02:00,1451.7147063554994
2030,sc01,05-07 22:00:00+02:00,417.3923517772824
2030,sc01,05-08 03:00:00+02:00,1332.097224247296
2030,sc01,05-08 23:00:00+02:00,797.4396328665626
2030,sc01,05-10 05:00:00+02:00,252.50794119168052
2030,sc01,05-10 12:00:00+02:00,544.6123622049604
2030,sc01,05-11 22:00:00+02:00,11952.488281873862
2030,sc01,05-12 15:00:00+02:00,367.6966012913921
2030,sc01,05-12 16:00:00+02:00,563.5610601169327
2030,sc01,05-13 22:00:00+02:00,3151.53424166697
2030,sc01,05-17 10:00:00+02:00,562.545935333271
2030,sc01,05-17 12:00:00+02:00,74.81085615148793
2030,sc01,05-17 17:00:00+02:00,117.70524739064996
2030,sc01,05-19 09:00:00+02:00,921.5172958563021
2030,sc01,05-21 11:00:00+02:00,1648.2447089687516
2030,sc01,05-22 07:00:00+02:00,3878.967816750518
2030,sc01,05-24 07:00:00+02:00,169.89532704588495
2030,sc01,05-25 16:00:00+02:00,3047.3365211049613
2030,sc01,05-26 23:00:00+02:00,26467.141884735804
2030,sc01,05-27 13:00:00+02:00,1796.8045034663344
2030,sc01,05-28 07:00:00+02:00,1171.83207859796
2030,sc01,05-30 11:00:00+02:00,332.8393623580285
2030,sc01,05-30 16:00:00+02:00,1084.1301390984208
2030,sc01,05-30 17:00:00+02:00,1734.551957844415
2030,sc01,06-01 04:00:00+02:00,23288.723737124405
2030,sc01,06-04 11:00:00+02:00,851.8737216012502
2030,sc01,06-05 11:00:00+02:00,371.8937093864958
2030,sc01,06-06 01:00:00+02:00,50768.56888504233
2030,sc01,06-09 13:00:00+02:00,2040.4045801864422
2030,sc01,06-10 08:00:00+02:00,2115.18388544274
2030,sc01,06-13 23:00:00+02:00,17563.863283299044
2030,sc01,06-14 15:00:00+02:00,318.60901292031997
2030,sc01,06-15 17:00:00+02:00,5746.952319404111
2030,sc01,06-15 22:00:00+02:00,16748.65091130578
2030,sc01,06-17 03:00:00+02:00,27401.365432122064
2030,sc01,06-17 15:00:00+02:00,4806.593120553644
2030,sc01,06-17 21:00:00+02:00,43310.33540852371
2030,sc01,06-18 19:00:00+02:00,16716.911904709094
2030,sc01,06-19 05:00:00+02:00,32701.277803009725
2030,sc01,06-19 12:00:00+02:00,6137.772054960546
2030,sc01,06-19 15:00:00+02:00,6320.1802528123235
2030,sc01,06-21 11:00:00+02:00,320.1211457124296
2030,sc01,06-23 04:00:00+02:00,5769.035803388961
2030,sc01,06-24 08:00:00+02:00,1606.6917512594
2030,sc01,06-24 13:00:00+02:00,2897.6395839718775
2030,sc01,06-24 18:00:00+02:00,11948.757748160067
2030,sc01,06-25 20:00:00+02:00,27490.34217739091
2030,sc01,06-27 07:00:00+02:00,1182.53106835358
2030,sc01,06-28 09:00:00+02:00,326.55977475952477
2030,sc01,06-28 14:00:00+02:00,1015.9161388261422
2030,sc01,07-08 22:00:00+02:00,64499.77348428656
2030,sc01,07-09 00:00:00+02:00,42517.276244870474
2030,sc01,07-09 13:00:00+02:00,4047.8139417290863
2030,sc01,07-09 16:00:00+02:00,3687.906213541997
2030,sc01,07-10 15:00:00+02:00,6335.465020746956
2030,sc01,07-11 00:00:00+02:00,26635.158693263704
2030,sc01,07-11 02:00:00+02:00,28497.305468309667
2030,sc01,07-13 08:00:00+02:00,2045.7845468980188
2030,sc01,07-13 20:00:00+02:00,16427.850953209425
2030,sc01,07-14 10:00:00+02:00,8296.782887884749
2030,sc01,07-14 17:00:00+02:00,2557.217158089392
2030,sc01,07-14 18:00:00+02:00,4172.54068540285
2030,sc01,07-14 23:00:00+02:00,22401.14714055094
2030,sc01,07-15 02:00:00+02:00,47386.80849271893
2030,sc01,07-15 17:00:00+02:00,1131.1085437855
2030,sc01,07-15 20:00:00+02:00,10225.217261167985
2030,sc01,07-16 07:00:00+02:00,4552.803589936453
2030,sc01,07-17 03:00:00+02:00,52032.17919172486
2030,sc01,07-17 15:00:00+02:00,3022.3567468463434
2030,sc01,07-18 13:00:00+02:00,5345.0500125720355
2030,sc01,07-18 21:00:00+02:00,32169.45988446556
2030,sc01,07-20 17:00:00+02:00,232.86882930369015
2030,sc01,07-23 12:00:00+02:00,7045.397223014399
2030,sc01,07-28 06:00:00+02:00,6865.111995113328
2030,sc01,07-28 14:00:00+02:00,12226.929746798969
2030,sc01,07-29 14:00:00+02:00,85.22341068988952
2030,sc01,07-29 19:00:00+02:00,686.2646663299203
2030,sc01,08-01 16:00:00+02:00,1626.2876839631442
2030,sc01,08-02 07:00:00+02:00,826.9175897318052
2030,sc01,08-03 01:00:00+02:00,9969.7431876917
2030,sc01,08-03 16:00:00+02:00,5349.815800470898
2030,sc01,08-04 17:00:00+02:00,6369.282822745732
2030,sc01,08-05 04:00:00+02:00,37426.06043920883
2030,sc01,08-06 19:00:00+02:00,106081.23672893767
2030,sc01,08-09 19:00:00+02:00,3230.2508944151255
2030,sc01,08-10 08:00:00+02:00,3037.7858296139543
2030,sc01,08-11 08:00:00+02:00,4615.590872418899
2030,sc01,08-11 09:00:00+02:00,3144.88182211371
2030,sc01,08-11 11:00:00+02:00,1801.2579928579999
2030,sc01,08-11 18:00:00+02:00,10568.74875144163
2030,sc01,08-14 15:00:00+02:00,432.2239217998381
2030,sc01,08-14 16:00:00+02:00,690.3679509782904
2030,sc01,08-15 13:00:00+02:00,978.706940181529
2030,sc01,08-15 16:00:00+02:00,520.3120064684999
2030,sc01,08-16 05:00:00+02:00,544.8166888725749
2030,sc01,08-17 11:00:00+02:00,1104.2165800262753
2030,sc01,08-18 17:00:00+02:00,3662.422938107778
2030,sc01,08-23 09:00:00+02:00,267.3032557082399
2030,sc01,08-24 02:00:00+02:00,42412.39228541408
2030,sc01,08-24 05:00:00+02:00,38224.152915169805
2030,sc01,08-24 23:00:00+02:00,25000.981605321518
2030,sc01,08-25 19:00:00+02:00,21086.58358516248
2030,sc01,08-26 16:00:00+02:00,1358.9278939526407
2030,sc01,08-27 07:00:00+02:00,7108.22610928392
2030,sc01,09-01 10:00:00+02:00,1331.0723049206397
2030,sc01,09-01 16:00:00+02:00,127.02220835562005
2030,sc01,09-02 21:00:00+02:00,10221.55106523853
2030,sc01,09-02 22:00:00+02:00,9979.311118902295
2030,sc01,09-03 00:00:00+02:00,6525.8256166034325
2030,sc01,09-03 15:00:00+02:00,740.4139315042265
2030,sc01,09-04 10:00:00+02:00,2575.569305153523
2030,sc01,09-05 15:00:00+02:00,234.10189154709005
2030,sc01,09-07 03:00:00+02:00,5637.858662093279
2030,sc01,09-08 07:00:00+02:00,6559.14110715072
2030,sc01,09-11 04:00:00+02:00,6644.255710131762
2030,sc01,09-11 14:00:00+02:00,927.757665914706
2030,sc01,09-11 18:00:00+02:00,12168.9419582266
2030,sc01,09-12 19:00:00+02:00,4336.842951276481
2030,sc01,09-13 12:00:00+02:00,232.3240583513626
2030,sc01,09-13 16:00:00+02:00,333.69034433925407
2030,sc01,09-15 13:00:00+02:00,1432.04175221504
2030,sc01,09-17 14:00:00+02:00,2435.912623035
2030,sc01,09-18 22:00:00+02:00,22096.335817203126
2030,sc01,09-19 08:00:00+02:00,586.8915221381852
2030,sc01,09-20 11:00:00+02:00,2632.9158386468753
2030,sc01,09-21 03:00:00+02:00,2008.8667608180003
2030,sc01,09-22 15:00:00+02:00,3808.57577593248
2030,sc01,09-23 07:00:00+02:00,3787.8607812922605
2030,sc01,09-23 12:00:00+02:00,936.46774262132
2030,sc01,09-26 07:00:00+02:00,2693.0759317765446
2030,sc01,09-26 15:00:00+02:00,132.55406811062343
2030,sc01,09-28 13:00:00+02:00,438.7067025071582
2030,sc01,09-30 03:00:00+02:00,24792.993652237776
2030,sc01,09-30 05:00:00+02:00,5715.287089893434
2030,sc01,09-30 20:00:00+02:00,55740.50875340702
2030,sc01,10-02 00:00:00+02:00,4037.6962100486676
2030,sc01,10-02 23:00:00+02:00,13369.69731692318
2030,sc01,10-03 20:00:00+02:00,13633.117829066252
2030,sc01,10-04 01:00:00+02:00,8622.387068386499
2030,sc01,10-05 13:00:00+02:00,1681.7488537592405
2030,sc01,10-07 01:00:00+02:00,19331.928521195267
2030,sc01,10-07 14:00:00+02:00,1479.7613507532776
2030,sc01,10-08 21:00:00+02:00,52205.71944732343
2030,sc01,10-09 00:00:00+02:00,12952.170093124378
2030,sc01,10-14 11:00:00+02:00,1742.7874433824752
2030,sc01,10-14 21:00:00+02:00,8016.602664423287
2030,sc01,10-15 14:00:00+02:00,719.9960536676161
2030,sc01,10-16 15:00:00+02:00,271.3465753653621
2030,sc01,10-18 11:00:00+02:00,388.4710693413899
2030,sc01,10-19 02:00:00+02:00,8334.60483763623
2030,sc01,10-20 01:00:00+02:00,9779.110139971128
2030,sc01,10-20 16:00:00+02:00,1146.4225173604814
2030,sc01,10-23 13:00:00+02:00,621.8372784170612
2030,sc01,10-24 05:00:00+02:00,725.6979328440959
2030,sc01,10-26 08:00:00+02:00,1506.37105462368
2030,sc01,10-27 09:00:00+01:00,1335.4056980585644
2030,sc01,10-27 13:00:00+01:00,2474.407112296874
2030,sc01,10-27 14:00:00+01:00,1541.0965162662355
2030,sc01,10-27 16:00:00+01:00,6609.021672231251
2030,sc01,10-28 15:00:00+01:00,5070.706063379642
2030,sc01,11-01 12:00:00+01:00,688.3042425542399
2030,sc01,11-04 13:00:00+01:00,2899.2814260845594
2030,sc01,11-06 06:00:00+01:00,5541.039284837493
2030,sc01,11-07 09:00:00+01:00,601.6960876942888
2030,sc01,11-08 20:00:00+01:00,3269.3709414426644
2030,sc01,11-09 02:00:00+01:00,1441.929702479758
2030,sc01,11-10 04:00:00+01:00,1847.7582416741943
2030,sc01,11-10 09:00:00+01:00,472.4016198373218
2030,sc01,11-10 18:00:00+01:00,7580.977184615626
2030,sc01,11-12 16:00:00+01:00,1048.1261201347456
2030,sc01,11-13 02:00:00+01:00,12061.575159347398
2030,sc01,11-14 22:00:00+01:00,3096.9714368420923
2030,sc01,11-15 09:00:00+01:00,17.869275793784
2030,sc01,11-16 15:00:00+01:00,138.31698726504996
2030,sc01,11-18 06:00:00+01:00,7675.80493314999
2030,sc01,11-19 07:00:00+01:00,13034.48561819029
2030,sc01,11-19 10:00:00+01:00,2342.06373152512
2030,sc01,11-19 19:00:00+01:00,22074.97127727597
2030,sc01,11-20 20:00:00+01:00,9233.126015238
2030,sc01,11-21 22:00:00+01:00,11974.473468073356
2030,sc01,11-22 08:00:00+01:00,1629.958096145304
2030,sc01,11-24 07:00:00+01:00,20293.633846324374
2030,sc01,11-25 04:00:00+01:00,10969.402137882482
2030,sc01,11-25 22:00:00+01:00,14355.84519508128
2030,sc01,11-26 14:00:00+01:00,291.3555656374674
2030,sc01,11-26 23:00:00+01:00,9162.874240226774
2030,sc01,11-27 04:00:00+01:00,4215.329375778676
2030,sc01,11-27 11:00:00+01:00,357.86413789582497
2030,sc01,11-28 01:00:00+01:00,5238.514922992738
2030,sc01,12-01 21:00:00+01:00,4355.847916945007
2030,sc01,12-02 18:00:00+01:00,2360.1579723078767
2030,sc01,12-03 01:00:00+01:00,3433.824909147706
2030,sc01,12-04 22:00:00+01:00,7242.6618240453
2030,sc01,12-05 12:00:00+01:00,167.8478387249675
2030,sc01,12-05 22:00:00+01:00,23662.323912657626
2030,sc01,12-06 10:00:00+01:00,557.2582737065502
2030,sc01,12-06 21:00:00+01:00,19189.047767762884
2030,sc01,12-07 08:00:00+01:00,874.9887860947757
2030,sc01,12-09 11:00:00+01:00,874.8218875556256
2030,sc01,12-10 04:00:00+01:00,6668.170186014958
2030,sc01,12-10 08:00:00+01:00,2586.1344401366996
2030,sc01,12-10 09:00:00+01:00,2891.9864064067224
2030,sc01,12-11 08:00:00+01:00,1008.4177892564985
2030,sc01,12-11 12:00:00+01:00,552.6038052056697
2030,sc01,12-14 00:00:00+01:00,946.0456593956251
2030,sc01,12-14 18:00:00+01:00,2355.037643769387
2030,sc01,12-16 06:00:00+01:00,11668.708983659515
2030,sc01,12-17 04:00:00+01:00,15792.423751535936
2030,sc01,12-17 08:00:00+01:00,117.49840745620583
2030,sc01,12-18 12:00:00+01:00,350.62471348181197
2030,sc01,12-18 18:00:00+01:00,3906.1044390996017
2030,sc01,12-19 13:00:00+01:00,365.6887356506623
2030,sc01,12-20 02:00:00+01:00,1023.5867855052
2030,sc01,12-25 07:00:00+01:00,462.4673198613986
2030,sc01,12-25 13:00:00+01:00,53.320577606530485
2030,sc01,12-26 14:00:00+01:00,258.86847288187505
2030,sc01,12-27 07:00:00+01:00,4777.61666511168
2030,sc01,12-27 13:00:00+01:00,1583.84366172
2030,sc01,12-30 10:00:00+01:00,1375.8418849301115
2030,sc01,12-30 11:00:00+01:00,1785.8418349882327
