Period,Scenario,LoadLevel,Unit,p.u.
2030,sc01,01-09 21:00:00+01:00,123_CT_1,1.0
2030,sc01,01-09 21:00:00+01:00,123_STEAM_2,1.0
2030,sc01,01-09 21:00:00+01:00,101_STEAM_3,1.0
2030,sc01,01-09 21:00:00+01:00,113_CT_2,1.0
2030,sc01,01-09 21:00:00+01:00,113_CT_3,1.0
2030,sc01,01-09 21:00:00+01:00,113_CT_4,1.0
2030,sc01,01-09 21:00:00+01:00,121_NUCLEAR_1,0.0
2030,sc01,01-09 21:00:00+01:00,102_CT_1,1.0
2030,sc01,01-09 21:00:00+01:00,107_CC_1,1.0
2030,sc01,01-09 21:00:00+01:00,101_STEAM_4,1.0
2030,sc01,01-09 21:00:00+01:00,102_STEAM_3,1.0
2030,sc01,01-09 21:00:00+01:00,123_CT_5,1.0
2030,sc01,01-09 21:00:00+01:00,115_STEAM_1,1.0
2030,sc01,01-09 21:00:00+01:00,115_STEAM_2,1.0
2030,sc01,01-09 21:00:00+01:00,115_STEAM_3,1.0
2030,sc01,01-09 21:00:00+01:00,102_CT_2,1.0
2030,sc01,01-09 21:00:00+01:00,101_CT_1,1.0
2030,sc01,01-09 21:00:00+01:00,123_STEAM_3,1.0
2030,sc01,01-09 21:00:00+01:00,113_CT_1,1.0
2030,sc01,01-09 21:00:00+01:00,118_CC_1,1.0
2030,sc01,01-09 21:00:00+01:00,116_STEAM_1,1.0
2030,sc01,01-09 21:00:00+01:00,102_STEAM_4,1.0
2030,sc01,01-09 21:00:00+01:00,101_CT_2,1.0
2030,sc01,01-09 21:00:00+01:00,123_CT_4,1.0
2030,sc01,01-10 03:00:00+01:00,123_CT_1,0.0
2030,sc01,01-10 03:00:00+01:00,123_STEAM_2,0.0
2030,sc01,01-10 03:00:00+01:00,101_STEAM_3,0.0
2030,sc01,01-10 03:00:00+01:00,113_CT_2,0.0
2030,sc01,01-10 03:00:00+01:00,113_CT_3,0.0
2030,sc01,01-10 03:00:00+01:00,113_CT_4,0.0
2030,sc01,01-10 03:00:00+01:00,121_NUCLEAR_1,0.0
2030,sc01,01-10 03:00:00+01:00,102_CT_1,0.0
2030,sc01,01-10 03:00:00+01:00,107_CC_1,0.0
2030,sc01,01-10 03:00:00+01:00,101_STEAM_4,0.0
2030,sc01,01-10 03:00:00+01:00,102_STEAM_3,0.0
2030,sc01,01-10 03:00:00+01:00,123_CT_5,0.0
2030,sc01,01-10 03:00:00+01:00,115_STEAM_1,0.0
2030,sc01,01-10 03:00:00+01:00,115_STEAM_2,0.0
2030,sc01,01-10 03:00:00+01:00,115_STEAM_3,0.0
2030,sc01,01-10 03:00:00+01:00,102_CT_2,0.0
2030,sc01,01-10 03:00:00+01:00,101_CT_1,0.0
2030,sc01,01-10 03:00:00+01:00,123_STEAM_3,0.0
2030,sc01,01-10 03:00:00+01:00,113_CT_1,0.0
2030,sc01,01-10 03:00:00+01:00,118_CC_1,0.0
2030,sc01,01-10 03:00:00+01:00,116_STEAM_1,0.0
2030,sc01,01-10 03:00:00+01:00,102_STEAM_4,0.0
2030,sc01,01-10 03:00:00+01:00,101_CT_2,0.0
2030,sc01,01-10 03:00:00+01:00,123_CT_4,0.0
2030,sc01,01-21 15:00:00+01:00,123_CT_1,0.0
2030,sc01,01-21 15:00:00+01:00,123_STEAM_2,0.0
2030,sc01,01-21 15:00:00+01:00,101_STEAM_3,0.0
2030,sc01,01-21 15:00:00+01:00,113_CT_2,0.0
2030,sc01,01-21 15:00:00+01:00,113_CT_3,0.0
2030,sc01,01-21 15:00:00+01:00,113_CT_4,0.0
2030,sc01,01-21 15:00:00+01:00,121_NUCLEAR_1,1.0
2030,sc01,01-21 15:00:00+01:00,102_CT_1,0.0
2030,sc01,01-21 15:00:00+01:00,107_CC_1,1.0
2030,sc01,01-21 15:00:00+01:00,101_STEAM_4,1.0
2030,sc01,01-21 15:00:00+01:00,102_STEAM_3,0.0
2030,sc01,01-21 15:00:00+01:00,123_CT_5,0.0
2030,sc01,01-21 15:00:00+01:00,115_STEAM_1,0.0
2030,sc01,01-21 15:00:00+01:00,115_STEAM_2,0.0
2030,sc01,01-21 15:00:00+01:00,115_STEAM_3,1.0
2030,sc01,01-21 15:00:00+01:00,102_CT_2,0.0
2030,sc01,01-21 15:00:00+01:00,101_CT_1,0.0
2030,sc01,01-21 15:00:00+01:00,123_STEAM_3,0.0
2030,sc01,01-21 15:00:00+01:00,113_CT_1,0.0
2030,sc01,01-21 15:00:00+01:00,118_CC_1,0.0
2030,sc01,01-21 15:00:00+01:00,116_STEAM_1,0.0
2030,sc01,01-21 15:00:00+01:00,102_STEAM_4,0.0
2030,sc01,01-21 15:00:00+01:00,101_CT_2,0.0
2030,sc01,01-21 15:00:00+01:00,123_CT_4,0.0
2030,sc01,01-29 08:00:00+01:00,123_CT_1,0.0
2030,sc01,01-29 08:00:00+01:00,123_STEAM_2,1.0
2030,sc01,01-29 08:00:00+01:00,101_STEAM_3,1.0
2030,sc01,01-29 08:00:00+01:00,113_CT_2,0.0
2030,sc01,01-29 08:00:00+01:00,113_CT_3,0.0
2030,sc01,01-29 08:00:00+01:00,113_CT_4,0.0
2030,sc01,01-29 08:00:00+01:00,121_NUCLEAR_1,1.0
2030,sc01,01-29 08:00:00+01:00,102_CT_1,0.0
2030,sc01,01-29 08:00:00+01:00,107_CC_1,0.0
2030,sc01,01-29 08:00:00+01:00,101_STEAM_4,1.0
2030,sc01,01-29 08:00:00+01:00,102_STEAM_3,1.0
2030,sc01,01-29 08:00:00+01:00,123_CT_5,0.0
2030,sc01,01-29 08:00:00+01:00,115_STEAM_1,0.0
2030,sc01,01-29 08:00:00+01:00,115_STEAM_2,0.0
2030,sc01,01-29 08:00:00+01:00,115_STEAM_3,0.0
2030,sc01,01-29 08:00:00+01:00,102_CT_2,0.0
2030,sc01,01-29 08:00:00+01:00,101_CT_1,0.0
2030,sc01,01-29 08:00:00+01:00,123_STEAM_3,1.0
2030,sc01,01-29 08:00:00+01:00,113_CT_1,0.0
2030,sc01,01-29 08:00:00+01:00,118_CC_1,1.0
2030,sc01,01-29 08:00:00+01:00,116_STEAM_1,1.0
2030,sc01,01-29 08:00:00+01:00,102_STEAM_4,1.0
2030,sc01,01-29 08:00:00+01:00,101_CT_2,0.0
2030,sc01,01-29 08:00:00+01:00,123_CT_4,0.0
2030,sc01,01-31 16:00:00+01:00,123_CT_1,0.0
2030,sc01,01-31 16:00:00+01:00,123_STEAM_2,0.0
2030,sc01,01-31 16:00:00+01:00,101_STEAM_3,0.0
2030,sc01,01-31 16:00:00+01:00,113_CT_2,0.0
2030,sc01,01-31 16:00:00+01:00,113_CT_3,0.0
2030,sc01,01-31 16:00:00+01:00,113_CT_4,0.0
2030,sc01,01-31 16:00:00+01:00,121_NUCLEAR_1,0.0
2030,sc01,01-31 16:00:00+01:00,102_CT_1,0.0
2030,sc01,01-31 16:00:00+01:00,107_CC_1,0.0
2030,sc01,01-31 16:00:00+01:00,101_STEAM_4,0.0
2030,sc01,01-31 16:00:00+01:00,102_STEAM_3,1.0
2030,sc01,01-31 16:00:00+01:00,123_CT_5,0.0
2030,sc01,01-31 16:00:00+01:00,115_STEAM_1,0.0
2030,sc01,01-31 16:00:00+01:00,115_STEAM_2,0.0
2030,sc01,01-31 16:00:00+01:00,115_STEAM_3,0.0
2030,sc01,01-31 16:00:00+01:00,102_CT_2,0.0
2030,sc01,01-31 16:00:00+01:00,101_CT_1,0.0
2030,sc01,01-31 16:00:00+01:00,123_STEAM_3,0.0
2030,sc01,01-31 16:00:00+01:00,113_CT_1,0.0
2030,sc01,01-31 16:00:00+01:00,118_CC_1,0.0
2030,sc01,01-31 16:00:00+01:00,116_STEAM_1,0.0
2030,sc01,01-31 16:00:00+01:00,102_STEAM_4,0.0
2030,sc01,01-31 16:00:00+01:00,101_CT_2,0.0
2030,sc01,01-31 16:00:00+01:00,123_CT_4,0.0
2030,sc01,02-04 05:00:00+01:00,123_CT_1,0.0
2030,sc01,02-04 05:00:00+01:00,123_STEAM_2,0.0
2030,sc01,02-04 05:00:00+01:00,101_STEAM_3,0.0
2030,sc01,02-04 05:00:00+01:00,113_CT_2,0.0
2030,sc01,02-04 05:00:00+01:00,113_CT_3,0.0
2030,sc01,02-04 05:00:00+01:00,113_CT_4,0.0
2030,sc01,02-04 05:00:00+01:00,121_NUCLEAR_1,0.0
2030,sc01,02-04 05:00:00+01:00,102_CT_1,0.0
2030,sc01,02-04 05:00:00+01:00,107_CC_1,0.0
2030,sc01,02-04 05:00:00+01:00,101_STEAM_4,0.0
2030,sc01,02-04 05:00:00+01:00,102_STEAM_3,0.0
2030,sc01,02-04 05:00:00+01:00,123_CT_5,0.0
2030,sc01,02-04 05:00:00+01:00,115_STEAM_1,0.0
2030,sc01,02-04 05:00:00+01:00,115_STEAM_2,0.0
2030,sc01,02-04 05:00:00+01:00,115_STEAM_3,0.0
2030,sc01,02-04 05:00:00+01:00,102_CT_2,0.0
2030,sc01,02-04 05:00:00+01:00,101_CT_1,0.0
2030,sc01,02-04 05:00:00+01:00,123_STEAM_3,0.0
2030,sc01,02-04 05:00:00+01:00,113_CT_1,0.0
2030,sc01,02-04 05:00:00+01:00,118_CC_1,0.0
2030,sc01,02-04 05:00:00+01:00,116_STEAM_1,0.0
2030,sc01,02-04 05:00:00+01:00,102_STEAM_4,0.0
2030,sc01,02-04 05:00:00+01:00,101_CT_2,0.0
2030,sc01,02-04 05:00:00+01:00,123_CT_4,0.0
2030,sc01,02-04 14:00:00+01:00,123_CT_1,0.0
2030,sc01,02-04 14:00:00+01:00,123_STEAM_2,0.0
2030,sc01,02-04 14:00:00+01:00,101_STEAM_3,0.0
2030,sc01,02-04 14:00:00+01:00,113_CT_2,0.0
2030,sc01,02-04 14:00:00+01:00,113_CT_3,0.0
2030,sc01,02-04 14:00:00+01:00,113_CT_4,0.0
2030,sc01,02-04 14:00:00+01:00,121_NUCLEAR_1,0.6125418925248854
2030,sc01,02-04 14:00:00+01:00,102_CT_1,0.0
2030,sc01,02-04 14:00:00+01:00,107_CC_1,1.0
2030,sc01,02-04 14:00:00+01:00,101_STEAM_4,0.0
2030,sc01,02-04 14:00:00+01:00,102_STEAM_3,0.0
2030,sc01,02-04 14:00:00+01:00,123_CT_5,0.0
2030,sc01,02-04 14:00:00+01:00,115_STEAM_1,0.0
2030,sc01,02-04 14:00:00+01:00,115_STEAM_2,0.0
2030,sc01,02-04 14:00:00+01:00,115_STEAM_3,1.0
2030,sc01,02-04 14:00:00+01:00,102_CT_2,0.0
2030,sc01,02-04 14:00:00+01:00,101_CT_1,0.0
2030,sc01,02-04 14:00:00+01:00,123_STEAM_3,0.0
2030,sc01,02-04 14:00:00+01:00,113_CT_1,0.0
2030,sc01,02-04 14:00:00+01:00,118_CC_1,0.0
2030,sc01,02-04 14:00:00+01:00,116_STEAM_1,0.0
2030,sc01,02-04 14:00:00+01:00,102_STEAM_4,0.0
2030,sc01,02-04 14:00:00+01:00,101_CT_2,0.0
2030,sc01,02-04 14:00:00+01:00,123_CT_4,0.0
2030,sc01,02-07 03:00:00+01:00,123_CT_1,0.0
2030,sc01,02-07 03:00:00+01:00,123_STEAM_2,0.0
2030,sc01,02-07 03:00:00+01:00,101_STEAM_3,0.0
2030,sc01,02-07 03:00:00+01:00,113_CT_2,0.0
2030,sc01,02-07 03:00:00+01:00,113_CT_3,0.0
2030,sc01,02-07 03:00:00+01:00,113_CT_4,0.0
2030,sc01,02-07 03:00:00+01:00,121_NUCLEAR_1,0.38745810747511455
2030,sc01,02-07 03:00:00+01:00,102_CT_1,0.0
2030,sc01,02-07 03:00:00+01:00,107_CC_1,0.0
2030,sc01,02-07 03:00:00+01:00,101_STEAM_4,0.0
2030,sc01,02-07 03:00:00+01:00,102_STEAM_3,0.0
2030,sc01,02-07 03:00:00+01:00,123_CT_5,0.0
2030,sc01,02-07 03:00:00+01:00,115_STEAM_1,0.0
2030,sc01,02-07 03:00:00+01:00,115_STEAM_2,0.0
2030,sc01,02-07 03:00:00+01:00,115_STEAM_3,0.0
2030,sc01,02-07 03:00:00+01:00,102_CT_2,0.0
2030,sc01,02-07 03:00:00+01:00,101_CT_1,0.0
2030,sc01,02-07 03:00:00+01:00,123_STEAM_3,0.0
2030,sc01,02-07 03:00:00+01:00,113_CT_1,0.0
2030,sc01,02-07 03:00:00+01:00,118_CC_1,0.0
2030,sc01,02-07 03:00:00+01:00,116_STEAM_1,0.0
2030,sc01,02-07 03:00:00+01:00,102_STEAM_4,0.0
2030,sc01,02-07 03:00:00+01:00,101_CT_2,0.0
2030,sc01,02-07 03:00:00+01:00,123_CT_4,0.0
2030,sc01,02-08 23:00:00+01:00,123_CT_1,0.0
2030,sc01,02-08 23:00:00+01:00,123_STEAM_2,0.0
2030,sc01,02-08 23:00:00+01:00,101_STEAM_3,0.0
2030,sc01,02-08 23:00:00+01:00,113_CT_2,0.0
2030,sc01,02-08 23:00:00+01:00,113_CT_3,0.0
2030,sc01,02-08 23:00:00+01:00,113_CT_4,0.0
2030,sc01,02-08 23:00:00+01:00,121_NUCLEAR_1,0.0
2030,sc01,02-08 23:00:00+01:00,102_CT_1,0.0
2030,sc01,02-08 23:00:00+01:00,107_CC_1,0.0
2030,sc01,02-08 23:00:00+01:00,101_STEAM_4,0.0
2030,sc01,02-08 23:00:00+01:00,102_STEAM_3,0.0
2030,sc01,02-08 23:00:00+01:00,123_CT_5,0.0
2030,sc01,02-08 23:00:00+01:00,115_STEAM_1,0.0
2030,sc01,02-08 23:00:00+01:00,115_STEAM_2,0.0
2030,sc01,02-08 23:00:00+01:00,115_STEAM_3,0.0
2030,sc01,02-08 23:00:00+01:00,102_CT_2,0.0
2030,sc01,02-08 23:00:00+01:00,101_CT_1,0.0
2030,sc01,02-08 23:00:00+01:00,123_STEAM_3,0.0
2030,sc01,02-08 23:00:00+01:00,113_CT_1,0.0
2030,sc01,02-08 23:00:00+01:00,118_CC_1,0.0
2030,sc01,02-08 23:00:00+01:00,116_STEAM_1,0.0
2030,sc01,02-08 23:00:00+01:00,102_STEAM_4,0.0
2030,sc01,02-08 23:00:00+01:00,101_CT_2,0.0
2030,sc01,02-08 23:00:00+01:00,123_CT_4,0.0
2030,sc01,02-11 09:00:00+01:00,123_CT_1,0.0
2030,sc01,02-11 09:00:00+01:00,123_STEAM_2,0.0
2030,sc01,02-11 09:00:00+01:00,101_STEAM_3,1.0
2030,sc01,02-11 09:00:00+01:00,113_CT_2,0.0
2030,sc01,02-11 09:00:00+01:00,113_CT_3,0.0
2030,sc01,02-11 09:00:00+01:00,113_CT_4,0.0
2030,sc01,02-11 09:00:00+01:00,121_NUCLEAR_1,1.0
2030,sc01,02-11 09:00:00+01:00,102_CT_1,0.0
2030,sc01,02-11 09:00:00+01:00,107_CC_1,1.0
2030,sc01,02-11 09:00:00+01:00,101_STEAM_4,1.0
2030,sc01,02-11 09:00:00+01:00,102_STEAM_3,0.0
2030,sc01,02-11 09:00:00+01:00,123_CT_5,0.0
2030,sc01,02-11 09:00:00+01:00,115_STEAM_1,0.0
2030,sc01,02-11 09:00:00+01:00,115_STEAM_2,0.0
2030,sc01,02-11 09:00:00+01:00,115_STEAM_3,1.0
2030,sc01,02-11 09:00:00+01:00,102_CT_2,0.0
2030,sc01,02-11 09:00:00+01:00,101_CT_1,0.0
2030,sc01,02-11 09:00:00+01:00,123_STEAM_3,0.0
2030,sc01,02-11 09:00:00+01:00,113_CT_1,0.0
2030,sc01,02-11 09:00:00+01:00,118_CC_1,0.0
2030,sc01,02-11 09:00:00+01:00,116_STEAM_1,0.0
2030,sc01,02-11 09:00:00+01:00,102_STEAM_4,0.0
2030,sc01,02-11 09:00:00+01:00,101_CT_2,0.0
2030,sc01,02-11 09:00:00+01:00,123_CT_4,0.0
2030,sc01,02-15 21:00:00+01:00,123_CT_1,0.0
2030,sc01,02-15 21:00:00+01:00,123_STEAM_2,0.0
2030,sc01,02-15 21:00:00+01:00,101_STEAM_3,0.0
2030,sc01,02-15 21:00:00+01:00,113_CT_2,0.0
2030,sc01,02-15 21:00:00+01:00,113_CT_3,0.0
2030,sc01,02-15 21:00:00+01:00,113_CT_4,0.0
2030,sc01,02-15 21:00:00+01:00,121_NUCLEAR_1,0.0
2030,sc01,02-15 21:00:00+01:00,102_CT_1,0.0
2030,sc01,02-15 21:00:00+01:00,107_CC_1,0.0
2030,sc01,02-15 21:00:00+01:00,101_STEAM_4,0.0
2030,sc01,02-15 21:00:00+01:00,102_STEAM_3,0.0
2030,sc01,02-15 21:00:00+01:00,123_CT_5,0.0
2030,sc01,02-15 21:00:00+01:00,115_STEAM_1,0.0
2030,sc01,02-15 21:00:00+01:00,115_STEAM_2,0.0
2030,sc01,02-15 21:00:00+01:00,115_STEAM_3,0.07232177194804368
2030,sc01,02-15 21:00:00+01:00,102_CT_2,0.0
2030,sc01,02-15 21:00:00+01:00,101_CT_1,0.0
2030,sc01,02-15 21:00:00+01:00,123_STEAM_3,0.0
2030,sc01,02-15 21:00:00+01:00,113_CT_1,0.0
2030,sc01,02-15 21:00:00+01:00,118_CC_1,0.0
2030,sc01,02-15 21:00:00+01:00,116_STEAM_1,0.0
2030,sc01,02-15 21:00:00+01:00,102_STEAM_4,0.0
2030,sc01,02-15 21:00:00+01:00,101_CT_2,0.0
2030,sc01,02-15 21:00:00+01:00,123_CT_4,0.0
2030,sc01,03-02 02:00:00+01:00,123_CT_1,0.0
2030,sc01,03-02 02:00:00+01:00,123_STEAM_2,0.0
2030,sc01,03-02 02:00:00+01:00,101_STEAM_3,0.0
2030,sc01,03-02 02:00:00+01:00,113_CT_2,0.0
2030,sc01,03-02 02:00:00+01:00,113_CT_3,0.0
2030,sc01,03-02 02:00:00+01:00,113_CT_4,0.0
2030,sc01,03-02 02:00:00+01:00,121_NUCLEAR_1,0.0
2030,sc01,03-02 02:00:00+01:00,102_CT_1,0.0
2030,sc01,03-02 02:00:00+01:00,107_CC_1,0.0
2030,sc01,03-02 02:00:00+01:00,101_STEAM_4,0.0
2030,sc01,03-02 02:00:00+01:00,102_STEAM_3,0.0
2030,sc01,03-02 02:00:00+01:00,123_CT_5,0.0
2030,sc01,03-02 02:00:00+01:00,115_STEAM_1,0.0
2030,sc01,03-02 02:00:00+01:00,115_STEAM_2,0.0
2030,sc01,03-02 02:00:00+01:00,115_STEAM_3,0.0
2030,sc01,03-02 02:00:00+01:00,102_CT_2,0.0
2030,sc01,03-02 02:00:00+01:00,101_CT_1,0.0
2030,sc01,03-02 02:00:00+01:00,123_STEAM_3,0.0
2030,sc01,03-02 02:00:00+01:00,113_CT_1,0.0
2030,sc01,03-02 02:00:00+01:00,118_CC_1,0.0
2030,sc01,03-02 02:00:00+01:00,116_STEAM_1,0.0
2030,sc01,03-02 02:00:00+01:00,102_STEAM_4,0.0
2030,sc01,03-02 02:00:00+01:00,101_CT_2,0.0
2030,sc01,03-02 02:00:00+01:00,123_CT_4,0.0
2030,sc01,03-03 18:00:00+01:00,123_CT_1,0.0
2030,sc01,03-03 18:00:00+01:00,123_STEAM_2,0.0
2030,sc01,03-03 18:00:00+01:00,101_STEAM_3,0.0
2030,sc01,03-03 18:00:00+01:00,113_CT_2,0.0
2030,sc01,03-03 18:00:00+01:00,113_CT_3,0.0
2030,sc01,03-03 18:00:00+01:00,113_CT_4,0.0
2030,sc01,03-03 18:00:00+01:00,121_NUCLEAR_1,1.0
2030,sc01,03-03 18:00:00+01:00,102_CT_1,0.0
2030,sc01,03-03 18:00:00+01:00,107_CC_1,1.0
2030,sc01,03-03 18:00:00+01:00,101_STEAM_4,0.0
2030,sc01,03-03 18:00:00+01:00,102_STEAM_3,0.0
2030,sc01,03-03 18:00:00+01:00,123_CT_5,0.0
2030,sc01,03-03 18:00:00+01:00,115_STEAM_1,0.0
2030,sc01,03-03 18:00:00+01:00,115_STEAM_2,0.0
2030,sc01,03-03 18:00:00+01:00,115_STEAM_3,1.0
2030,sc01,03-03 18:00:00+01:00,102_CT_2,0.0
2030,sc01,03-03 18:00:00+01:00,101_CT_1,0.0
2030,sc01,03-03 18:00:00+01:00,123_STEAM_3,0.0
2030,sc01,03-03 18:00:00+01:00,113_CT_1,0.0
2030,sc01,03-03 18:00:00+01:00,118_CC_1,0.0
2030,sc01,03-03 18:00:00+01:00,116_STEAM_1,0.0
2030,sc01,03-03 18:00:00+01:00,102_STEAM_4,0.0
2030,sc01,03-03 18:00:00+01:00,101_CT_2,0.0
2030,sc01,03-03 18:00:00+01:00,123_CT_4,0.0
2030,sc01,03-06 13:00:00+01:00,123_CT_1,0.0
2030,sc01,03-06 13:00:00+01:00,123_STEAM_2,0.0
2030,sc01,03-06 13:00:00+01:00,101_STEAM_3,0.0
2030,sc01,03-06 13:00:00+01:00,113_CT_2,0.0
2030,sc01,03-06 13:00:00+01:00,113_CT_3,0.0
2030,sc01,03-06 13:00:00+01:00,113_CT_4,0.0
2030,sc01,03-06 13:00:00+01:00,121_NUCLEAR_1,1.0
2030,sc01,03-06 13:00:00+01:00,102_CT_1,0.0
2030,sc01,03-06 13:00:00+01:00,107_CC_1,0.0
2030,sc01,03-06 13:00:00+01:00,101_STEAM_4,0.0
2030,sc01,03-06 13:00:00+01:00,102_STEAM_3,0.0
2030,sc01,03-06 13:00:00+01:00,123_CT_5,0.0
2030,sc01,03-06 13:00:00+01:00,115_STEAM_1,0.0
2030,sc01,03-06 13:00:00+01:00,115_STEAM_2,0.0
2030,sc01,03-06 13:00:00+01:00,115_STEAM_3,0.7645231871094402
2030,sc01,03-06 13:00:00+01:00,102_CT_2,0.0
2030,sc01,03-06 13:00:00+01:00,101_CT_1,0.0
2030,sc01,03-06 13:00:00+01:00,123_STEAM_3,0.0
2030,sc01,03-06 13:00:00+01:00,113_CT_1,0.0
2030,sc01,03-06 13:00:00+01:00,118_CC_1,0.0
2030,sc01,03-06 13:00:00+01:00,116_STEAM_1,0.0
2030,sc01,03-06 13:00:00+01:00,102_STEAM_4,0.0
2030,sc01,03-06 13:00:00+01:00,101_CT_2,0.0
2030,sc01,03-06 13:00:00+01:00,123_CT_4,0.0
2030,sc01,03-07 08:00:00+01:00,123_CT_1,0.0
2030,sc01,03-07 08:00:00+01:00,123_STEAM_2,0.0
2030,sc01,03-07 08:00:00+01:00,101_STEAM_3,1.0
2030,sc01,03-07 08:00:00+01:00,113_CT_2,0.0
2030,sc01,03-07 08:00:00+01:00,113_CT_3,0.0
2030,sc01,03-07 08:00:00+01:00,113_CT_4,0.0
2030,sc01,03-07 08:00:00+01:00,121_NUCLEAR_1,1.0
2030,sc01,03-07 08:00:00+01:00,102_CT_1,0.0
2030,sc01,03-07 08:00:00+01:00,107_CC_1,0.0
2030,sc01,03-07 08:00:00+01:00,101_STEAM_4,0.0
2030,sc01,03-07 08:00:00+01:00,102_STEAM_3,0.0
2030,sc01,03-07 08:00:00+01:00,123_CT_5,0.0
2030,sc01,03-07 08:00:00+01:00,115_STEAM_1,0.0
2030,sc01,03-07 08:00:00+01:00,115_STEAM_2,0.0
2030,sc01,03-07 08:00:00+01:00,115_STEAM_3,0.0
2030,sc01,03-07 08:00:00+01:00,102_CT_2,0.0
2030,sc01,03-07 08:00:00+01:00,101_CT_1,0.0
2030,sc01,03-07 08:00:00+01:00,123_STEAM_3,0.0
2030,sc01,03-07 08:00:00+01:00,113_CT_1,0.0
2030,sc01,03-07 08:00:00+01:00,118_CC_1,1.0
2030,sc01,03-07 08:00:00+01:00,116_STEAM_1,0.0
2030,sc01,03-07 08:00:00+01:00,102_STEAM_4,0.0
2030,sc01,03-07 08:00:00+01:00,101_CT_2,0.0
2030,sc01,03-07 08:00:00+01:00,123_CT_4,0.0
2030,sc01,03-07 18:00:00+01:00,123_CT_1,0.0
2030,sc01,03-07 18:00:00+01:00,123_STEAM_2,0.0
2030,sc01,03-07 18:00:00+01:00,101_STEAM_3,1.0
2030,sc01,03-07 18:00:00+01:00,113_CT_2,0.0
2030,sc01,03-07 18:00:00+01:00,113_CT_3,0.0
2030,sc01,03-07 18:00:00+01:00,113_CT_4,0.0
2030,sc01,03-07 18:00:00+01:00,121_NUCLEAR_1,0.844975362122368
2030,sc01,03-07 18:00:00+01:00,102_CT_1,0.0
2030,sc01,03-07 18:00:00+01:00,107_CC_1,0.0
2030,sc01,03-07 18:00:00+01:00,101_STEAM_4,1.0
2030,sc01,03-07 18:00:00+01:00,102_STEAM_3,0.0
2030,sc01,03-07 18:00:00+01:00,123_CT_5,0.0
2030,sc01,03-07 18:00:00+01:00,115_STEAM_1,0.0
2030,sc01,03-07 18:00:00+01:00,115_STEAM_2,0.0
2030,sc01,03-07 18:00:00+01:00,115_STEAM_3,0.0
2030,sc01,03-07 18:00:00+01:00,102_CT_2,0.0
2030,sc01,03-07 18:00:00+01:00,101_CT_1,0.0
2030,sc01,03-07 18:00:00+01:00,123_STEAM_3,0.0
2030,sc01,03-07 18:00:00+01:00,113_CT_1,0.0
2030,sc01,03-07 18:00:00+01:00,118_CC_1,0.0
2030,sc01,03-07 18:00:00+01:00,116_STEAM_1,0.0
2030,sc01,03-07 18:00:00+01:00,102_STEAM_4,0.0
2030,sc01,03-07 18:00:00+01:00,101_CT_2,0.0
2030,sc01,03-07 18:00:00+01:00,123_CT_4,0.0
2030,sc01,03-07 22:00:00+01:00,123_CT_1,0.0
2030,sc01,03-07 22:00:00+01:00,123_STEAM_2,0.0
2030,sc01,03-07 22:00:00+01:00,101_STEAM_3,0.0
2030,sc01,03-07 22:00:00+01:00,113_CT_2,0.0
2030,sc01,03-07 22:00:00+01:00,113_CT_3,0.0
2030,sc01,03-07 22:00:00+01:00,113_CT_4,0.0
2030,sc01,03-07 22:00:00+01:00,121_NUCLEAR_1,0.0
2030,sc01,03-07 22:00:00+01:00,102_CT_1,0.0
2030,sc01,03-07 22:00:00+01:00,107_CC_1,0.0
2030,sc01,03-07 22:00:00+01:00,101_STEAM_4,0.0
2030,sc01,03-07 22:00:00+01:00,102_STEAM_3,0.0
2030,sc01,03-07 22:00:00+01:00,123_CT_5,0.0
2030,sc01,03-07 22:00:00+01:00,115_STEAM_1,0.0
2030,sc01,03-07 22:00:00+01:00,115_STEAM_2,0.0
2030,sc01,03-07 22:00:00+01:00,115_STEAM_3,0.0
2030,sc01,03-07 22:00:00+01:00,102_CT_2,0.0
2030,sc01,03-07 22:00:00+01:00,101_CT_1,0.0
2030,sc01,03-07 22:00:00+01:00,123_STEAM_3,0.0
2030,sc01,03-07 22:00:00+01:00,113_CT_1,0.0
2030,sc01,03-07 22:00:00+01:00,118_CC_1,0.0
2030,sc01,03-07 22:00:00+01:00,116_STEAM_1,0.0
2030,sc01,03-07 22:00:00+01:00,102_STEAM_4,0.0
2030,sc01,03-07 22:00:00+01:00,101_CT_2,0.0
2030,sc01,03-07 22:00:00+01:00,123_CT_4,0.0
2030,sc01,03-11 09:00:00+01:00,123_CT_1,0.0
2030,sc01,03-11 09:00:00+01:00,123_STEAM_2,1.0
2030,sc01,03-11 09:00:00+01:00,101_STEAM_3,0.0
2030,sc01,03-11 09:00:00+01:00,113_CT_2,0.0
2030,sc01,03-11 09:00:00+01:00,113_CT_3,0.0
2030,sc01,03-11 09:00:00+01:00,113_CT_4,0.0
2030,sc01,03-11 09:00:00+01:00,121_NUCLEAR_1,1.0
2030,sc01,03-11 09:00:00+01:00,102_CT_1,0.0
2030,sc01,03-11 09:00:00+01:00,107_CC_1,1.0
2030,sc01,03-11 09:00:00+01:00,101_STEAM_4,0.0
2030,sc01,03-11 09:00:00+01:00,102_STEAM_3,0.0
2030,sc01,03-11 09:00:00+01:00,123_CT_5,0.0
2030,sc01,03-11 09:00:00+01:00,115_STEAM_1,0.0
2030,sc01,03-11 09:00:00+01:00,115_STEAM_2,0.0
2030,sc01,03-11 09:00:00+01:00,115_STEAM_3,1.0
2030,sc01,03-11 09:00:00+01:00,102_CT_2,0.0
2030,sc01,03-11 09:00:00+01:00,101_CT_1,0.0
2030,sc01,03-11 09:00:00+01:00,123_STEAM_3,0.0
2030,sc01,03-11 09:00:00+01:00,113_CT_1,0.0
2030,sc01,03-11 09:00:00+01:00,118_CC_1,1.0
2030,sc01,03-11 09:00:00+01:00,116_STEAM_1,1.0
2030,sc01,03-11 09:00:00+01:00,102_STEAM_4,0.0
2030,sc01,03-11 09:00:00+01:00,101_CT_2,0.0
2030,sc01,03-11 09:00:00+01:00,123_CT_4,0.0
2030,sc01,03-21 02:00:00+01:00,123_CT_1,0.0
2030,sc01,03-21 02:00:00+01:00,123_STEAM_2,0.0
2030,sc01,03-21 02:00:00+01:00,101_STEAM_3,0.0
2030,sc01,03-21 02:00:00+01:00,113_CT_2,0.0
2030,sc01,03-21 02:00:00+01:00,113_CT_3,0.0
2030,sc01,03-21 02:00:00+01:00,113_CT_4,0.0
2030,sc01,03-21 02:00:00+01:00,121_NUCLEAR_1,0.0
2030,sc01,03-21 02:00:00+01:00,102_CT_1,0.0
2030,sc01,03-21 02:00:00+01:00,107_CC_1,0.0
2030,sc01,03-21 02:00:00+01:00,101_STEAM_4,0.0
2030,sc01,03-21 02:00:00+01:00,102_STEAM_3,0.0
2030,sc01,03-21 02:00:00+01:00,123_CT_5,0.0
2030,sc01,03-21 02:00:00+01:00,115_STEAM_1,0.0
2030,sc01,03-21 02:00:00+01:00,115_STEAM_2,0.0
2030,sc01,03-21 02:00:00+01:00,115_STEAM_3,0.0
2030,sc01,03-21 02:00:00+01:00,102_CT_2,0.0
2030,sc01,03-21 02:00:00+01:00,101_CT_1,0.0
2030,sc01,03-21 02:00:00+01:00,123_STEAM_3,0.0
2030,sc01,03-21 02:00:00+01:00,113_CT_1,0.0
2030,sc01,03-21 02:00:00+01:00,118_CC_1,0.0
2030,sc01,03-21 02:00:00+01:00,116_STEAM_1,0.0
2030,sc01,03-21 02:00:00+01:00,102_STEAM_4,0.0
2030,sc01,03-21 02:00:00+01:00,101_CT_2,0.0
2030,sc01,03-21 02:00:00+01:00,123_CT_4,0.0
2030,sc01,03-21 07:00:00+01:00,123_CT_1,0.0
2030,sc01,03-21 07:00:00+01:00,123_STEAM_2,0.0
2030,sc01,03-21 07:00:00+01:00,101_STEAM_3,0.0
2030,sc01,03-21 07:00:00+01:00,113_CT_2,0.0
2030,sc01,03-21 07:00:00+01:00,113_CT_3,0.0
2030,sc01,03-21 07:00:00+01:00,113_CT_4,0.0
2030,sc01,03-21 07:00:00+01:00,121_NUCLEAR_1,0.5446778370818259
2030,sc01,03-21 07:00:00+01:00,102_CT_1,0.0
2030,sc01,03-21 07:00:00+01:00,107_CC_1,1.0
2030,sc01,03-21 07:00:00+01:00,101_STEAM_4,0.48758183703192354
2030,sc01,03-21 07:00:00+01:00,102_STEAM_3,0.0
2030,sc01,03-21 07:00:00+01:00,123_CT_5,0.0
2030,sc01,03-21 07:00:00+01:00,115_STEAM_1,0.0
2030,sc01,03-21 07:00:00+01:00,115_STEAM_2,0.0
2030,sc01,03-21 07:00:00+01:00,115_STEAM_3,1.0
2030,sc01,03-21 07:00:00+01:00,102_CT_2,0.0
2030,sc01,03-21 07:00:00+01:00,101_CT_1,0.0
2030,sc01,03-21 07:00:00+01:00,123_STEAM_3,0.0
2030,sc01,03-21 07:00:00+01:00,113_CT_1,0.0
2030,sc01,03-21 07:00:00+01:00,118_CC_1,0.0
2030,sc01,03-21 07:00:00+01:00,116_STEAM_1,0.0
2030,sc01,03-21 07:00:00+01:00,102_STEAM_4,0.0
2030,sc01,03-21 07:00:00+01:00,101_CT_2,0.0
2030,sc01,03-21 07:00:00+01:00,123_CT_4,0.0
2030,sc01,04-02 22:00:00+02:00,123_CT_1,0.0
2030,sc01,04-02 22:00:00+02:00,123_STEAM_2,0.0
2030,sc01,04-02 22:00:00+02:00,101_STEAM_3,0.0
2030,sc01,04-02 22:00:00+02:00,113_CT_2,0.0
2030,sc01,04-02 22:00:00+02:00,113_CT_3,0.0
2030,sc01,04-02 22:00:00+02:00,113_CT_4,0.0
2030,sc01,04-02 22:00:00+02:00,121_NUCLEAR_1,0.0
2030,sc01,04-02 22:00:00+02:00,102_CT_1,0.0
2030,sc01,04-02 22:00:00+02:00,107_CC_1,0.0
2030,sc01,04-02 22:00:00+02:00,101_STEAM_4,0.0
2030,sc01,04-02 22:00:00+02:00,102_STEAM_3,0.0
2030,sc01,04-02 22:00:00+02:00,123_CT_5,0.0
2030,sc01,04-02 22:00:00+02:00,115_STEAM_1,0.0
2030,sc01,04-02 22:00:00+02:00,115_STEAM_2,0.0
2030,sc01,04-02 22:00:00+02:00,115_STEAM_3,0.0
2030,sc01,04-02 22:00:00+02:00,102_CT_2,0.0
2030,sc01,04-02 22:00:00+02:00,101_CT_1,0.0
2030,sc01,04-02 22:00:00+02:00,123_STEAM_3,0.0
2030,sc01,04-02 22:00:00+02:00,113_CT_1,0.0
2030,sc01,04-02 22:00:00+02:00,118_CC_1,0.0
2030,sc01,04-02 22:00:00+02:00,116_STEAM_1,0.0
2030,sc01,04-02 22:00:00+02:00,102_STEAM_4,0.0
2030,sc01,04-02 22:00:00+02:00,101_CT_2,0.0
2030,sc01,04-02 22:00:00+02:00,123_CT_4,0.0
2030,sc01,04-17 17:00:00+02:00,123_CT_1,0.0
2030,sc01,04-17 17:00:00+02:00,123_STEAM_2,0.0
2030,sc01,04-17 17:00:00+02:00,101_STEAM_3,0.0
2030,sc01,04-17 17:00:00+02:00,113_CT_2,0.0
2030,sc01,04-17 17:00:00+02:00,113_CT_3,0.0
2030,sc01,04-17 17:00:00+02:00,113_CT_4,0.0
2030,sc01,04-17 17:00:00+02:00,121_NUCLEAR_1,1.0
2030,sc01,04-17 17:00:00+02:00,102_CT_1,0.0
2030,sc01,04-17 17:00:00+02:00,107_CC_1,1.0
2030,sc01,04-17 17:00:00+02:00,101_STEAM_4,0.0
2030,sc01,04-17 17:00:00+02:00,102_STEAM_3,0.0
2030,sc01,04-17 17:00:00+02:00,123_CT_5,0.0
2030,sc01,04-17 17:00:00+02:00,115_STEAM_1,0.0
2030,sc01,04-17 17:00:00+02:00,115_STEAM_2,0.0
2030,sc01,04-17 17:00:00+02:00,115_STEAM_3,1.0
2030,sc01,04-17 17:00:00+02:00,102_CT_2,0.0
2030,sc01,04-17 17:00:00+02:00,101_CT_1,0.0
2030,sc01,04-17 17:00:00+02:00,123_STEAM_3,0.0
2030,sc01,04-17 17:00:00+02:00,113_CT_1,0.0
2030,sc01,04-17 17:00:00+02:00,118_CC_1,1.0
2030,sc01,04-17 17:00:00+02:00,116_STEAM_1,0.0
2030,sc01,04-17 17:00:00+02:00,102_STEAM_4,0.0
2030,sc01,04-17 17:00:00+02:00,101_CT_2,0.0
2030,sc01,04-17 17:00:00+02:00,123_CT_4,0.0
2030,sc01,04-20 18:00:00+02:00,123_CT_1,0.0
2030,sc01,04-20 18:00:00+02:00,123_STEAM_2,0.0
2030,sc01,04-20 18:00:00+02:00,101_STEAM_3,0.0
2030,sc01,04-20 18:00:00+02:00,113_CT_2,0.0
2030,sc01,04-20 18:00:00+02:00,113_CT_3,0.0
2030,sc01,04-20 18:00:00+02:00,113_CT_4,0.0
2030,sc01,04-20 18:00:00+02:00,121_NUCLEAR_1,0.0
2030,sc01,04-20 18:00:00+02:00,102_CT_1,0.0
2030,sc01,04-20 18:00:00+02:00,107_CC_1,0.0
2030,sc01,04-20 18:00:00+02:00,101_STEAM_4,0.0
2030,sc01,04-20 18:00:00+02:00,102_STEAM_3,0.0
2030,sc01,04-20 18:00:00+02:00,123_CT_5,0.0
2030,sc01,04-20 18:00:00+02:00,115_STEAM_1,0.0
2030,sc01,04-20 18:00:00+02:00,115_STEAM_2,0.0
2030,sc01,04-20 18:00:00+02:00,115_STEAM_3,0.0
2030,sc01,04-20 18:00:00+02:00,102_CT_2,0.0
2030,sc01,04-20 18:00:00+02:00,101_CT_1,0.0
2030,sc01,04-20 18:00:00+02:00,123_STEAM_3,0.0
2030,sc01,04-20 18:00:00+02:00,113_CT_1,0.0
2030,sc01,04-20 18:00:00+02:00,118_CC_1,1.0
2030,sc01,04-20 18:00:00+02:00,116_STEAM_1,0.0
2030,sc01,04-20 18:00:00+02:00,102_STEAM_4,0.0
2030,sc01,04-20 18:00:00+02:00,101_CT_2,0.0
2030,sc01,04-20 18:00:00+02:00,123_CT_4,0.0
2030,sc01,04-23 11:00:00+02:00,123_CT_1,0.0
2030,sc01,04-23 11:00:00+02:00,123_STEAM_2,0.0
2030,sc01,04-23 11:00:00+02:00,101_STEAM_3,0.0
2030,sc01,04-23 11:00:00+02:00,113_CT_2,0.0
2030,sc01,04-23 11:00:00+02:00,113_CT_3,0.0
2030,sc01,04-23 11:00:00+02:00,113_CT_4,0.0
2030,sc01,04-23 11:00:00+02:00,121_NUCLEAR_1,0.0
2030,sc01,04-23 11:00:00+02:00,102_CT_1,0.0
2030,sc01,04-23 11:00:00+02:00,107_CC_1,0.0
2030,sc01,04-23 11:00:00+02:00,101_STEAM_4,0.0
2030,sc01,04-23 11:00:00+02:00,102_STEAM_3,0.0
2030,sc01,04-23 11:00:00+02:00,123_CT_5,0.0
2030,sc01,04-23 11:00:00+02:00,115_STEAM_1,0.0
2030,sc01,04-23 11:00:00+02:00,115_STEAM_2,0.0
2030,sc01,04-23 11:00:00+02:00,115_STEAM_3,0.0
2030,sc01,04-23 11:00:00+02:00,102_CT_2,0.0
2030,sc01,04-23 11:00:00+02:00,101_CT_1,0.0
2030,sc01,04-23 11:00:00+02:00,123_STEAM_3,0.0
2030,sc01,04-23 11:00:00+02:00,113_CT_1,0.0
2030,sc01,04-23 11:00:00+02:00,118_CC_1,0.0
2030,sc01,04-23 11:00:00+02:00,116_STEAM_1,0.0
2030,sc01,04-23 11:00:00+02:00,102_STEAM_4,0.0
2030,sc01,04-23 11:00:00+02:00,101_CT_2,0.0
2030,sc01,04-23 11:00:00+02:00,123_CT_4,0.0
2030,sc01,04-30 10:00:00+02:00,123_CT_1,0.0
2030,sc01,04-30 10:00:00+02:00,123_STEAM_2,0.0
2030,sc01,04-30 10:00:00+02:00,101_STEAM_3,0.0
2030,sc01,04-30 10:00:00+02:00,113_CT_2,0.0
2030,sc01,04-30 10:00:00+02:00,113_CT_3,0.0
2030,sc01,04-30 10:00:00+02:00,113_CT_4,0.0
2030,sc01,04-30 10:00:00+02:00,121_NUCLEAR_1,0.049432846567953
2030,sc01,04-30 10:00:00+02:00,102_CT_1,0.0
2030,sc01,04-30 10:00:00+02:00,107_CC_1,0.0
2030,sc01,04-30 10:00:00+02:00,101_STEAM_4,0.0
2030,sc01,04-30 10:00:00+02:00,102_STEAM_3,0.0
2030,sc01,04-30 10:00:00+02:00,123_CT_5,0.0
2030,sc01,04-30 10:00:00+02:00,115_STEAM_1,0.0
2030,sc01,04-30 10:00:00+02:00,115_STEAM_2,0.0
2030,sc01,04-30 10:00:00+02:00,115_STEAM_3,0.0
2030,sc01,04-30 10:00:00+02:00,102_CT_2,0.0
2030,sc01,04-30 10:00:00+02:00,101_CT_1,0.0
2030,sc01,04-30 10:00:00+02:00,123_STEAM_3,0.0
2030,sc01,04-30 10:00:00+02:00,113_CT_1,0.0
2030,sc01,04-30 10:00:00+02:00,118_CC_1,0.0
2030,sc01,04-30 10:00:00+02:00,116_STEAM_1,0.0
2030,sc01,04-30 10:00:00+02:00,102_STEAM_4,0.0
2030,sc01,04-30 10:00:00+02:00,101_CT_2,0.0
2030,sc01,04-30 10:00:00+02:00,123_CT_4,0.0
2030,sc01,05-09 15:00:00+02:00,123_CT_1,0.0
2030,sc01,05-09 15:00:00+02:00,123_STEAM_2,0.0
2030,sc01,05-09 15:00:00+02:00,101_STEAM_3,0.0
2030,sc01,05-09 15:00:00+02:00,113_CT_2,0.0
2030,sc01,05-09 15:00:00+02:00,113_CT_3,0.0
2030,sc01,05-09 15:00:00+02:00,113_CT_4,0.0
2030,sc01,05-09 15:00:00+02:00,121_NUCLEAR_1,1.0
2030,sc01,05-09 15:00:00+02:00,102_CT_1,0.0
2030,sc01,05-09 15:00:00+02:00,107_CC_1,0.0
2030,sc01,05-09 15:00:00+02:00,101_STEAM_4,0.0
2030,sc01,05-09 15:00:00+02:00,102_STEAM_3,0.0
2030,sc01,05-09 15:00:00+02:00,123_CT_5,0.0
2030,sc01,05-09 15:00:00+02:00,115_STEAM_1,0.0
2030,sc01,05-09 15:00:00+02:00,115_STEAM_2,0.0
2030,sc01,05-09 15:00:00+02:00,115_STEAM_3,0.0
2030,sc01,05-09 15:00:00+02:00,102_CT_2,0.0
2030,sc01,05-09 15:00:00+02:00,101_CT_1,0.0
2030,sc01,05-09 15:00:00+02:00,123_STEAM_3,0.0
2030,sc01,05-09 15:00:00+02:00,113_CT_1,0.0
2030,sc01,05-09 15:00:00+02:00,118_CC_1,0.0
2030,sc01,05-09 15:00:00+02:00,116_STEAM_1,0.0
2030,sc01,05-09 15:00:00+02:00,102_STEAM_4,0.0
2030,sc01,05-09 15:00:00+02:00,101_CT_2,0.0
2030,sc01,05-09 15:00:00+02:00,123_CT_4,0.0
2030,sc01,05-10 17:00:00+02:00,123_CT_1,0.0
2030,sc01,05-10 17:00:00+02:00,123_STEAM_2,0.0
2030,sc01,05-10 17:00:00+02:00,101_STEAM_3,0.0
2030,sc01,05-10 17:00:00+02:00,113_CT_2,0.0
2030,sc01,05-10 17:00:00+02:00,113_CT_3,0.0
2030,sc01,05-10 17:00:00+02:00,113_CT_4,0.0
2030,sc01,05-10 17:00:00+02:00,121_NUCLEAR_1,0.0
2030,sc01,05-10 17:00:00+02:00,102_CT_1,0.0
2030,sc01,05-10 17:00:00+02:00,107_CC_1,1.0
2030,sc01,05-10 17:00:00+02:00,101_STEAM_4,0.0
2030,sc01,05-10 17:00:00+02:00,102_STEAM_3,0.0
2030,sc01,05-10 17:00:00+02:00,123_CT_5,0.0
2030,sc01,05-10 17:00:00+02:00,115_STEAM_1,0.0
2030,sc01,05-10 17:00:00+02:00,115_STEAM_2,0.0
2030,sc01,05-10 17:00:00+02:00,115_STEAM_3,0.0
2030,sc01,05-10 17:00:00+02:00,102_CT_2,0.0
2030,sc01,05-10 17:00:00+02:00,101_CT_1,0.0
2030,sc01,05-10 17:00:00+02:00,123_STEAM_3,0.0
2030,sc01,05-10 17:00:00+02:00,113_CT_1,0.0
2030,sc01,05-10 17:00:00+02:00,118_CC_1,0.0
2030,sc01,05-10 17:00:00+02:00,116_STEAM_1,0.0
2030,sc01,05-10 17:00:00+02:00,102_STEAM_4,0.0
2030,sc01,05-10 17:00:00+02:00,101_CT_2,0.0
2030,sc01,05-10 17:00:00+02:00,123_CT_4,0.0
2030,sc01,05-12 11:00:00+02:00,123_CT_1,0.0
2030,sc01,05-12 11:00:00+02:00,123_STEAM_2,0.0
2030,sc01,05-12 11:00:00+02:00,101_STEAM_3,0.0
2030,sc01,05-12 11:00:00+02:00,113_CT_2,0.0
2030,sc01,05-12 11:00:00+02:00,113_CT_3,0.0
2030,sc01,05-12 11:00:00+02:00,113_CT_4,0.0
2030,sc01,05-12 11:00:00+02:00,121_NUCLEAR_1,0.0
2030,sc01,05-12 11:00:00+02:00,102_CT_1,0.0
2030,sc01,05-12 11:00:00+02:00,107_CC_1,0.0
2030,sc01,05-12 11:00:00+02:00,101_STEAM_4,0.0
2030,sc01,05-12 11:00:00+02:00,102_STEAM_3,0.0
2030,sc01,05-12 11:00:00+02:00,123_CT_5,0.0
2030,sc01,05-12 11:00:00+02:00,115_STEAM_1,0.0
2030,sc01,05-12 11:00:00+02:00,115_STEAM_2,0.0
2030,sc01,05-12 11:00:00+02:00,115_STEAM_3,0.0
2030,sc01,05-12 11:00:00+02:00,102_CT_2,0.0
2030,sc01,05-12 11:00:00+02:00,101_CT_1,0.0
2030,sc01,05-12 11:00:00+02:00,123_STEAM_3,0.0
2030,sc01,05-12 11:00:00+02:00,113_CT_1,0.0
2030,sc01,05-12 11:00:00+02:00,118_CC_1,0.0
2030,sc01,05-12 11:00:00+02:00,116_STEAM_1,0.0
2030,sc01,05-12 11:00:00+02:00,102_STEAM_4,0.0
2030,sc01,05-12 11:00:00+02:00,101_CT_2,0.0
2030,sc01,05-12 11:00:00+02:00,123_CT_4,0.0
2030,sc01,05-14 14:00:00+02:00,123_CT_1,0.0
2030,sc01,05-14 14:00:00+02:00,123_STEAM_2,0.0
2030,sc01,05-14 14:00:00+02:00,101_STEAM_3,0.0
2030,sc01,05-14 14:00:00+02:00,113_CT_2,0.0
2030,sc01,05-14 14:00:00+02:00,113_CT_3,0.0
2030,sc01,05-14 14:00:00+02:00,113_CT_4,0.0
2030,sc01,05-14 14:00:00+02:00,121_NUCLEAR_1,0.0
2030,sc01,05-14 14:00:00+02:00,102_CT_1,0.0
2030,sc01,05-14 14:00:00+02:00,107_CC_1,0.0
2030,sc01,05-14 14:00:00+02:00,101_STEAM_4,0.0
2030,sc01,05-14 14:00:00+02:00,102_STEAM_3,0.0
2030,sc01,05-14 14:00:00+02:00,123_CT_5,0.0
2030,sc01,05-14 14:00:00+02:00,115_STEAM_1,0.0
2030,sc01,05-14 14:00:00+02:00,115_STEAM_2,0.0
2030,sc01,05-14 14:00:00+02:00,115_STEAM_3,0.0
2030,sc01,05-14 14:00:00+02:00,102_CT_2,0.0
2030,sc01,05-14 14:00:00+02:00,101_CT_1,0.0
2030,sc01,05-14 14:00:00+02:00,123_STEAM_3,0.0
2030,sc01,05-14 14:00:00+02:00,113_CT_1,0.0
2030,sc01,05-14 14:00:00+02:00,118_CC_1,0.0
2030,sc01,05-14 14:00:00+02:00,116_STEAM_1,0.0
2030,sc01,05-14 14:00:00+02:00,102_STEAM_4,0.0
2030,sc01,05-14 14:00:00+02:00,101_CT_2,0.0
2030,sc01,05-14 14:00:00+02:00,123_CT_4,0.0
2030,sc01,05-15 04:00:00+02:00,123_CT_1,0.0
2030,sc01,05-15 04:00:00+02:00,123_STEAM_2,0.0
2030,sc01,05-15 04:00:00+02:00,101_STEAM_3,0.0
2030,sc01,05-15 04:00:00+02:00,113_CT_2,0.0
2030,sc01,05-15 04:00:00+02:00,113_CT_3,0.0
2030,sc01,05-15 04:00:00+02:00,113_CT_4,0.0
2030,sc01,05-15 04:00:00+02:00,121_NUCLEAR_1,0.0
2030,sc01,05-15 04:00:00+02:00,102_CT_1,0.0
2030,sc01,05-15 04:00:00+02:00,107_CC_1,0.0
2030,sc01,05-15 04:00:00+02:00,101_STEAM_4,0.0
2030,sc01,05-15 04:00:00+02:00,102_STEAM_3,0.0
2030,sc01,05-15 04:00:00+02:00,123_CT_5,0.0
2030,sc01,05-15 04:00:00+02:00,115_STEAM_1,0.0
2030,sc01,05-15 04:00:00+02:00,115_STEAM_2,0.0
2030,sc01,05-15 04:00:00+02:00,115_STEAM_3,0.0
2030,sc01,05-15 04:00:00+02:00,102_CT_2,0.0
2030,sc01,05-15 04:00:00+02:00,101_CT_1,0.0
2030,sc01,05-15 04:00:00+02:00,123_STEAM_3,0.0
2030,sc01,05-15 04:00:00+02:00,113_CT_1,0.0
2030,sc01,05-15 04:00:00+02:00,118_CC_1,0.0
2030,sc01,05-15 04:00:00+02:00,116_STEAM_1,0.0
2030,sc01,05-15 04:00:00+02:00,102_STEAM_4,0.0
2030,sc01,05-15 04:00:00+02:00,101_CT_2,0.0
2030,sc01,05-15 04:00:00+02:00,123_CT_4,0.0
2030,sc01,05-16 22:00:00+02:00,123_CT_1,0.0
2030,sc01,05-16 22:00:00+02:00,123_STEAM_2,0.0
2030,sc01,05-16 22:00:00+02:00,101_STEAM_3,0.0
2030,sc01,05-16 22:00:00+02:00,113_CT_2,0.0
2030,sc01,05-16 22:00:00+02:00,113_CT_3,0.0
2030,sc01,05-16 22:00:00+02:00,113_CT_4,0.0
2030,sc01,05-16 22:00:00+02:00,121_NUCLEAR_1,0.0
2030,sc01,05-16 22:00:00+02:00,102_CT_1,0.0
2030,sc01,05-16 22:00:00+02:00,107_CC_1,0.0
2030,sc01,05-16 22:00:00+02:00,101_STEAM_4,0.0
2030,sc01,05-16 22:00:00+02:00,102_STEAM_3,0.0
2030,sc01,05-16 22:00:00+02:00,123_CT_5,0.0
2030,sc01,05-16 22:00:00+02:00,115_STEAM_1,0.0
2030,sc01,05-16 22:00:00+02:00,115_STEAM_2,0.0
2030,sc01,05-16 22:00:00+02:00,115_STEAM_3,0.0
2030,sc01,05-16 22:00:00+02:00,102_CT_2,0.0
2030,sc01,05-16 22:00:00+02:00,101_CT_1,0.0
2030,sc01,05-16 22:00:00+02:00,123_STEAM_3,0.0
2030,sc01,05-16 22:00:00+02:00,113_CT_1,0.0
2030,sc01,05-16 22:00:00+02:00,118_CC_1,0.0
2030,sc01,05-16 22:00:00+02:00,116_STEAM_1,0.0
2030,sc01,05-16 22:00:00+02:00,102_STEAM_4,0.0
2030,sc01,05-16 22:00:00+02:00,101_CT_2,0.0
2030,sc01,05-16 22:00:00+02:00,123_CT_4,0.0
2030,sc01,05-24 18:00:00+02:00,123_CT_1,0.0
2030,sc01,05-24 18:00:00+02:00,123_STEAM_2,0.0
2030,sc01,05-24 18:00:00+02:00,101_STEAM_3,0.0
2030,sc01,05-24 18:00:00+02:00,113_CT_2,0.0
2030,sc01,05-24 18:00:00+02:00,113_CT_3,0.0
2030,sc01,05-24 18:00:00+02:00,113_CT_4,0.0
2030,sc01,05-24 18:00:00+02:00,121_NUCLEAR_1,1.0
2030,sc01,05-24 18:00:00+02:00,102_CT_1,0.0
2030,sc01,05-24 18:00:00+02:00,107_CC_1,1.0
2030,sc01,05-24 18:00:00+02:00,101_STEAM_4,0.0
2030,sc01,05-24 18:00:00+02:00,102_STEAM_3,0.0
2030,sc01,05-24 18:00:00+02:00,123_CT_5,0.0
2030,sc01,05-24 18:00:00+02:00,115_STEAM_1,0.0
2030,sc01,05-24 18:00:00+02:00,115_STEAM_2,0.0
2030,sc01,05-24 18:00:00+02:00,115_STEAM_3,0.0
2030,sc01,05-24 18:00:00+02:00,102_CT_2,0.0
2030,sc01,05-24 18:00:00+02:00,101_CT_1,0.0
2030,sc01,05-24 18:00:00+02:00,123_STEAM_3,0.0
2030,sc01,05-24 18:00:00+02:00,113_CT_1,0.0
2030,sc01,05-24 18:00:00+02:00,118_CC_1,0.0
2030,sc01,05-24 18:00:00+02:00,116_STEAM_1,0.0
2030,sc01,05-24 18:00:00+02:00,102_STEAM_4,0.0
2030,sc01,05-24 18:00:00+02:00,101_CT_2,0.0
2030,sc01,05-24 18:00:00+02:00,123_CT_4,0.0
2030,sc01,05-25 00:00:00+02:00,123_CT_1,0.0
2030,sc01,05-25 00:00:00+02:00,123_STEAM_2,0.0
2030,sc01,05-25 00:00:00+02:00,101_STEAM_3,0.0
2030,sc01,05-25 00:00:00+02:00,113_CT_2,0.0
2030,sc01,05-25 00:00:00+02:00,113_CT_3,0.0
2030,sc01,05-25 00:00:00+02:00,113_CT_4,0.0
2030,sc01,05-25 00:00:00+02:00,121_NUCLEAR_1,0.8372174786416581
2030,sc01,05-25 00:00:00+02:00,102_CT_1,0.0
2030,sc01,05-25 00:00:00+02:00,107_CC_1,0.0
2030,sc01,05-25 00:00:00+02:00,101_STEAM_4,0.0
2030,sc01,05-25 00:00:00+02:00,102_STEAM_3,0.0
2030,sc01,05-25 00:00:00+02:00,123_CT_5,0.0
2030,sc01,05-25 00:00:00+02:00,115_STEAM_1,0.0
2030,sc01,05-25 00:00:00+02:00,115_STEAM_2,0.0
2030,sc01,05-25 00:00:00+02:00,115_STEAM_3,0.0
2030,sc01,05-25 00:00:00+02:00,102_CT_2,0.0
2030,sc01,05-25 00:00:00+02:00,101_CT_1,0.0
2030,sc01,05-25 00:00:00+02:00,123_STEAM_3,0.0
2030,sc01,05-25 00:00:00+02:00,113_CT_1,0.0
2030,sc01,05-25 00:00:00+02:00,118_CC_1,0.0
2030,sc01,05-25 00:00:00+02:00,116_STEAM_1,0.0
2030,sc01,05-25 00:00:00+02:00,102_STEAM_4,0.0
2030,sc01,05-25 00:00:00+02:00,101_CT_2,0.0
2030,sc01,05-25 00:00:00+02:00,123_CT_4,0.0
2030,sc01,05-29 01:00:00+02:00,123_CT_1,0.0
2030,sc01,05-29 01:00:00+02:00,123_STEAM_2,0.0
2030,sc01,05-29 01:00:00+02:00,101_STEAM_3,0.0
2030,sc01,05-29 01:00:00+02:00,113_CT_2,0.0
2030,sc01,05-29 01:00:00+02:00,113_CT_3,0.0
2030,sc01,05-29 01:00:00+02:00,113_CT_4,0.0
2030,sc01,05-29 01:00:00+02:00,121_NUCLEAR_1,0.0
2030,sc01,05-29 01:00:00+02:00,102_CT_1,0.0
2030,sc01,05-29 01:00:00+02:00,107_CC_1,0.0
2030,sc01,05-29 01:00:00+02:00,101_STEAM_4,0.0
2030,sc01,05-29 01:00:00+02:00,102_STEAM_3,0.0
2030,sc01,05-29 01:00:00+02:00,123_CT_5,0.0
2030,sc01,05-29 01:00:00+02:00,115_STEAM_1,0.0
2030,sc01,05-29 01:00:00+02:00,115_STEAM_2,0.0
2030,sc01,05-29 01:00:00+02:00,115_STEAM_3,0.0
2030,sc01,05-29 01:00:00+02:00,102_CT_2,0.0
2030,sc01,05-29 01:00:00+02:00,101_CT_1,0.0
2030,sc01,05-29 01:00:00+02:00,123_STEAM_3,0.0
2030,sc01,05-29 01:00:00+02:00,113_CT_1,0.0
2030,sc01,05-29 01:00:00+02:00,118_CC_1,0.0
2030,sc01,05-29 01:00:00+02:00,116_STEAM_1,0.0
2030,sc01,05-29 01:00:00+02:00,102_STEAM_4,0.0
2030,sc01,05-29 01:00:00+02:00,101_CT_2,0.0
2030,sc01,05-29 01:00:00+02:00,123_CT_4,0.0
2030,sc01,05-30 23:00:00+02:00,123_CT_1,0.0
2030,sc01,05-30 23:00:00+02:00,123_STEAM_2,0.0
2030,sc01,05-30 23:00:00+02:00,101_STEAM_3,0.0
2030,sc01,05-30 23:00:00+02:00,113_CT_2,0.0
2030,sc01,05-30 23:00:00+02:00,113_CT_3,0.0
2030,sc01,05-30 23:00:00+02:00,113_CT_4,0.0
2030,sc01,05-30 23:00:00+02:00,121_NUCLEAR_1,0.0
2030,sc01,05-30 23:00:00+02:00,102_CT_1,0.0
2030,sc01,05-30 23:00:00+02:00,107_CC_1,0.0
2030,sc01,05-30 23:00:00+02:00,101_STEAM_4,0.0
2030,sc01,05-30 23:00:00+02:00,102_STEAM_3,0.0
2030,sc01,05-30 23:00:00+02:00,123_CT_5,0.0
2030,sc01,05-30 23:00:00+02:00,115_STEAM_1,0.0
2030,sc01,05-30 23:00:00+02:00,115_STEAM_2,0.0
2030,sc01,05-30 23:00:00+02:00,115_STEAM_3,0.0
2030,sc01,05-30 23:00:00+02:00,102_CT_2,0.0
2030,sc01,05-30 23:00:00+02:00,101_CT_1,0.0
2030,sc01,05-30 23:00:00+02:00,123_STEAM_3,0.0
2030,sc01,05-30 23:00:00+02:00,113_CT_1,0.0
2030,sc01,05-30 23:00:00+02:00,118_CC_1,0.0
2030,sc01,05-30 23:00:00+02:00,116_STEAM_1,0.0
2030,sc01,05-30 23:00:00+02:00,102_STEAM_4,0.0
2030,sc01,05-30 23:00:00+02:00,101_CT_2,0.0
2030,sc01,05-30 23:00:00+02:00,123_CT_4,0.0
2030,sc01,06-01 15:00:00+02:00,123_CT_1,0.0
2030,sc01,06-01 15:00:00+02:00,123_STEAM_2,0.0
2030,sc01,06-01 15:00:00+02:00,101_STEAM_3,0.0
2030,sc01,06-01 15:00:00+02:00,113_CT_2,0.0
2030,sc01,06-01 15:00:00+02:00,113_CT_3,0.0
2030,sc01,06-01 15:00:00+02:00,113_CT_4,0.0
2030,sc01,06-01 15:00:00+02:00,121_NUCLEAR_1,0.0
2030,sc01,06-01 15:00:00+02:00,102_CT_1,0.0
2030,sc01,06-01 15:00:00+02:00,107_CC_1,0.0
2030,sc01,06-01 15:00:00+02:00,101_STEAM_4,0.0
2030,sc01,06-01 15:00:00+02:00,102_STEAM_3,0.0
2030,sc01,06-01 15:00:00+02:00,123_CT_5,0.0
2030,sc01,06-01 15:00:00+02:00,115_STEAM_1,0.0
2030,sc01,06-01 15:00:00+02:00,115_STEAM_2,0.0
2030,sc01,06-01 15:00:00+02:00,115_STEAM_3,0.0
2030,sc01,06-01 15:00:00+02:00,102_CT_2,0.0
2030,sc01,06-01 15:00:00+02:00,101_CT_1,0.0
2030,sc01,06-01 15:00:00+02:00,123_STEAM_3,0.0
2030,sc01,06-01 15:00:00+02:00,113_CT_1,0.0
2030,sc01,06-01 15:00:00+02:00,118_CC_1,0.0
2030,sc01,06-01 15:00:00+02:00,116_STEAM_1,0.0
2030,sc01,06-01 15:00:00+02:00,102_STEAM_4,0.0
2030,sc01,06-01 15:00:00+02:00,101_CT_2,0.0
2030,sc01,06-01 15:00:00+02:00,123_CT_4,0.0
2030,sc01,06-15 04:00:00+02:00,123_CT_1,0.0
2030,sc01,06-15 04:00:00+02:00,123_STEAM_2,0.0
2030,sc01,06-15 04:00:00+02:00,101_STEAM_3,0.0
2030,sc01,06-15 04:00:00+02:00,113_CT_2,0.0
2030,sc01,06-15 04:00:00+02:00,113_CT_3,0.0
2030,sc01,06-15 04:00:00+02:00,113_CT_4,0.0
2030,sc01,06-15 04:00:00+02:00,121_NUCLEAR_1,0.7894609850113639
2030,sc01,06-15 04:00:00+02:00,102_CT_1,0.0
2030,sc01,06-15 04:00:00+02:00,107_CC_1,0.0
2030,sc01,06-15 04:00:00+02:00,101_STEAM_4,0.0
2030,sc01,06-15 04:00:00+02:00,102_STEAM_3,0.0
2030,sc01,06-15 04:00:00+02:00,123_CT_5,0.0
2030,sc01,06-15 04:00:00+02:00,115_STEAM_1,0.0
2030,sc01,06-15 04:00:00+02:00,115_STEAM_2,0.0
2030,sc01,06-15 04:00:00+02:00,115_STEAM_3,0.0
2030,sc01,06-15 04:00:00+02:00,102_CT_2,0.0
2030,sc01,06-15 04:00:00+02:00,101_CT_1,0.0
2030,sc01,06-15 04:00:00+02:00,123_STEAM_3,0.0
2030,sc01,06-15 04:00:00+02:00,113_CT_1,0.0
2030,sc01,06-15 04:00:00+02:00,118_CC_1,0.0
2030,sc01,06-15 04:00:00+02:00,116_STEAM_1,0.0
2030,sc01,06-15 04:00:00+02:00,102_STEAM_4,0.0
2030,sc01,06-15 04:00:00+02:00,101_CT_2,0.0
2030,sc01,06-15 04:00:00+02:00,123_CT_4,0.0
2030,sc01,06-15 20:00:00+02:00,123_CT_1,0.0
2030,sc01,06-15 20:00:00+02:00,123_STEAM_2,0.0
2030,sc01,06-15 20:00:00+02:00,101_STEAM_3,0.0
2030,sc01,06-15 20:00:00+02:00,113_CT_2,0.0
2030,sc01,06-15 20:00:00+02:00,113_CT_3,0.0
2030,sc01,06-15 20:00:00+02:00,113_CT_4,0.0
2030,sc01,06-15 20:00:00+02:00,121_NUCLEAR_1,1.0
2030,sc01,06-15 20:00:00+02:00,102_CT_1,0.0
2030,sc01,06-15 20:00:00+02:00,107_CC_1,1.0
2030,sc01,06-15 20:00:00+02:00,101_STEAM_4,0.0
2030,sc01,06-15 20:00:00+02:00,102_STEAM_3,0.0
2030,sc01,06-15 20:00:00+02:00,123_CT_5,0.0
2030,sc01,06-15 20:00:00+02:00,115_STEAM_1,0.0
2030,sc01,06-15 20:00:00+02:00,115_STEAM_2,0.0
2030,sc01,06-15 20:00:00+02:00,115_STEAM_3,0.0
2030,sc01,06-15 20:00:00+02:00,102_CT_2,0.0
2030,sc01,06-15 20:00:00+02:00,101_CT_1,0.0
2030,sc01,06-15 20:00:00+02:00,123_STEAM_3,0.0
2030,sc01,06-15 20:00:00+02:00,113_CT_1,0.0
2030,sc01,06-15 20:00:00+02:00,118_CC_1,1.0
2030,sc01,06-15 20:00:00+02:00,116_STEAM_1,0.0
2030,sc01,06-15 20:00:00+02:00,102_STEAM_4,0.0
2030,sc01,06-15 20:00:00+02:00,101_CT_2,0.0
2030,sc01,06-15 20:00:00+02:00,123_CT_4,0.0
2030,sc01,06-22 19:00:00+02:00,123_CT_1,0.0
2030,sc01,06-22 19:00:00+02:00,123_STEAM_2,0.0
2030,sc01,06-22 19:00:00+02:00,101_STEAM_3,0.0
2030,sc01,06-22 19:00:00+02:00,113_CT_2,0.0
2030,sc01,06-22 19:00:00+02:00,113_CT_3,0.0
2030,sc01,06-22 19:00:00+02:00,113_CT_4,0.0
2030,sc01,06-22 19:00:00+02:00,121_NUCLEAR_1,0.0
2030,sc01,06-22 19:00:00+02:00,102_CT_1,0.0
2030,sc01,06-22 19:00:00+02:00,107_CC_1,0.0
2030,sc01,06-22 19:00:00+02:00,101_STEAM_4,0.0
2030,sc01,06-22 19:00:00+02:00,102_STEAM_3,0.0
2030,sc01,06-22 19:00:00+02:00,123_CT_5,0.0
2030,sc01,06-22 19:00:00+02:00,115_STEAM_1,0.0
2030,sc01,06-22 19:00:00+02:00,115_STEAM_2,0.0
2030,sc01,06-22 19:00:00+02:00,115_STEAM_3,0.0
2030,sc01,06-22 19:00:00+02:00,102_CT_2,0.0
2030,sc01,06-22 19:00:00+02:00,101_CT_1,0.0
2030,sc01,06-22 19:00:00+02:00,123_STEAM_3,0.0
2030,sc01,06-22 19:00:00+02:00,113_CT_1,0.0
2030,sc01,06-22 19:00:00+02:00,118_CC_1,0.8486518762941819
2030,sc01,06-22 19:00:00+02:00,116_STEAM_1,0.0
2030,sc01,06-22 19:00:00+02:00,102_STEAM_4,0.0
2030,sc01,06-22 19:00:00+02:00,101_CT_2,0.0
2030,sc01,06-22 19:00:00+02:00,123_CT_4,0.0
2030,sc01,06-24 16:00:00+02:00,123_CT_1,0.0
2030,sc01,06-24 16:00:00+02:00,123_STEAM_2,0.0
2030,sc01,06-24 16:00:00+02:00,101_STEAM_3,0.0
2030,sc01,06-24 16:00:00+02:00,113_CT_2,0.0
2030,sc01,06-24 16:00:00+02:00,113_CT_3,0.0
2030,sc01,06-24 16:00:00+02:00,113_CT_4,0.0
2030,sc01,06-24 16:00:00+02:00,121_NUCLEAR_1,0.0
2030,sc01,06-24 16:00:00+02:00,102_CT_1,0.0
2030,sc01,06-24 16:00:00+02:00,107_CC_1,0.0
2030,sc01,06-24 16:00:00+02:00,101_STEAM_4,0.0
2030,sc01,06-24 16:00:00+02:00,102_STEAM_3,0.0
2030,sc01,06-24 16:00:00+02:00,123_CT_5,0.0
2030,sc01,06-24 16:00:00+02:00,115_STEAM_1,0.0
2030,sc01,06-24 16:00:00+02:00,115_STEAM_2,0.0
2030,sc01,06-24 16:00:00+02:00,115_STEAM_3,0.0
2030,sc01,06-24 16:00:00+02:00,102_CT_2,0.0
2030,sc01,06-24 16:00:00+02:00,101_CT_1,0.0
2030,sc01,06-24 16:00:00+02:00,123_STEAM_3,0.0
2030,sc01,06-24 16:00:00+02:00,113_CT_1,0.0
2030,sc01,06-24 16:00:00+02:00,118_CC_1,0.0
2030,sc01,06-24 16:00:00+02:00,116_STEAM_1,0.0
2030,sc01,06-24 16:00:00+02:00,102_STEAM_4,0.0
2030,sc01,06-24 16:00:00+02:00,101_CT_2,0.0
2030,sc01,06-24 16:00:00+02:00,123_CT_4,0.0
2030,sc01,06-25 10:00:00+02:00,123_CT_1,0.0
2030,sc01,06-25 10:00:00+02:00,123_STEAM_2,0.0
2030,sc01,06-25 10:00:00+02:00,101_STEAM_3,0.0
2030,sc01,06-25 10:00:00+02:00,113_CT_2,0.0
2030,sc01,06-25 10:00:00+02:00,113_CT_3,0.0
2030,sc01,06-25 10:00:00+02:00,113_CT_4,0.0
2030,sc01,06-25 10:00:00+02:00,121_NUCLEAR_1,0.0
2030,sc01,06-25 10:00:00+02:00,102_CT_1,0.0
2030,sc01,06-25 10:00:00+02:00,107_CC_1,0.0
2030,sc01,06-25 10:00:00+02:00,101_STEAM_4,0.0
2030,sc01,06-25 10:00:00+02:00,102_STEAM_3,0.0
2030,sc01,06-25 10:00:00+02:00,123_CT_5,0.0
2030,sc01,06-25 10:00:00+02:00,115_STEAM_1,0.0
2030,sc01,06-25 10:00:00+02:00,115_STEAM_2,0.0
2030,sc01,06-25 10:00:00+02:00,115_STEAM_3,0.0
2030,sc01,06-25 10:00:00+02:00,102_CT_2,0.0
2030,sc01,06-25 10:00:00+02:00,101_CT_1,0.0
2030,sc01,06-25 10:00:00+02:00,123_STEAM_3,0.0
2030,sc01,06-25 10:00:00+02:00,113_CT_1,0.0
2030,sc01,06-25 10:00:00+02:00,118_CC_1,0.0
2030,sc01,06-25 10:00:00+02:00,116_STEAM_1,0.0
2030,sc01,06-25 10:00:00+02:00,102_STEAM_4,0.0
2030,sc01,06-25 10:00:00+02:00,101_CT_2,0.0
2030,sc01,06-25 10:00:00+02:00,123_CT_4,0.0
2030,sc01,07-14 17:00:00+02:00,123_CT_1,0.0
2030,sc01,07-14 17:00:00+02:00,123_STEAM_2,0.0
2030,sc01,07-14 17:00:00+02:00,101_STEAM_3,0.0
2030,sc01,07-14 17:00:00+02:00,113_CT_2,0.0
2030,sc01,07-14 17:00:00+02:00,113_CT_3,0.0
2030,sc01,07-14 17:00:00+02:00,113_CT_4,0.0
2030,sc01,07-14 17:00:00+02:00,121_NUCLEAR_1,0.0
2030,sc01,07-14 17:00:00+02:00,102_CT_1,0.0
2030,sc01,07-14 17:00:00+02:00,107_CC_1,0.0
2030,sc01,07-14 17:00:00+02:00,101_STEAM_4,0.0
2030,sc01,07-14 17:00:00+02:00,102_STEAM_3,0.0
2030,sc01,07-14 17:00:00+02:00,123_CT_5,0.0
2030,sc01,07-14 17:00:00+02:00,115_STEAM_1,0.0
2030,sc01,07-14 17:00:00+02:00,115_STEAM_2,0.0
2030,sc01,07-14 17:00:00+02:00,115_STEAM_3,0.0
2030,sc01,07-14 17:00:00+02:00,102_CT_2,0.0
2030,sc01,07-14 17:00:00+02:00,101_CT_1,0.0
2030,sc01,07-14 17:00:00+02:00,123_STEAM_3,0.0
2030,sc01,07-14 17:00:00+02:00,113_CT_1,0.0
2030,sc01,07-14 17:00:00+02:00,118_CC_1,0.0
2030,sc01,07-14 17:00:00+02:00,116_STEAM_1,0.0
2030,sc01,07-14 17:00:00+02:00,102_STEAM_4,0.0
2030,sc01,07-14 17:00:00+02:00,101_CT_2,0.0
2030,sc01,07-14 17:00:00+02:00,123_CT_4,0.0
2030,sc01,07-16 10:00:00+02:00,123_CT_1,0.0
2030,sc01,07-16 10:00:00+02:00,123_STEAM_2,0.0
2030,sc01,07-16 10:00:00+02:00,101_STEAM_3,0.0
2030,sc01,07-16 10:00:00+02:00,113_CT_2,0.0
2030,sc01,07-16 10:00:00+02:00,113_CT_3,0.0
2030,sc01,07-16 10:00:00+02:00,113_CT_4,0.0
2030,sc01,07-16 10:00:00+02:00,121_NUCLEAR_1,1.0
2030,sc01,07-16 10:00:00+02:00,102_CT_1,0.0
2030,sc01,07-16 10:00:00+02:00,107_CC_1,0.0
2030,sc01,07-16 10:00:00+02:00,101_STEAM_4,0.0
2030,sc01,07-16 10:00:00+02:00,102_STEAM_3,0.0
2030,sc01,07-16 10:00:00+02:00,123_CT_5,0.0
2030,sc01,07-16 10:00:00+02:00,115_STEAM_1,0.0
2030,sc01,07-16 10:00:00+02:00,115_STEAM_2,0.0
2030,sc01,07-16 10:00:00+02:00,115_STEAM_3,0.0
2030,sc01,07-16 10:00:00+02:00,102_CT_2,0.0
2030,sc01,07-16 10:00:00+02:00,101_CT_1,0.0
2030,sc01,07-16 10:00:00+02:00,123_STEAM_3,0.0
2030,sc01,07-16 10:00:00+02:00,113_CT_1,0.0
2030,sc01,07-16 10:00:00+02:00,118_CC_1,0.0
2030,sc01,07-16 10:00:00+02:00,116_STEAM_1,0.0
2030,sc01,07-16 10:00:00+02:00,102_STEAM_4,0.0
2030,sc01,07-16 10:00:00+02:00,101_CT_2,0.0
2030,sc01,07-16 10:00:00+02:00,123_CT_4,0.0
2030,sc01,07-19 11:00:00+02:00,123_CT_1,0.0
2030,sc01,07-19 11:00:00+02:00,123_STEAM_2,0.0
2030,sc01,07-19 11:00:00+02:00,101_STEAM_3,0.0
2030,sc01,07-19 11:00:00+02:00,113_CT_2,0.0
2030,sc01,07-19 11:00:00+02:00,113_CT_3,0.0
2030,sc01,07-19 11:00:00+02:00,113_CT_4,0.0
2030,sc01,07-19 11:00:00+02:00,121_NUCLEAR_1,0.0
2030,sc01,07-19 11:00:00+02:00,102_CT_1,0.0
2030,sc01,07-19 11:00:00+02:00,107_CC_1,0.0
2030,sc01,07-19 11:00:00+02:00,101_STEAM_4,0.0
2030,sc01,07-19 11:00:00+02:00,102_STEAM_3,0.0
2030,sc01,07-19 11:00:00+02:00,123_CT_5,0.0
2030,sc01,07-19 11:00:00+02:00,115_STEAM_1,0.0
2030,sc01,07-19 11:00:00+02:00,115_STEAM_2,0.0
2030,sc01,07-19 11:00:00+02:00,115_STEAM_3,0.0
2030,sc01,07-19 11:00:00+02:00,102_CT_2,0.0
2030,sc01,07-19 11:00:00+02:00,101_CT_1,0.0
2030,sc01,07-19 11:00:00+02:00,123_STEAM_3,0.0
2030,sc01,07-19 11:00:00+02:00,113_CT_1,0.0
2030,sc01,07-19 11:00:00+02:00,118_CC_1,0.0
2030,sc01,07-19 11:00:00+02:00,116_STEAM_1,0.0
2030,sc01,07-19 11:00:00+02:00,102_STEAM_4,0.0
2030,sc01,07-19 11:00:00+02:00,101_CT_2,0.0
2030,sc01,07-19 11:00:00+02:00,123_CT_4,0.0
2030,sc01,07-23 06:00:00+02:00,123_CT_1,0.0
2030,sc01,07-23 06:00:00+02:00,123_STEAM_2,0.0
2030,sc01,07-23 06:00:00+02:00,101_STEAM_3,0.0
2030,sc01,07-23 06:00:00+02:00,113_CT_2,0.0
2030,sc01,07-23 06:00:00+02:00,113_CT_3,0.0
2030,sc01,07-23 06:00:00+02:00,113_CT_4,0.0
2030,sc01,07-23 06:00:00+02:00,121_NUCLEAR_1,0.6861315164235722
2030,sc01,07-23 06:00:00+02:00,102_CT_1,0.0
2030,sc01,07-23 06:00:00+02:00,107_CC_1,1.0
2030,sc01,07-23 06:00:00+02:00,101_STEAM_4,0.0
2030,sc01,07-23 06:00:00+02:00,102_STEAM_3,0.0
2030,sc01,07-23 06:00:00+02:00,123_CT_5,0.0
2030,sc01,07-23 06:00:00+02:00,115_STEAM_1,0.0
2030,sc01,07-23 06:00:00+02:00,115_STEAM_2,0.0
2030,sc01,07-23 06:00:00+02:00,115_STEAM_3,0.0
2030,sc01,07-23 06:00:00+02:00,102_CT_2,0.0
2030,sc01,07-23 06:00:00+02:00,101_CT_1,0.0
2030,sc01,07-23 06:00:00+02:00,123_STEAM_3,0.0
2030,sc01,07-23 06:00:00+02:00,113_CT_1,0.0
2030,sc01,07-23 06:00:00+02:00,118_CC_1,1.0
2030,sc01,07-23 06:00:00+02:00,116_STEAM_1,0.0
2030,sc01,07-23 06:00:00+02:00,102_STEAM_4,0.0
2030,sc01,07-23 06:00:00+02:00,101_CT_2,0.0
2030,sc01,07-23 06:00:00+02:00,123_CT_4,0.0
2030,sc01,08-02 05:00:00+02:00,123_CT_1,0.0
2030,sc01,08-02 05:00:00+02:00,123_STEAM_2,0.0
2030,sc01,08-02 05:00:00+02:00,101_STEAM_3,0.0
2030,sc01,08-02 05:00:00+02:00,113_CT_2,0.0
2030,sc01,08-02 05:00:00+02:00,113_CT_3,0.0
2030,sc01,08-02 05:00:00+02:00,113_CT_4,0.0
2030,sc01,08-02 05:00:00+02:00,121_NUCLEAR_1,0.0
2030,sc01,08-02 05:00:00+02:00,102_CT_1,0.0
2030,sc01,08-02 05:00:00+02:00,107_CC_1,0.0
2030,sc01,08-02 05:00:00+02:00,101_STEAM_4,0.0
2030,sc01,08-02 05:00:00+02:00,102_STEAM_3,0.0
2030,sc01,08-02 05:00:00+02:00,123_CT_5,0.0
2030,sc01,08-02 05:00:00+02:00,115_STEAM_1,0.0
2030,sc01,08-02 05:00:00+02:00,115_STEAM_2,0.0
2030,sc01,08-02 05:00:00+02:00,115_STEAM_3,0.0
2030,sc01,08-02 05:00:00+02:00,102_CT_2,0.0
2030,sc01,08-02 05:00:00+02:00,101_CT_1,0.0
2030,sc01,08-02 05:00:00+02:00,123_STEAM_3,0.0
2030,sc01,08-02 05:00:00+02:00,113_CT_1,0.0
2030,sc01,08-02 05:00:00+02:00,118_CC_1,0.0
2030,sc01,08-02 05:00:00+02:00,116_STEAM_1,1.0
2030,sc01,08-02 05:00:00+02:00,102_STEAM_4,0.0
2030,sc01,08-02 05:00:00+02:00,101_CT_2,0.0
2030,sc01,08-02 05:00:00+02:00,123_CT_4,0.0
2030,sc01,08-10 14:00:00+02:00,123_CT_1,0.0
2030,sc01,08-10 14:00:00+02:00,123_STEAM_2,0.0
2030,sc01,08-10 14:00:00+02:00,101_STEAM_3,0.0
2030,sc01,08-10 14:00:00+02:00,113_CT_2,0.0
2030,sc01,08-10 14:00:00+02:00,113_CT_3,0.0
2030,sc01,08-10 14:00:00+02:00,113_CT_4,0.0
2030,sc01,08-10 14:00:00+02:00,121_NUCLEAR_1,0.0
2030,sc01,08-10 14:00:00+02:00,102_CT_1,0.0
2030,sc01,08-10 14:00:00+02:00,107_CC_1,0.0
2030,sc01,08-10 14:00:00+02:00,101_STEAM_4,0.0
2030,sc01,08-10 14:00:00+02:00,102_STEAM_3,0.0
2030,sc01,08-10 14:00:00+02:00,123_CT_5,0.0
2030,sc01,08-10 14:00:00+02:00,115_STEAM_1,0.0
2030,sc01,08-10 14:00:00+02:00,115_STEAM_2,0.0
2030,sc01,08-10 14:00:00+02:00,115_STEAM_3,0.0
2030,sc01,08-10 14:00:00+02:00,102_CT_2,0.0
2030,sc01,08-10 14:00:00+02:00,101_CT_1,0.0
2030,sc01,08-10 14:00:00+02:00,123_STEAM_3,0.0
2030,sc01,08-10 14:00:00+02:00,113_CT_1,0.0
2030,sc01,08-10 14:00:00+02:00,118_CC_1,0.0
2030,sc01,08-10 14:00:00+02:00,116_STEAM_1,0.0
2030,sc01,08-10 14:00:00+02:00,102_STEAM_4,0.0
2030,sc01,08-10 14:00:00+02:00,101_CT_2,0.0
2030,sc01,08-10 14:00:00+02:00,123_CT_4,0.0
2030,sc01,08-13 16:00:00+02:00,123_CT_1,0.0
2030,sc01,08-13 16:00:00+02:00,123_STEAM_2,0.0
2030,sc01,08-13 16:00:00+02:00,101_STEAM_3,0.0
2030,sc01,08-13 16:00:00+02:00,113_CT_2,0.0
2030,sc01,08-13 16:00:00+02:00,113_CT_3,0.0
2030,sc01,08-13 16:00:00+02:00,113_CT_4,0.0
2030,sc01,08-13 16:00:00+02:00,121_NUCLEAR_1,0.0
2030,sc01,08-13 16:00:00+02:00,102_CT_1,0.0
2030,sc01,08-13 16:00:00+02:00,107_CC_1,0.0
2030,sc01,08-13 16:00:00+02:00,101_STEAM_4,0.0
2030,sc01,08-13 16:00:00+02:00,102_STEAM_3,0.0
2030,sc01,08-13 16:00:00+02:00,123_CT_5,0.0
2030,sc01,08-13 16:00:00+02:00,115_STEAM_1,0.0
2030,sc01,08-13 16:00:00+02:00,115_STEAM_2,0.0
2030,sc01,08-13 16:00:00+02:00,115_STEAM_3,0.0
2030,sc01,08-13 16:00:00+02:00,102_CT_2,0.0
2030,sc01,08-13 16:00:00+02:00,101_CT_1,0.0
2030,sc01,08-13 16:00:00+02:00,123_STEAM_3,0.0
2030,sc01,08-13 16:00:00+02:00,113_CT_1,0.0
2030,sc01,08-13 16:00:00+02:00,118_CC_1,0.0
2030,sc01,08-13 16:00:00+02:00,116_STEAM_1,0.0
2030,sc01,08-13 16:00:00+02:00,102_STEAM_4,0.0
2030,sc01,08-13 16:00:00+02:00,101_CT_2,0.0
2030,sc01,08-13 16:00:00+02:00,123_CT_4,0.0
2030,sc01,08-15 13:00:00+02:00,123_CT_1,0.0
2030,sc01,08-15 13:00:00+02:00,123_STEAM_2,0.0
2030,sc01,08-15 13:00:00+02:00,101_STEAM_3,0.0
2030,sc01,08-15 13:00:00+02:00,113_CT_2,0.0
2030,sc01,08-15 13:00:00+02:00,113_CT_3,0.0
2030,sc01,08-15 13:00:00+02:00,113_CT_4,0.0
2030,sc01,08-15 13:00:00+02:00,121_NUCLEAR_1,0.0
2030,sc01,08-15 13:00:00+02:00,102_CT_1,0.0
2030,sc01,08-15 13:00:00+02:00,107_CC_1,0.0
2030,sc01,08-15 13:00:00+02:00,101_STEAM_4,0.0
2030,sc01,08-15 13:00:00+02:00,102_STEAM_3,0.0
2030,sc01,08-15 13:00:00+02:00,123_CT_5,0.0
2030,sc01,08-15 13:00:00+02:00,115_STEAM_1,0.0
2030,sc01,08-15 13:00:00+02:00,115_STEAM_2,0.0
2030,sc01,08-15 13:00:00+02:00,115_STEAM_3,0.0
2030,sc01,08-15 13:00:00+02:00,102_CT_2,0.0
2030,sc01,08-15 13:00:00+02:00,101_CT_1,0.0
2030,sc01,08-15 13:00:00+02:00,123_STEAM_3,0.0
2030,sc01,08-15 13:00:00+02:00,113_CT_1,0.0
2030,sc01,08-15 13:00:00+02:00,118_CC_1,0.0
2030,sc01,08-15 13:00:00+02:00,116_STEAM_1,0.0
2030,sc01,08-15 13:00:00+02:00,102_STEAM_4,0.0
2030,sc01,08-15 13:00:00+02:00,101_CT_2,0.0
2030,sc01,08-15 13:00:00+02:00,123_CT_4,0.0
2030,sc01,08-19 17:00:00+02:00,123_CT_1,0.0
2030,sc01,08-19 17:00:00+02:00,123_STEAM_2,0.0
2030,sc01,08-19 17:00:00+02:00,101_STEAM_3,0.0
2030,sc01,08-19 17:00:00+02:00,113_CT_2,0.0
2030,sc01,08-19 17:00:00+02:00,113_CT_3,0.0
2030,sc01,08-19 17:00:00+02:00,113_CT_4,0.0
2030,sc01,08-19 17:00:00+02:00,121_NUCLEAR_1,1.0
2030,sc01,08-19 17:00:00+02:00,102_CT_1,0.0
2030,sc01,08-19 17:00:00+02:00,107_CC_1,1.0
2030,sc01,08-19 17:00:00+02:00,101_STEAM_4,0.0
2030,sc01,08-19 17:00:00+02:00,102_STEAM_3,0.0
2030,sc01,08-19 17:00:00+02:00,123_CT_5,0.0
2030,sc01,08-19 17:00:00+02:00,115_STEAM_1,0.0
2030,sc01,08-19 17:00:00+02:00,115_STEAM_2,0.0
2030,sc01,08-19 17:00:00+02:00,115_STEAM_3,0.0
2030,sc01,08-19 17:00:00+02:00,102_CT_2,0.0
2030,sc01,08-19 17:00:00+02:00,101_CT_1,0.0
2030,sc01,08-19 17:00:00+02:00,123_STEAM_3,0.0
2030,sc01,08-19 17:00:00+02:00,113_CT_1,0.0
2030,sc01,08-19 17:00:00+02:00,118_CC_1,0.0
2030,sc01,08-19 17:00:00+02:00,116_STEAM_1,0.0
2030,sc01,08-19 17:00:00+02:00,102_STEAM_4,0.0
2030,sc01,08-19 17:00:00+02:00,101_CT_2,0.0
2030,sc01,08-19 17:00:00+02:00,123_CT_4,0.0
2030,sc01,09-05 05:00:00+02:00,123_CT_1,0.0
2030,sc01,09-05 05:00:00+02:00,123_STEAM_2,0.0
2030,sc01,09-05 05:00:00+02:00,101_STEAM_3,0.0
2030,sc01,09-05 05:00:00+02:00,113_CT_2,0.0
2030,sc01,09-05 05:00:00+02:00,113_CT_3,0.0
2030,sc01,09-05 05:00:00+02:00,113_CT_4,0.0
2030,sc01,09-05 05:00:00+02:00,121_NUCLEAR_1,0.0
2030,sc01,09-05 05:00:00+02:00,102_CT_1,0.0
2030,sc01,09-05 05:00:00+02:00,107_CC_1,0.0
2030,sc01,09-05 05:00:00+02:00,101_STEAM_4,0.0
2030,sc01,09-05 05:00:00+02:00,102_STEAM_3,0.0
2030,sc01,09-05 05:00:00+02:00,123_CT_5,0.0
2030,sc01,09-05 05:00:00+02:00,115_STEAM_1,0.0
2030,sc01,09-05 05:00:00+02:00,115_STEAM_2,0.0
2030,sc01,09-05 05:00:00+02:00,115_STEAM_3,0.0
2030,sc01,09-05 05:00:00+02:00,102_CT_2,0.0
2030,sc01,09-05 05:00:00+02:00,101_CT_1,0.0
2030,sc01,09-05 05:00:00+02:00,123_STEAM_3,0.0
2030,sc01,09-05 05:00:00+02:00,113_CT_1,0.0
2030,sc01,09-05 05:00:00+02:00,118_CC_1,0.0
2030,sc01,09-05 05:00:00+02:00,116_STEAM_1,0.0
2030,sc01,09-05 05:00:00+02:00,102_STEAM_4,0.0
2030,sc01,09-05 05:00:00+02:00,101_CT_2,0.0
2030,sc01,09-05 05:00:00+02:00,123_CT_4,0.0
2030,sc01,09-06 11:00:00+02:00,123_CT_1,0.0
2030,sc01,09-06 11:00:00+02:00,123_STEAM_2,0.0
2030,sc01,09-06 11:00:00+02:00,101_STEAM_3,0.0
2030,sc01,09-06 11:00:00+02:00,113_CT_2,0.0
2030,sc01,09-06 11:00:00+02:00,113_CT_3,0.0
2030,sc01,09-06 11:00:00+02:00,113_CT_4,0.0
2030,sc01,09-06 11:00:00+02:00,121_NUCLEAR_1,0.0
2030,sc01,09-06 11:00:00+02:00,102_CT_1,0.0
2030,sc01,09-06 11:00:00+02:00,107_CC_1,0.0
2030,sc01,09-06 11:00:00+02:00,101_STEAM_4,0.0
2030,sc01,09-06 11:00:00+02:00,102_STEAM_3,0.0
2030,sc01,09-06 11:00:00+02:00,123_CT_5,0.0
2030,sc01,09-06 11:00:00+02:00,115_STEAM_1,0.0
2030,sc01,09-06 11:00:00+02:00,115_STEAM_2,0.0
2030,sc01,09-06 11:00:00+02:00,115_STEAM_3,0.0
2030,sc01,09-06 11:00:00+02:00,102_CT_2,0.0
2030,sc01,09-06 11:00:00+02:00,101_CT_1,0.0
2030,sc01,09-06 11:00:00+02:00,123_STEAM_3,0.0
2030,sc01,09-06 11:00:00+02:00,113_CT_1,0.0
2030,sc01,09-06 11:00:00+02:00,118_CC_1,0.0
2030,sc01,09-06 11:00:00+02:00,116_STEAM_1,0.0
2030,sc01,09-06 11:00:00+02:00,102_STEAM_4,0.0
2030,sc01,09-06 11:00:00+02:00,101_CT_2,0.0
2030,sc01,09-06 11:00:00+02:00,123_CT_4,0.0
2030,sc01,09-08 23:00:00+02:00,123_CT_1,0.0
2030,sc01,09-08 23:00:00+02:00,123_STEAM_2,0.0
2030,sc01,09-08 23:00:00+02:00,101_STEAM_3,0.0
2030,sc01,09-08 23:00:00+02:00,113_CT_2,0.0
2030,sc01,09-08 23:00:00+02:00,113_CT_3,0.0
2030,sc01,09-08 23:00:00+02:00,113_CT_4,0.0
2030,sc01,09-08 23:00:00+02:00,121_NUCLEAR_1,0.0
2030,sc01,09-08 23:00:00+02:00,102_CT_1,0.0
2030,sc01,09-08 23:00:00+02:00,107_CC_1,0.0
2030,sc01,09-08 23:00:00+02:00,101_STEAM_4,0.0
2030,sc01,09-08 23:00:00+02:00,102_STEAM_3,0.0
2030,sc01,09-08 23:00:00+02:00,123_CT_5,0.0
2030,sc01,09-08 23:00:00+02:00,115_STEAM_1,0.0
2030,sc01,09-08 23:00:00+02:00,115_STEAM_2,0.0
2030,sc01,09-08 23:00:00+02:00,115_STEAM_3,0.0
2030,sc01,09-08 23:00:00+02:00,102_CT_2,0.0
2030,sc01,09-08 23:00:00+02:00,101_CT_1,0.0
2030,sc01,09-08 23:00:00+02:00,123_STEAM_3,0.0
2030,sc01,09-08 23:00:00+02:00,113_CT_1,0.0
2030,sc01,09-08 23:00:00+02:00,118_CC_1,0.0
2030,sc01,09-08 23:00:00+02:00,116_STEAM_1,0.0
2030,sc01,09-08 23:00:00+02:00,102_STEAM_4,0.0
2030,sc01,09-08 23:00:00+02:00,101_CT_2,0.0
2030,sc01,09-08 23:00:00+02:00,123_CT_4,0.0
2030,sc01,09-23 11:00:00+02:00,123_CT_1,0.0
2030,sc01,09-23 11:00:00+02:00,123_STEAM_2,0.0
2030,sc01,09-23 11:00:00+02:00,101_STEAM_3,0.0
2030,sc01,09-23 11:00:00+02:00,113_CT_2,0.0
2030,sc01,09-23 11:00:00+02:00,113_CT_3,0.0
2030,sc01,09-23 11:00:00+02:00,113_CT_4,0.0
2030,sc01,09-23 11:00:00+02:00,121_NUCLEAR_1,0.0
2030,sc01,09-23 11:00:00+02:00,102_CT_1,0.0
2030,sc01,09-23 11:00:00+02:00,107_CC_1,0.0
2030,sc01,09-23 11:00:00+02:00,101_STEAM_4,0.0
2030,sc01,09-23 11:00:00+02:00,102_STEAM_3,0.0
2030,sc01,09-23 11:00:00+02:00,123_CT_5,0.0
2030,sc01,09-23 11:00:00+02:00,115_STEAM_1,0.0
2030,sc01,09-23 11:00:00+02:00,115_STEAM_2,0.0
2030,sc01,09-23 11:00:00+02:00,115_STEAM_3,0.0
2030,sc01,09-23 11:00:00+02:00,102_CT_2,0.0
2030,sc01,09-23 11:00:00+02:00,101_CT_1,0.0
2030,sc01,09-23 11:00:00+02:00,123_STEAM_3,0.0
2030,sc01,09-23 11:00:00+02:00,113_CT_1,0.0
2030,sc01,09-23 11:00:00+02:00,118_CC_1,0.0
2030,sc01,09-23 11:00:00+02:00,116_STEAM_1,0.0
2030,sc01,09-23 11:00:00+02:00,102_STEAM_4,0.0
2030,sc01,09-23 11:00:00+02:00,101_CT_2,0.0
2030,sc01,09-23 11:00:00+02:00,123_CT_4,0.0
2030,sc01,09-24 02:00:00+02:00,123_CT_1,0.0
2030,sc01,09-24 02:00:00+02:00,123_STEAM_2,0.0
2030,sc01,09-24 02:00:00+02:00,101_STEAM_3,0.0
2030,sc01,09-24 02:00:00+02:00,113_CT_2,0.0
2030,sc01,09-24 02:00:00+02:00,113_CT_3,0.0
2030,sc01,09-24 02:00:00+02:00,113_CT_4,0.0
2030,sc01,09-24 02:00:00+02:00,121_NUCLEAR_1,0.0
2030,sc01,09-24 02:00:00+02:00,102_CT_1,0.0
2030,sc01,09-24 02:00:00+02:00,107_CC_1,0.0
2030,sc01,09-24 02:00:00+02:00,101_STEAM_4,0.0
2030,sc01,09-24 02:00:00+02:00,102_STEAM_3,0.0
2030,sc01,09-24 02:00:00+02:00,123_CT_5,0.0
2030,sc01,09-24 02:00:00+02:00,115_STEAM_1,0.0
2030,sc01,09-24 02:00:00+02:00,115_STEAM_2,0.0
2030,sc01,09-24 02:00:00+02:00,115_STEAM_3,0.0
2030,sc01,09-24 02:00:00+02:00,102_CT_2,0.0
2030,sc01,09-24 02:00:00+02:00,101_CT_1,0.0
2030,sc01,09-24 02:00:00+02:00,123_STEAM_3,0.0
2030,sc01,09-24 02:00:00+02:00,113_CT_1,0.0
2030,sc01,09-24 02:00:00+02:00,118_CC_1,0.0
2030,sc01,09-24 02:00:00+02:00,116_STEAM_1,0.0
2030,sc01,09-24 02:00:00+02:00,102_STEAM_4,0.0
2030,sc01,09-24 02:00:00+02:00,101_CT_2,0.0
2030,sc01,09-24 02:00:00+02:00,123_CT_4,0.0
2030,sc01,09-24 04:00:00+02:00,123_CT_1,0.0
2030,sc01,09-24 04:00:00+02:00,123_STEAM_2,0.0
2030,sc01,09-24 04:00:00+02:00,101_STEAM_3,0.0
2030,sc01,09-24 04:00:00+02:00,113_CT_2,0.0
2030,sc01,09-24 04:00:00+02:00,113_CT_3,0.0
2030,sc01,09-24 04:00:00+02:00,113_CT_4,0.0
2030,sc01,09-24 04:00:00+02:00,121_NUCLEAR_1,0.0
2030,sc01,09-24 04:00:00+02:00,102_CT_1,0.0
2030,sc01,09-24 04:00:00+02:00,107_CC_1,0.0
2030,sc01,09-24 04:00:00+02:00,101_STEAM_4,0.0
2030,sc01,09-24 04:00:00+02:00,102_STEAM_3,0.0
2030,sc01,09-24 04:00:00+02:00,123_CT_5,0.0
2030,sc01,09-24 04:00:00+02:00,115_STEAM_1,0.0
2030,sc01,09-24 04:00:00+02:00,115_STEAM_2,0.0
2030,sc01,09-24 04:00:00+02:00,115_STEAM_3,0.0
2030,sc01,09-24 04:00:00+02:00,102_CT_2,0.0
2030,sc01,09-24 04:00:00+02:00,101_CT_1,0.0
2030,sc01,09-24 04:00:00+02:00,123_STEAM_3,0.0
2030,sc01,09-24 04:00:00+02:00,113_CT_1,0.0
2030,sc01,09-24 04:00:00+02:00,118_CC_1,0.0
2030,sc01,09-24 04:00:00+02:00,116_STEAM_1,0.0
2030,sc01,09-24 04:00:00+02:00,102_STEAM_4,0.0
2030,sc01,09-24 04:00:00+02:00,101_CT_2,0.0
2030,sc01,09-24 04:00:00+02:00,123_CT_4,0.0
2030,sc01,09-28 00:00:00+02:00,123_CT_1,0.0
2030,sc01,09-28 00:00:00+02:00,123_STEAM_2,0.0
2030,sc01,09-28 00:00:00+02:00,101_STEAM_3,0.0
2030,sc01,09-28 00:00:00+02:00,113_CT_2,0.0
2030,sc01,09-28 00:00:00+02:00,113_CT_3,0.0
2030,sc01,09-28 00:00:00+02:00,113_CT_4,0.0
2030,sc01,09-28 00:00:00+02:00,121_NUCLEAR_1,0.0
2030,sc01,09-28 00:00:00+02:00,102_CT_1,0.0
2030,sc01,09-28 00:00:00+02:00,107_CC_1,0.0
2030,sc01,09-28 00:00:00+02:00,101_STEAM_4,0.0
2030,sc01,09-28 00:00:00+02:00,102_STEAM_3,0.0
2030,sc01,09-28 00:00:00+02:00,123_CT_5,0.0
2030,sc01,09-28 00:00:00+02:00,115_STEAM_1,0.0
2030,sc01,09-28 00:00:00+02:00,115_STEAM_2,0.0
2030,sc01,09-28 00:00:00+02:00,115_STEAM_3,0.0
2030,sc01,09-28 00:00:00+02:00,102_CT_2,0.0
2030,sc01,09-28 00:00:00+02:00,101_CT_1,0.0
2030,sc01,09-28 00:00:00+02:00,123_STEAM_3,0.0
2030,sc01,09-28 00:00:00+02:00,113_CT_1,0.0
2030,sc01,09-28 00:00:00+02:00,118_CC_1,0.0
2030,sc01,09-28 00:00:00+02:00,116_STEAM_1,0.0
2030,sc01,09-28 00:00:00+02:00,102_STEAM_4,0.0
2030,sc01,09-28 00:00:00+02:00,101_CT_2,0.0
2030,sc01,09-28 00:00:00+02:00,123_CT_4,0.0
2030,sc01,09-30 16:00:00+02:00,123_CT_1,0.0
2030,sc01,09-30 16:00:00+02:00,123_STEAM_2,0.0
2030,sc01,09-30 16:00:00+02:00,101_STEAM_3,0.0
2030,sc01,09-30 16:00:00+02:00,113_CT_2,0.0
2030,sc01,09-30 16:00:00+02:00,113_CT_3,0.0
2030,sc01,09-30 16:00:00+02:00,113_CT_4,0.0
2030,sc01,09-30 16:00:00+02:00,121_NUCLEAR_1,1.0
2030,sc01,09-30 16:00:00+02:00,102_CT_1,0.0
2030,sc01,09-30 16:00:00+02:00,107_CC_1,0.04715714086284343
2030,sc01,09-30 16:00:00+02:00,101_STEAM_4,0.0
2030,sc01,09-30 16:00:00+02:00,102_STEAM_3,0.0
2030,sc01,09-30 16:00:00+02:00,123_CT_5,0.0
2030,sc01,09-30 16:00:00+02:00,115_STEAM_1,0.0
2030,sc01,09-30 16:00:00+02:00,115_STEAM_2,0.0
2030,sc01,09-30 16:00:00+02:00,115_STEAM_3,0.0
2030,sc01,09-30 16:00:00+02:00,102_CT_2,0.0
2030,sc01,09-30 16:00:00+02:00,101_CT_1,0.0
2030,sc01,09-30 16:00:00+02:00,123_STEAM_3,0.0
2030,sc01,09-30 16:00:00+02:00,113_CT_1,0.0
2030,sc01,09-30 16:00:00+02:00,118_CC_1,0.0
2030,sc01,09-30 16:00:00+02:00,116_STEAM_1,0.0
2030,sc01,09-30 16:00:00+02:00,102_STEAM_4,0.0
2030,sc01,09-30 16:00:00+02:00,101_CT_2,0.0
2030,sc01,09-30 16:00:00+02:00,123_CT_4,0.0
2030,sc01,10-04 13:00:00+02:00,123_CT_1,0.0
2030,sc01,10-04 13:00:00+02:00,123_STEAM_2,0.0
2030,sc01,10-04 13:00:00+02:00,101_STEAM_3,0.0
2030,sc01,10-04 13:00:00+02:00,113_CT_2,0.0
2030,sc01,10-04 13:00:00+02:00,113_CT_3,0.0
2030,sc01,10-04 13:00:00+02:00,113_CT_4,0.0
2030,sc01,10-04 13:00:00+02:00,121_NUCLEAR_1,0.6360302339137444
2030,sc01,10-04 13:00:00+02:00,102_CT_1,0.0
2030,sc01,10-04 13:00:00+02:00,107_CC_1,0.0
2030,sc01,10-04 13:00:00+02:00,101_STEAM_4,0.0
2030,sc01,10-04 13:00:00+02:00,102_STEAM_3,0.0
2030,sc01,10-04 13:00:00+02:00,123_CT_5,0.0
2030,sc01,10-04 13:00:00+02:00,115_STEAM_1,0.0
2030,sc01,10-04 13:00:00+02:00,115_STEAM_2,0.0
2030,sc01,10-04 13:00:00+02:00,115_STEAM_3,0.0
2030,sc01,10-04 13:00:00+02:00,102_CT_2,0.0
2030,sc01,10-04 13:00:00+02:00,101_CT_1,0.0
2030,sc01,10-04 13:00:00+02:00,123_STEAM_3,0.0
2030,sc01,10-04 13:00:00+02:00,113_CT_1,0.0
2030,sc01,10-04 13:00:00+02:00,118_CC_1,0.0
2030,sc01,10-04 13:00:00+02:00,116_STEAM_1,0.0
2030,sc01,10-04 13:00:00+02:00,102_STEAM_4,0.0
2030,sc01,10-04 13:00:00+02:00,101_CT_2,0.0
2030,sc01,10-04 13:00:00+02:00,123_CT_4,0.0
2030,sc01,10-05 10:00:00+02:00,123_CT_1,0.0
2030,sc01,10-05 10:00:00+02:00,123_STEAM_2,0.0
2030,sc01,10-05 10:00:00+02:00,101_STEAM_3,0.0
2030,sc01,10-05 10:00:00+02:00,113_CT_2,0.0
2030,sc01,10-05 10:00:00+02:00,113_CT_3,0.0
2030,sc01,10-05 10:00:00+02:00,113_CT_4,0.0
2030,sc01,10-05 10:00:00+02:00,121_NUCLEAR_1,0.0
2030,sc01,10-05 10:00:00+02:00,102_CT_1,0.0
2030,sc01,10-05 10:00:00+02:00,107_CC_1,0.0
2030,sc01,10-05 10:00:00+02:00,101_STEAM_4,0.0
2030,sc01,10-05 10:00:00+02:00,102_STEAM_3,0.0
2030,sc01,10-05 10:00:00+02:00,123_CT_5,0.0
2030,sc01,10-05 10:00:00+02:00,115_STEAM_1,0.0
2030,sc01,10-05 10:00:00+02:00,115_STEAM_2,0.0
2030,sc01,10-05 10:00:00+02:00,115_STEAM_3,0.0
2030,sc01,10-05 10:00:00+02:00,102_CT_2,0.0
2030,sc01,10-05 10:00:00+02:00,101_CT_1,0.0
2030,sc01,10-05 10:00:00+02:00,123_STEAM_3,0.0
2030,sc01,10-05 10:00:00+02:00,113_CT_1,0.0
2030,sc01,10-05 10:00:00+02:00,118_CC_1,0.0
2030,sc01,10-05 10:00:00+02:00,116_STEAM_1,0.0
2030,sc01,10-05 10:00:00+02:00,102_STEAM_4,0.0
2030,sc01,10-05 10:00:00+02:00,101_CT_2,0.0
2030,sc01,10-05 10:00:00+02:00,123_CT_4,0.0
2030,sc01,10-05 14:00:00+02:00,123_CT_1,0.0
2030,sc01,10-05 14:00:00+02:00,123_STEAM_2,0.0
2030,sc01,10-05 14:00:00+02:00,101_STEAM_3,0.0
2030,sc01,10-05 14:00:00+02:00,113_CT_2,0.0
2030,sc01,10-05 14:00:00+02:00,113_CT_3,0.0
2030,sc01,10-05 14:00:00+02:00,113_CT_4,0.0
2030,sc01,10-05 14:00:00+02:00,121_NUCLEAR_1,0.0
2030,sc01,10-05 14:00:00+02:00,102_CT_1,0.0
2030,sc01,10-05 14:00:00+02:00,107_CC_1,0.0
2030,sc01,10-05 14:00:00+02:00,101_STEAM_4,0.0
2030,sc01,10-05 14:00:00+02:00,102_STEAM_3,0.0
2030,sc01,10-05 14:00:00+02:00,123_CT_5,0.0
2030,sc01,10-05 14:00:00+02:00,115_STEAM_1,0.0
2030,sc01,10-05 14:00:00+02:00,115_STEAM_2,0.0
2030,sc01,10-05 14:00:00+02:00,115_STEAM_3,0.0
2030,sc01,10-05 14:00:00+02:00,102_CT_2,0.0
2030,sc01,10-05 14:00:00+02:00,101_CT_1,0.0
2030,sc01,10-05 14:00:00+02:00,123_STEAM_3,0.0
2030,sc01,10-05 14:00:00+02:00,113_CT_1,0.0
2030,sc01,10-05 14:00:00+02:00,118_CC_1,0.0
2030,sc01,10-05 14:00:00+02:00,116_STEAM_1,0.0
2030,sc01,10-05 14:00:00+02:00,102_STEAM_4,0.0
2030,sc01,10-05 14:00:00+02:00,101_CT_2,0.0
2030,sc01,10-05 14:00:00+02:00,123_CT_4,0.0
2030,sc01,10-08 21:00:00+02:00,123_CT_1,0.0
2030,sc01,10-08 21:00:00+02:00,123_STEAM_2,0.0
2030,sc01,10-08 21:00:00+02:00,101_STEAM_3,0.0
2030,sc01,10-08 21:00:00+02:00,113_CT_2,0.0
2030,sc01,10-08 21:00:00+02:00,113_CT_3,0.0
2030,sc01,10-08 21:00:00+02:00,113_CT_4,0.0
2030,sc01,10-08 21:00:00+02:00,121_NUCLEAR_1,0.0
2030,sc01,10-08 21:00:00+02:00,102_CT_1,0.0
2030,sc01,10-08 21:00:00+02:00,107_CC_1,0.0
2030,sc01,10-08 21:00:00+02:00,101_STEAM_4,0.0
2030,sc01,10-08 21:00:00+02:00,102_STEAM_3,0.0
2030,sc01,10-08 21:00:00+02:00,123_CT_5,0.0
2030,sc01,10-08 21:00:00+02:00,115_STEAM_1,0.0
2030,sc01,10-08 21:00:00+02:00,115_STEAM_2,0.0
2030,sc01,10-08 21:00:00+02:00,115_STEAM_3,0.0
2030,sc01,10-08 21:00:00+02:00,102_CT_2,0.0
2030,sc01,10-08 21:00:00+02:00,101_CT_1,0.0
2030,sc01,10-08 21:00:00+02:00,123_STEAM_3,0.0
2030,sc01,10-08 21:00:00+02:00,113_CT_1,0.0
2030,sc01,10-08 21:00:00+02:00,118_CC_1,0.0
2030,sc01,10-08 21:00:00+02:00,116_STEAM_1,0.0
2030,sc01,10-08 21:00:00+02:00,102_STEAM_4,0.0
2030,sc01,10-08 21:00:00+02:00,101_CT_2,0.0
2030,sc01,10-08 21:00:00+02:00,123_CT_4,0.0
2030,sc01,10-10 08:00:00+02:00,123_CT_1,0.0
2030,sc01,10-10 08:00:00+02:00,123_STEAM_2,0.0
2030,sc01,10-10 08:00:00+02:00,101_STEAM_3,0.0
2030,sc01,10-10 08:00:00+02:00,113_CT_2,0.0
2030,sc01,10-10 08:00:00+02:00,113_CT_3,0.0
2030,sc01,10-10 08:00:00+02:00,113_CT_4,0.0
2030,sc01,10-10 08:00:00+02:00,121_NUCLEAR_1,1.0
2030,sc01,10-10 08:00:00+02:00,102_CT_1,0.0
2030,sc01,10-10 08:00:00+02:00,107_CC_1,1.0
2030,sc01,10-10 08:00:00+02:00,101_STEAM_4,0.0
2030,sc01,10-10 08:00:00+02:00,102_STEAM_3,0.0
2030,sc01,10-10 08:00:00+02:00,123_CT_5,0.0
2030,sc01,10-10 08:00:00+02:00,115_STEAM_1,0.0
2030,sc01,10-10 08:00:00+02:00,115_STEAM_2,0.0
2030,sc01,10-10 08:00:00+02:00,115_STEAM_3,1.0
2030,sc01,10-10 08:00:00+02:00,102_CT_2,0.0
2030,sc01,10-10 08:00:00+02:00,101_CT_1,0.0
2030,sc01,10-10 08:00:00+02:00,123_STEAM_3,0.0
2030,sc01,10-10 08:00:00+02:00,113_CT_1,0.0
2030,sc01,10-10 08:00:00+02:00,118_CC_1,0.0
2030,sc01,10-10 08:00:00+02:00,116_STEAM_1,0.0
2030,sc01,10-10 08:00:00+02:00,102_STEAM_4,0.0
2030,sc01,10-10 08:00:00+02:00,101_CT_2,0.0
2030,sc01,10-10 08:00:00+02:00,123_CT_4,0.0
2030,sc01,10-11 19:00:00+02:00,123_CT_1,0.0
2030,sc01,10-11 19:00:00+02:00,123_STEAM_2,0.0
2030,sc01,10-11 19:00:00+02:00,101_STEAM_3,0.0
2030,sc01,10-11 19:00:00+02:00,113_CT_2,0.0
2030,sc01,10-11 19:00:00+02:00,113_CT_3,0.0
2030,sc01,10-11 19:00:00+02:00,113_CT_4,0.0
2030,sc01,10-11 19:00:00+02:00,121_NUCLEAR_1,0.014588943755775574
2030,sc01,10-11 19:00:00+02:00,102_CT_1,0.0
2030,sc01,10-11 19:00:00+02:00,107_CC_1,0.0
2030,sc01,10-11 19:00:00+02:00,101_STEAM_4,0.0
2030,sc01,10-11 19:00:00+02:00,102_STEAM_3,0.0
2030,sc01,10-11 19:00:00+02:00,123_CT_5,0.0
2030,sc01,10-11 19:00:00+02:00,115_STEAM_1,0.0
2030,sc01,10-11 19:00:00+02:00,115_STEAM_2,0.0
2030,sc01,10-11 19:00:00+02:00,115_STEAM_3,0.0
2030,sc01,10-11 19:00:00+02:00,102_CT_2,0.0
2030,sc01,10-11 19:00:00+02:00,101_CT_1,0.0
2030,sc01,10-11 19:00:00+02:00,123_STEAM_3,0.0
2030,sc01,10-11 19:00:00+02:00,113_CT_1,0.0
2030,sc01,10-11 19:00:00+02:00,118_CC_1,0.0
2030,sc01,10-11 19:00:00+02:00,116_STEAM_1,0.0
2030,sc01,10-11 19:00:00+02:00,102_STEAM_4,0.0
2030,sc01,10-11 19:00:00+02:00,101_CT_2,0.0
2030,sc01,10-11 19:00:00+02:00,123_CT_4,0.0
2030,sc01,10-18 06:00:00+02:00,123_CT_1,0.0
2030,sc01,10-18 06:00:00+02:00,123_STEAM_2,0.0
2030,sc01,10-18 06:00:00+02:00,101_STEAM_3,0.0
2030,sc01,10-18 06:00:00+02:00,113_CT_2,0.0
2030,sc01,10-18 06:00:00+02:00,113_CT_3,0.0
2030,sc01,10-18 06:00:00+02:00,113_CT_4,0.0
2030,sc01,10-18 06:00:00+02:00,121_NUCLEAR_1,0.0
2030,sc01,10-18 06:00:00+02:00,102_CT_1,0.0
2030,sc01,10-18 06:00:00+02:00,107_CC_1,0.0
2030,sc01,10-18 06:00:00+02:00,101_STEAM_4,0.0
2030,sc01,10-18 06:00:00+02:00,102_STEAM_3,0.0
2030,sc01,10-18 06:00:00+02:00,123_CT_5,0.0
2030,sc01,10-18 06:00:00+02:00,115_STEAM_1,0.0
2030,sc01,10-18 06:00:00+02:00,115_STEAM_2,0.0
2030,sc01,10-18 06:00:00+02:00,115_STEAM_3,0.0
2030,sc01,10-18 06:00:00+02:00,102_CT_2,0.0
2030,sc01,10-18 06:00:00+02:00,101_CT_1,0.0
2030,sc01,10-18 06:00:00+02:00,123_STEAM_3,0.0
2030,sc01,10-18 06:00:00+02:00,113_CT_1,0.0
2030,sc01,10-18 06:00:00+02:00,118_CC_1,0.0
2030,sc01,10-18 06:00:00+02:00,116_STEAM_1,0.0
2030,sc01,10-18 06:00:00+02:00,102_STEAM_4,0.0
2030,sc01,10-18 06:00:00+02:00,101_CT_2,0.0
2030,sc01,10-18 06:00:00+02:00,123_CT_4,0.0
2030,sc01,10-30 07:00:00+01:00,123_CT_1,0.0
2030,sc01,10-30 07:00:00+01:00,123_STEAM_2,1.0
2030,sc01,10-30 07:00:00+01:00,101_STEAM_3,0.0
2030,sc01,10-30 07:00:00+01:00,113_CT_2,0.0
2030,sc01,10-30 07:00:00+01:00,113_CT_3,0.0
2030,sc01,10-30 07:00:00+01:00,113_CT_4,0.0
2030,sc01,10-30 07:00:00+01:00,121_NUCLEAR_1,1.0
2030,sc01,10-30 07:00:00+01:00,102_CT_1,0.0
2030,sc01,10-30 07:00:00+01:00,107_CC_1,1.0
2030,sc01,10-30 07:00:00+01:00,101_STEAM_4,0.0
2030,sc01,10-30 07:00:00+01:00,102_STEAM_3,0.0
2030,sc01,10-30 07:00:00+01:00,123_CT_5,0.0
2030,sc01,10-30 07:00:00+01:00,115_STEAM_1,0.0
2030,sc01,10-30 07:00:00+01:00,115_STEAM_2,0.0
2030,sc01,10-30 07:00:00+01:00,115_STEAM_3,1.0
2030,sc01,10-30 07:00:00+01:00,102_CT_2,0.0
2030,sc01,10-30 07:00:00+01:00,101_CT_1,0.0
2030,sc01,10-30 07:00:00+01:00,123_STEAM_3,0.0
2030,sc01,10-30 07:00:00+01:00,113_CT_1,0.0
2030,sc01,10-30 07:00:00+01:00,118_CC_1,1.0
2030,sc01,10-30 07:00:00+01:00,116_STEAM_1,1.0
2030,sc01,10-30 07:00:00+01:00,102_STEAM_4,0.0
2030,sc01,10-30 07:00:00+01:00,101_CT_2,0.0
2030,sc01,10-30 07:00:00+01:00,123_CT_4,0.0
2030,sc01,11-03 16:00:00+01:00,123_CT_1,0.0
2030,sc01,11-03 16:00:00+01:00,123_STEAM_2,0.0
2030,sc01,11-03 16:00:00+01:00,101_STEAM_3,0.0
2030,sc01,11-03 16:00:00+01:00,113_CT_2,0.0
2030,sc01,11-03 16:00:00+01:00,113_CT_3,0.0
2030,sc01,11-03 16:00:00+01:00,113_CT_4,0.0
2030,sc01,11-03 16:00:00+01:00,121_NUCLEAR_1,0.0
2030,sc01,11-03 16:00:00+01:00,102_CT_1,0.0
2030,sc01,11-03 16:00:00+01:00,107_CC_1,0.0
2030,sc01,11-03 16:00:00+01:00,101_STEAM_4,0.0
2030,sc01,11-03 16:00:00+01:00,102_STEAM_3,0.0
2030,sc01,11-03 16:00:00+01:00,123_CT_5,0.0
2030,sc01,11-03 16:00:00+01:00,115_STEAM_1,0.0
2030,sc01,11-03 16:00:00+01:00,115_STEAM_2,0.0
2030,sc01,11-03 16:00:00+01:00,115_STEAM_3,0.0
2030,sc01,11-03 16:00:00+01:00,102_CT_2,0.0
2030,sc01,11-03 16:00:00+01:00,101_CT_1,0.0
2030,sc01,11-03 16:00:00+01:00,123_STEAM_3,1.0
2030,sc01,11-03 16:00:00+01:00,113_CT_1,0.0
2030,sc01,11-03 16:00:00+01:00,118_CC_1,0.0
2030,sc01,11-03 16:00:00+01:00,116_STEAM_1,0.0
2030,sc01,11-03 16:00:00+01:00,102_STEAM_4,0.0
2030,sc01,11-03 16:00:00+01:00,101_CT_2,0.0
2030,sc01,11-03 16:00:00+01:00,123_CT_4,0.0
2030,sc01,11-04 10:00:00+01:00,123_CT_1,0.0
2030,sc01,11-04 10:00:00+01:00,123_STEAM_2,0.0
2030,sc01,11-04 10:00:00+01:00,101_STEAM_3,0.0
2030,sc01,11-04 10:00:00+01:00,113_CT_2,0.0
2030,sc01,11-04 10:00:00+01:00,113_CT_3,0.0
2030,sc01,11-04 10:00:00+01:00,113_CT_4,0.0
2030,sc01,11-04 10:00:00+01:00,121_NUCLEAR_1,0.42355224622570775
2030,sc01,11-04 10:00:00+01:00,102_CT_1,0.0
2030,sc01,11-04 10:00:00+01:00,107_CC_1,0.0
2030,sc01,11-04 10:00:00+01:00,101_STEAM_4,0.0
2030,sc01,11-04 10:00:00+01:00,102_STEAM_3,0.0
2030,sc01,11-04 10:00:00+01:00,123_CT_5,0.0
2030,sc01,11-04 10:00:00+01:00,115_STEAM_1,0.0
2030,sc01,11-04 10:00:00+01:00,115_STEAM_2,0.0
2030,sc01,11-04 10:00:00+01:00,115_STEAM_3,1.0
2030,sc01,11-04 10:00:00+01:00,102_CT_2,0.0
2030,sc01,11-04 10:00:00+01:00,101_CT_1,0.0
2030,sc01,11-04 10:00:00+01:00,123_STEAM_3,0.0
2030,sc01,11-04 10:00:00+01:00,113_CT_1,0.0
2030,sc01,11-04 10:00:00+01:00,118_CC_1,0.0
2030,sc01,11-04 10:00:00+01:00,116_STEAM_1,0.0
2030,sc01,11-04 10:00:00+01:00,102_STEAM_4,0.0
2030,sc01,11-04 10:00:00+01:00,101_CT_2,0.0
2030,sc01,11-04 10:00:00+01:00,123_CT_4,0.0
2030,sc01,11-06 09:00:00+01:00,123_CT_1,0.0
2030,sc01,11-06 09:00:00+01:00,123_STEAM_2,0.0
2030,sc01,11-06 09:00:00+01:00,101_STEAM_3,0.0
2030,sc01,11-06 09:00:00+01:00,113_CT_2,0.0
2030,sc01,11-06 09:00:00+01:00,113_CT_3,0.0
2030,sc01,11-06 09:00:00+01:00,113_CT_4,0.0
2030,sc01,11-06 09:00:00+01:00,121_NUCLEAR_1,1.0
2030,sc01,11-06 09:00:00+01:00,102_CT_1,0.0
2030,sc01,11-06 09:00:00+01:00,107_CC_1,0.0
2030,sc01,11-06 09:00:00+01:00,101_STEAM_4,0.0
2030,sc01,11-06 09:00:00+01:00,102_STEAM_3,0.0
2030,sc01,11-06 09:00:00+01:00,123_CT_5,0.0
2030,sc01,11-06 09:00:00+01:00,115_STEAM_1,0.0
2030,sc01,11-06 09:00:00+01:00,115_STEAM_2,0.0
2030,sc01,11-06 09:00:00+01:00,115_STEAM_3,0.0
2030,sc01,11-06 09:00:00+01:00,102_CT_2,0.0
2030,sc01,11-06 09:00:00+01:00,101_CT_1,0.0
2030,sc01,11-06 09:00:00+01:00,123_STEAM_3,1.0
2030,sc01,11-06 09:00:00+01:00,113_CT_1,0.0
2030,sc01,11-06 09:00:00+01:00,118_CC_1,1.0
2030,sc01,11-06 09:00:00+01:00,116_STEAM_1,1.0
2030,sc01,11-06 09:00:00+01:00,102_STEAM_4,0.0
2030,sc01,11-06 09:00:00+01:00,101_CT_2,0.0
2030,sc01,11-06 09:00:00+01:00,123_CT_4,0.0
2030,sc01,11-06 16:00:00+01:00,123_CT_1,0.0
2030,sc01,11-06 16:00:00+01:00,123_STEAM_2,1.0
2030,sc01,11-06 16:00:00+01:00,101_STEAM_3,0.0
2030,sc01,11-06 16:00:00+01:00,113_CT_2,0.0
2030,sc01,11-06 16:00:00+01:00,113_CT_3,0.0
2030,sc01,11-06 16:00:00+01:00,113_CT_4,0.0
2030,sc01,11-06 16:00:00+01:00,121_NUCLEAR_1,0.0
2030,sc01,11-06 16:00:00+01:00,102_CT_1,0.0
2030,sc01,11-06 16:00:00+01:00,107_CC_1,0.0
2030,sc01,11-06 16:00:00+01:00,101_STEAM_4,0.0
2030,sc01,11-06 16:00:00+01:00,102_STEAM_3,0.0
2030,sc01,11-06 16:00:00+01:00,123_CT_5,0.0
2030,sc01,11-06 16:00:00+01:00,115_STEAM_1,0.0
2030,sc01,11-06 16:00:00+01:00,115_STEAM_2,0.0
2030,sc01,11-06 16:00:00+01:00,115_STEAM_3,0.0
2030,sc01,11-06 16:00:00+01:00,102_CT_2,0.0
2030,sc01,11-06 16:00:00+01:00,101_CT_1,0.0
2030,sc01,11-06 16:00:00+01:00,123_STEAM_3,0.0
2030,sc01,11-06 16:00:00+01:00,113_CT_1,0.0
2030,sc01,11-06 16:00:00+01:00,118_CC_1,0.0
2030,sc01,11-06 16:00:00+01:00,116_STEAM_1,0.0
2030,sc01,11-06 16:00:00+01:00,102_STEAM_4,0.0
2030,sc01,11-06 16:00:00+01:00,101_CT_2,0.0
2030,sc01,11-06 16:00:00+01:00,123_CT_4,0.0
2030,sc01,11-17 23:00:00+01:00,123_CT_1,0.0
2030,sc01,11-17 23:00:00+01:00,123_STEAM_2,0.0
2030,sc01,11-17 23:00:00+01:00,101_STEAM_3,0.0
2030,sc01,11-17 23:00:00+01:00,113_CT_2,0.0
2030,sc01,11-17 23:00:00+01:00,113_CT_3,0.0
2030,sc01,11-17 23:00:00+01:00,113_CT_4,0.0
2030,sc01,11-17 23:00:00+01:00,121_NUCLEAR_1,0.0
2030,sc01,11-17 23:00:00+01:00,102_CT_1,0.0
2030,sc01,11-17 23:00:00+01:00,107_CC_1,0.0
2030,sc01,11-17 23:00:00+01:00,101_STEAM_4,0.0
2030,sc01,11-17 23:00:00+01:00,102_STEAM_3,0.0
2030,sc01,11-17 23:00:00+01:00,123_CT_5,0.0
2030,sc01,11-17 23:00:00+01:00,115_STEAM_1,0.0
2030,sc01,11-17 23:00:00+01:00,115_STEAM_2,0.0
2030,sc01,11-17 23:00:00+01:00,115_STEAM_3,0.0
2030,sc01,11-17 23:00:00+01:00,102_CT_2,0.0
2030,sc01,11-17 23:00:00+01:00,101_CT_1,0.0
2030,sc01,11-17 23:00:00+01:00,123_STEAM_3,0.0
2030,sc01,11-17 23:00:00+01:00,113_CT_1,0.0
2030,sc01,11-17 23:00:00+01:00,118_CC_1,0.0
2030,sc01,11-17 23:00:00+01:00,116_STEAM_1,0.0
2030,sc01,11-17 23:00:00+01:00,102_STEAM_4,0.0
2030,sc01,11-17 23:00:00+01:00,101_CT_2,0.0
2030,sc01,11-17 23:00:00+01:00,123_CT_4,0.0
2030,sc01,11-18 09:00:00+01:00,123_CT_1,0.0
2030,sc01,11-18 09:00:00+01:00,123_STEAM_2,0.0
2030,sc01,11-18 09:00:00+01:00,101_STEAM_3,1.0
2030,sc01,11-18 09:00:00+01:00,113_CT_2,0.0
2030,sc01,11-18 09:00:00+01:00,113_CT_3,0.0
2030,sc01,11-18 09:00:00+01:00,113_CT_4,0.0
2030,sc01,11-18 09:00:00+01:00,121_NUCLEAR_1,1.0
2030,sc01,11-18 09:00:00+01:00,102_CT_1,0.0
2030,sc01,11-18 09:00:00+01:00,107_CC_1,1.0
2030,sc01,11-18 09:00:00+01:00,101_STEAM_4,1.0
2030,sc01,11-18 09:00:00+01:00,102_STEAM_3,0.0
2030,sc01,11-18 09:00:00+01:00,123_CT_5,0.0
2030,sc01,11-18 09:00:00+01:00,115_STEAM_1,0.0
2030,sc01,11-18 09:00:00+01:00,115_STEAM_2,0.0
2030,sc01,11-18 09:00:00+01:00,115_STEAM_3,1.0
2030,sc01,11-18 09:00:00+01:00,102_CT_2,0.0
2030,sc01,11-18 09:00:00+01:00,101_CT_1,0.0
2030,sc01,11-18 09:00:00+01:00,123_STEAM_3,0.0
2030,sc01,11-18 09:00:00+01:00,113_CT_1,0.0
2030,sc01,11-18 09:00:00+01:00,118_CC_1,1.0
2030,sc01,11-18 09:00:00+01:00,116_STEAM_1,0.0
2030,sc01,11-18 09:00:00+01:00,102_STEAM_4,0.0
2030,sc01,11-18 09:00:00+01:00,101_CT_2,0.0
2030,sc01,11-18 09:00:00+01:00,123_CT_4,0.0
2030,sc01,11-19 16:00:00+01:00,123_CT_1,0.0
2030,sc01,11-19 16:00:00+01:00,123_STEAM_2,0.0
2030,sc01,11-19 16:00:00+01:00,101_STEAM_3,0.0
2030,sc01,11-19 16:00:00+01:00,113_CT_2,0.0
2030,sc01,11-19 16:00:00+01:00,113_CT_3,0.0
2030,sc01,11-19 16:00:00+01:00,113_CT_4,0.0
2030,sc01,11-19 16:00:00+01:00,121_NUCLEAR_1,0.0
2030,sc01,11-19 16:00:00+01:00,102_CT_1,0.0
2030,sc01,11-19 16:00:00+01:00,107_CC_1,0.0
2030,sc01,11-19 16:00:00+01:00,101_STEAM_4,0.0
2030,sc01,11-19 16:00:00+01:00,102_STEAM_3,0.0
2030,sc01,11-19 16:00:00+01:00,123_CT_5,0.0
2030,sc01,11-19 16:00:00+01:00,115_STEAM_1,0.0
2030,sc01,11-19 16:00:00+01:00,115_STEAM_2,0.0
2030,sc01,11-19 16:00:00+01:00,115_STEAM_3,0.0
2030,sc01,11-19 16:00:00+01:00,102_CT_2,0.0
2030,sc01,11-19 16:00:00+01:00,101_CT_1,0.0
2030,sc01,11-19 16:00:00+01:00,123_STEAM_3,0.0
2030,sc01,11-19 16:00:00+01:00,113_CT_1,0.0
2030,sc01,11-19 16:00:00+01:00,118_CC_1,0.8443248879524523
2030,sc01,11-19 16:00:00+01:00,116_STEAM_1,0.0
2030,sc01,11-19 16:00:00+01:00,102_STEAM_4,0.0
2030,sc01,11-19 16:00:00+01:00,101_CT_2,0.0
2030,sc01,11-19 16:00:00+01:00,123_CT_4,0.0
2030,sc01,11-25 00:00:00+01:00,123_CT_1,0.0
2030,sc01,11-25 00:00:00+01:00,123_STEAM_2,0.0
2030,sc01,11-25 00:00:00+01:00,101_STEAM_3,0.0
2030,sc01,11-25 00:00:00+01:00,113_CT_2,0.0
2030,sc01,11-25 00:00:00+01:00,113_CT_3,0.0
2030,sc01,11-25 00:00:00+01:00,113_CT_4,0.0
2030,sc01,11-25 00:00:00+01:00,121_NUCLEAR_1,0.0
2030,sc01,11-25 00:00:00+01:00,102_CT_1,0.0
2030,sc01,11-25 00:00:00+01:00,107_CC_1,0.0
2030,sc01,11-25 00:00:00+01:00,101_STEAM_4,0.0
2030,sc01,11-25 00:00:00+01:00,102_STEAM_3,0.0
2030,sc01,11-25 00:00:00+01:00,123_CT_5,0.0
2030,sc01,11-25 00:00:00+01:00,115_STEAM_1,0.0
2030,sc01,11-25 00:00:00+01:00,115_STEAM_2,0.0
2030,sc01,11-25 00:00:00+01:00,115_STEAM_3,0.0
2030,sc01,11-25 00:00:00+01:00,102_CT_2,0.0
2030,sc01,11-25 00:00:00+01:00,101_CT_1,0.0
2030,sc01,11-25 00:00:00+01:00,123_STEAM_3,0.0
2030,sc01,11-25 00:00:00+01:00,113_CT_1,0.0
2030,sc01,11-25 00:00:00+01:00,118_CC_1,0.0
2030,sc01,11-25 00:00:00+01:00,116_STEAM_1,0.0
2030,sc01,11-25 00:00:00+01:00,102_STEAM_4,0.0
2030,sc01,11-25 00:00:00+01:00,101_CT_2,0.0
2030,sc01,11-25 00:00:00+01:00,123_CT_4,0.0
2030,sc01,11-27 03:00:00+01:00,123_CT_1,0.0
2030,sc01,11-27 03:00:00+01:00,123_STEAM_2,0.0
2030,sc01,11-27 03:00:00+01:00,101_STEAM_3,0.0
2030,sc01,11-27 03:00:00+01:00,113_CT_2,0.0
2030,sc01,11-27 03:00:00+01:00,113_CT_3,0.0
2030,sc01,11-27 03:00:00+01:00,113_CT_4,0.0
2030,sc01,11-27 03:00:00+01:00,121_NUCLEAR_1,0.0
2030,sc01,11-27 03:00:00+01:00,102_CT_1,0.0
2030,sc01,11-27 03:00:00+01:00,107_CC_1,0.0
2030,sc01,11-27 03:00:00+01:00,101_STEAM_4,0.0
2030,sc01,11-27 03:00:00+01:00,102_STEAM_3,0.0
2030,sc01,11-27 03:00:00+01:00,123_CT_5,0.0
2030,sc01,11-27 03:00:00+01:00,115_STEAM_1,0.0
2030,sc01,11-27 03:00:00+01:00,115_STEAM_2,0.0
2030,sc01,11-27 03:00:00+01:00,115_STEAM_3,0.0
2030,sc01,11-27 03:00:00+01:00,102_CT_2,0.0
2030,sc01,11-27 03:00:00+01:00,101_CT_1,0.0
2030,sc01,11-27 03:00:00+01:00,123_STEAM_3,0.0
2030,sc01,11-27 03:00:00+01:00,113_CT_1,0.0
2030,sc01,11-27 03:00:00+01:00,118_CC_1,0.0
2030,sc01,11-27 03:00:00+01:00,116_STEAM_1,0.0
2030,sc01,11-27 03:00:00+01:00,102_STEAM_4,0.0
2030,sc01,11-27 03:00:00+01:00,101_CT_2,0.0
2030,sc01,11-27 03:00:00+01:00,123_CT_4,0.0
2030,sc01,11-29 16:00:00+01:00,123_CT_1,0.0
2030,sc01,11-29 16:00:00+01:00,123_STEAM_2,0.0
2030,sc01,11-29 16:00:00+01:00,101_STEAM_3,1.0
2030,sc01,11-29 16:00:00+01:00,113_CT_2,0.0
2030,sc01,11-29 16:00:00+01:00,113_CT_3,0.0
2030,sc01,11-29 16:00:00+01:00,113_CT_4,0.0
2030,sc01,11-29 16:00:00+01:00,121_NUCLEAR_1,1.0
2030,sc01,11-29 16:00:00+01:00,102_CT_1,0.0
2030,sc01,11-29 16:00:00+01:00,107_CC_1,1.0
2030,sc01,11-29 16:00:00+01:00,101_STEAM_4,1.0
2030,sc01,11-29 16:00:00+01:00,102_STEAM_3,0.0
2030,sc01,11-29 16:00:00+01:00,123_CT_5,0.0
2030,sc01,11-29 16:00:00+01:00,115_STEAM_1,0.0
2030,sc01,11-29 16:00:00+01:00,115_STEAM_2,0.0
2030,sc01,11-29 16:00:00+01:00,115_STEAM_3,1.0
2030,sc01,11-29 16:00:00+01:00,102_CT_2,0.0
2030,sc01,11-29 16:00:00+01:00,101_CT_1,0.0
2030,sc01,11-29 16:00:00+01:00,123_STEAM_3,0.0
2030,sc01,11-29 16:00:00+01:00,113_CT_1,0.0
2030,sc01,11-29 16:00:00+01:00,118_CC_1,1.0
2030,sc01,11-29 16:00:00+01:00,116_STEAM_1,0.0
2030,sc01,11-29 16:00:00+01:00,102_STEAM_4,0.0
2030,sc01,11-29 16:00:00+01:00,101_CT_2,0.0
2030,sc01,11-29 16:00:00+01:00,123_CT_4,0.0
2030,sc01,11-30 03:00:00+01:00,123_CT_1,0.0
2030,sc01,11-30 03:00:00+01:00,123_STEAM_2,0.0
2030,sc01,11-30 03:00:00+01:00,101_STEAM_3,0.0
2030,sc01,11-30 03:00:00+01:00,113_CT_2,0.0
2030,sc01,11-30 03:00:00+01:00,113_CT_3,0.0
2030,sc01,11-30 03:00:00+01:00,113_CT_4,0.0
2030,sc01,11-30 03:00:00+01:00,121_NUCLEAR_1,0.0
2030,sc01,11-30 03:00:00+01:00,102_CT_1,0.0
2030,sc01,11-30 03:00:00+01:00,107_CC_1,0.0
2030,sc01,11-30 03:00:00+01:00,101_STEAM_4,0.0
2030,sc01,11-30 03:00:00+01:00,102_STEAM_3,0.0
2030,sc01,11-30 03:00:00+01:00,123_CT_5,0.0
2030,sc01,11-30 03:00:00+01:00,115_STEAM_1,0.0
2030,sc01,11-30 03:00:00+01:00,115_STEAM_2,0.0
2030,sc01,11-30 03:00:00+01:00,115_STEAM_3,0.0
2030,sc01,11-30 03:00:00+01:00,102_CT_2,0.0
2030,sc01,11-30 03:00:00+01:00,101_CT_1,0.0
2030,sc01,11-30 03:00:00+01:00,123_STEAM_3,0.0
2030,sc01,11-30 03:00:00+01:00,113_CT_1,0.0
2030,sc01,11-30 03:00:00+01:00,118_CC_1,0.0
2030,sc01,11-30 03:00:00+01:00,116_STEAM_1,0.0
2030,sc01,11-30 03:00:00+01:00,102_STEAM_4,0.0
2030,sc01,11-30 03:00:00+01:00,101_CT_2,0.0
2030,sc01,11-30 03:00:00+01:00,123_CT_4,0.0
2030,sc01,11-30 08:00:00+01:00,123_CT_1,0.0
2030,sc01,11-30 08:00:00+01:00,123_STEAM_2,0.0
2030,sc01,11-30 08:00:00+01:00,101_STEAM_3,0.0
2030,sc01,11-30 08:00:00+01:00,113_CT_2,0.0
2030,sc01,11-30 08:00:00+01:00,113_CT_3,0.0
2030,sc01,11-30 08:00:00+01:00,113_CT_4,0.0
2030,sc01,11-30 08:00:00+01:00,121_NUCLEAR_1,1.0
2030,sc01,11-30 08:00:00+01:00,102_CT_1,0.0
2030,sc01,11-30 08:00:00+01:00,107_CC_1,1.0
2030,sc01,11-30 08:00:00+01:00,101_STEAM_4,0.0
2030,sc01,11-30 08:00:00+01:00,102_STEAM_3,0.0
2030,sc01,11-30 08:00:00+01:00,123_CT_5,0.0
2030,sc01,11-30 08:00:00+01:00,115_STEAM_1,0.0
2030,sc01,11-30 08:00:00+01:00,115_STEAM_2,0.0
2030,sc01,11-30 08:00:00+01:00,115_STEAM_3,1.0
2030,sc01,11-30 08:00:00+01:00,102_CT_2,0.0
2030,sc01,11-30 08:00:00+01:00,101_CT_1,0.0
2030,sc01,11-30 08:00:00+01:00,123_STEAM_3,0.0
2030,sc01,11-30 08:00:00+01:00,113_CT_1,0.0
2030,sc01,11-30 08:00:00+01:00,118_CC_1,1.0
2030,sc01,11-30 08:00:00+01:00,116_STEAM_1,0.0
2030,sc01,11-30 08:00:00+01:00,102_STEAM_4,0.0
2030,sc01,11-30 08:00:00+01:00,101_CT_2,0.0
2030,sc01,11-30 08:00:00+01:00,123_CT_4,0.0
2030,sc01,12-10 20:00:00+01:00,123_CT_1,0.0
2030,sc01,12-10 20:00:00+01:00,123_STEAM_2,0.0
2030,sc01,12-10 20:00:00+01:00,101_STEAM_3,0.0
2030,sc01,12-10 20:00:00+01:00,113_CT_2,0.0
2030,sc01,12-10 20:00:00+01:00,113_CT_3,0.0
2030,sc01,12-10 20:00:00+01:00,113_CT_4,0.0
2030,sc01,12-10 20:00:00+01:00,121_NUCLEAR_1,0.0
2030,sc01,12-10 20:00:00+01:00,102_CT_1,0.0
2030,sc01,12-10 20:00:00+01:00,107_CC_1,0.0
2030,sc01,12-10 20:00:00+01:00,101_STEAM_4,0.0
2030,sc01,12-10 20:00:00+01:00,102_STEAM_3,0.0
2030,sc01,12-10 20:00:00+01:00,123_CT_5,0.0
2030,sc01,12-10 20:00:00+01:00,115_STEAM_1,0.0
2030,sc01,12-10 20:00:00+01:00,115_STEAM_2,0.0
2030,sc01,12-10 20:00:00+01:00,115_STEAM_3,0.0
2030,sc01,12-10 20:00:00+01:00,102_CT_2,0.0
2030,sc01,12-10 20:00:00+01:00,101_CT_1,0.0
2030,sc01,12-10 20:00:00+01:00,123_STEAM_3,0.0
2030,sc01,12-10 20:00:00+01:00,113_CT_1,0.0
2030,sc01,12-10 20:00:00+01:00,118_CC_1,0.0
2030,sc01,12-10 20:00:00+01:00,116_STEAM_1,0.0
2030,sc01,12-10 20:00:00+01:00,102_STEAM_4,0.0
2030,sc01,12-10 20:00:00+01:00,101_CT_2,0.0
2030,sc01,12-10 20:00:00+01:00,123_CT_4,0.0
2030,sc01,12-13 14:00:00+01:00,123_CT_1,0.0
2030,sc01,12-13 14:00:00+01:00,123_STEAM_2,0.0
2030,sc01,12-13 14:00:00+01:00,101_STEAM_3,1.0
2030,sc01,12-13 14:00:00+01:00,113_CT_2,0.0
2030,sc01,12-13 14:00:00+01:00,113_CT_3,0.0
2030,sc01,12-13 14:00:00+01:00,113_CT_4,0.0
2030,sc01,12-13 14:00:00+01:00,121_NUCLEAR_1,1.0
2030,sc01,12-13 14:00:00+01:00,102_CT_1,0.0
2030,sc01,12-13 14:00:00+01:00,107_CC_1,1.0
2030,sc01,12-13 14:00:00+01:00,101_STEAM_4,0.1950616482411575
2030,sc01,12-13 14:00:00+01:00,102_STEAM_3,0.0
2030,sc01,12-13 14:00:00+01:00,123_CT_5,0.0
2030,sc01,12-13 14:00:00+01:00,115_STEAM_1,0.0
2030,sc01,12-13 14:00:00+01:00,115_STEAM_2,0.0
2030,sc01,12-13 14:00:00+01:00,115_STEAM_3,1.0
2030,sc01,12-13 14:00:00+01:00,102_CT_2,0.0
2030,sc01,12-13 14:00:00+01:00,101_CT_1,0.0
2030,sc01,12-13 14:00:00+01:00,123_STEAM_3,0.0
2030,sc01,12-13 14:00:00+01:00,113_CT_1,0.0
2030,sc01,12-13 14:00:00+01:00,118_CC_1,1.0
2030,sc01,12-13 14:00:00+01:00,116_STEAM_1,0.0
2030,sc01,12-13 14:00:00+01:00,102_STEAM_4,0.0
2030,sc01,12-13 14:00:00+01:00,101_CT_2,0.0
2030,sc01,12-13 14:00:00+01:00,123_CT_4,0.0
2030,sc01,12-29 13:00:00+01:00,123_CT_1,0.0
2030,sc01,12-29 13:00:00+01:00,123_STEAM_2,0.0
2030,sc01,12-29 13:00:00+01:00,101_STEAM_3,0.0
2030,sc01,12-29 13:00:00+01:00,113_CT_2,0.0
2030,sc01,12-29 13:00:00+01:00,113_CT_3,0.0
2030,sc01,12-29 13:00:00+01:00,113_CT_4,0.0
2030,sc01,12-29 13:00:00+01:00,121_NUCLEAR_1,0.0
2030,sc01,12-29 13:00:00+01:00,102_CT_1,0.0
2030,sc01,12-29 13:00:00+01:00,107_CC_1,0.0
2030,sc01,12-29 13:00:00+01:00,101_STEAM_4,0.8049383517588425
2030,sc01,12-29 13:00:00+01:00,102_STEAM_3,0.0
2030,sc01,12-29 13:00:00+01:00,123_CT_5,0.0
2030,sc01,12-29 13:00:00+01:00,115_STEAM_1,0.0
2030,sc01,12-29 13:00:00+01:00,115_STEAM_2,0.0
2030,sc01,12-29 13:00:00+01:00,115_STEAM_3,0.0
2030,sc01,12-29 13:00:00+01:00,102_CT_2,0.0
2030,sc01,12-29 13:00:00+01:00,101_CT_1,0.0
2030,sc01,12-29 13:00:00+01:00,123_STEAM_3,0.0
2030,sc01,12-29 13:00:00+01:00,113_CT_1,0.0
2030,sc01,12-29 13:00:00+01:00,118_CC_1,0.9943931423460871
2030,sc01,12-29 13:00:00+01:00,116_STEAM_1,0.0
2030,sc01,12-29 13:00:00+01:00,102_STEAM_4,0.0
2030,sc01,12-29 13:00:00+01:00,101_CT_2,0.0
2030,sc01,12-29 13:00:00+01:00,123_CT_4,0.0
